source_queue,product_id,product_name,spec_id,model_name,suggested_qty,bucket,shopee_image,old_url,old_offer_id,old_sku_id,old_health,candidate_status,candidate_offer_url,candidate_offer_id,candidate_sku_name,candidate_sku_id,candidate_spec,confidence,reason,method,alt_offer_id,search_query,checked_at,planC_note
P1_no_url,19651077286,隔日到貨🔥 iPhone 17 16 15 充電線 Type-C 充電傳輸線 快充線 android 蘋果ipad 安卓,107515001457,"Type-A(USB) to C,100公分",520,no_url,https://cf.shopee.tw/file/tw-11134207-81zto-memnxq980gld63_tn,,,,,with_candidate,https://detail.1688.com/offer/1011670837892.html,1011670837892,typeC铜包钢 1米,6013349137710,typeC铜包钢 1米&gt;黑色,低,resume全站搜「type-c 充电线」：長度對上,site_search,,type-c 充电线,2026-09-09T03:50:18Z,
P1_no_url,19651077286,隔日到貨🔥 iPhone 17 16 15 充電線 Type-C 充電傳輸線 快充線 android 蘋果ipad 安卓,107515001453,"Type-C to C,100公分",220,no_url,https://cf.shopee.tw/file/tw-11134207-81zth-memnxtdrq7lvf4_tn,,,,,with_candidate,https://detail.1688.com/offer/1011670837892.html,1011670837892,typeC铜包钢 1米,6013349137710,typeC铜包钢 1米&gt;黑色,低,resume全站搜「type-c 充电线」：長度對上,site_search,,type-c 充电线,2026-09-09T03:50:18Z,
P1_no_url,19651077286,隔日到貨🔥 iPhone 17 16 15 充電線 Type-C 充電傳輸線 快充線 android 蘋果ipad 安卓,107515001456,"Type-A(USB) to C,50公分",180,no_url,https://cf.shopee.tw/file/tw-11134207-81zto-memnxq980gld63_tn,,,,,no_candidate,,,,,,,resume 全站搜「type-c 充电线」有結果但 SKU／款名對不上,site_search,,type-c 充电线,2026-09-09T03:50:18Z,
P1_no_url,19651077286,隔日到貨🔥 iPhone 17 16 15 充電線 Type-C 充電傳輸線 快充線 android 蘋果ipad 安卓,107515001458,"Type-A(USB) to C,200公分",170,no_url,https://cf.shopee.tw/file/tw-11134207-81zto-memnxq980gld63_tn,,,,,no_candidate,,,,,,,resume 全站搜「type-c 充电线」有結果但 SKU／款名對不上,site_search,,type-c 充电线,2026-09-09T03:50:18Z,
P1_no_url,22561129943,隔日到貨🔥 iPhone 17 16 15 充電線 USB3.1 Type-C 支援carplay 快充線 傳輸線 安卓,255033522182,USB to C 100公分,150,no_url,https://cf.shopee.tw/file/tw-11134207-7r98r-lr7hnoikj5xua8_tn,,,,,with_candidate,https://detail.1688.com/offer/1079521848519.html,1079521848519,typeC铜包钢 1米,6132936600782,typeC铜包钢 1米&gt;黑色,低,resume全站搜「type-c 数据线 usb」：長度對上,site_search,,type-c 数据线 usb,2026-09-09T03:51:26Z,
P1_no_url,19651077286,隔日到貨🔥 iPhone 17 16 15 充電線 Type-C 充電傳輸線 快充線 android 蘋果ipad 安卓,107515001452,"Type-C to C,50公分",140,no_url,https://cf.shopee.tw/file/tw-11134207-81zth-memnxtdrq7lvf4_tn,,,,,no_candidate,,,,,,,resume 全站搜「type-c 充电线」有結果但 SKU／款名對不上,site_search,,type-c 充电线,2026-09-09T03:50:18Z,
P1_no_url,22561129943,隔日到貨🔥 iPhone 17 16 15 充電線 USB3.1 Type-C 支援carplay 快充線 傳輸線 安卓,255033522181,USB to C 50公分,120,no_url,https://cf.shopee.tw/file/tw-11134207-7r98r-lr7hnoik3poy39_tn,,,,,with_candidate,https://detail.1688.com/offer/1079521848519.html,1079521848519,【Type-C 国标铜2A】0.5m,6132936600769,【Type-C 国标铜2A】0.5m&gt;白色,低,resume全站搜「type-c 数据线 usb」：長度對上,site_search,,type-c 数据线 usb,2026-09-09T03:51:26Z,
P1_no_url,24077547688,隔日到貨🔥 冰絲無痕波浪安全褲 睡褲 平口褲 打底褲 寬鬆防走光不捲邊 內搭褲 短褲 內褲 夏日冰感舒適,137909849518,黑色,80,no_url,https://deo.shopeemobile.com/shopee/shopee-seller-live-sg/mmf_portal_seller_root_dir/static/modules/product-list/image/default-item-model-image.2601159.png,,,,,blocked_captcha,,,,,,,blocked_captcha 卡在 https://s.1688.com//selloffer/offer_search.htm/_____tmd_____/punish?x5secdata=xfC7TB66An8jlPhVB5lrVHzO5xNYUIFv7k__P49OuOV3FkEsSBaa0O8n39oH6aULS_hIambjqi1mAYx9nOjPNTdZ1PFKRaDmXZXlZ33ec41FWJIduzDKdiV4k9pkDtFbcwsFSTZ5XmG1z5IiWork0ehHZvfME9iY0FD26jg2Q3AGtmjye0zeP1umUuHfbXa_eiQ_zPnRkRyfNi6RRV0K0bMxwsphiTEXgKGjZqVvptD4iKJvXuqXvJyOIhs0Ia9zU7zBezCeXui5FqL2LXVGa8se3JEAmGZ5bNWFaTfW9oeU_61d3Pn3YPjeXKvJePKsPvd5kxpyFLafne3b7-2nLPHrmxkQ1iRmAfXA2D8NOmWEnEjHbjbWZWEPYlajqetk5LarvD7qCpYeryCD5ZScMkFaXfW5LyMtvbBZjE81KcVaS5in8bcwunIt_nwbcDWN6fv-IC9QbBx6aDm2NzO3jeC9BPpGZ57_QEyOgzbviV-9Uf_2J3dq0VoNfhjq5YMJNj1Nt2pivRs-mNOw7Hwx-5ELcDFshNMcEa7LJuSWNP5ZK_BXvmQsT2EypYxVuY8uaqCne-6XEhcdNTyhxgL0ARFGx7zp_gHeks2Wa9CfKRcMf1xpBmMQCLUcZxW9RxggbZBjPVhpWN_-T9JBw-_XtgFZFsluf0ggrmD84nIctcJAJgo49qRSeugrq9YRn10jIT1loMP9Q5jmnHj2Beul13Oev16yzeB36oig0cfqAM29zhuGT82LnHrdB5xdGuraU3wgF-3Go4qkQKkh43Wu3urAOcEZxTG7gl0P0M7WAMDhdEZD0qakLJ_m3yk-rK70Qvl4ZRtNotslfUlQdV41v4yOUnXJpvI4dfqKLAk5MnIeUhqxzp_N65KTZQw02NODemOaxqMtXEE3jk3NicGTfEBg__bx__s.1688.com%2fselloffer%2foffer_search.htm&x5step=1 關鍵字「」,site_search,,,2026-09-09T04:04:45Z,
P1_no_url,18344672033,隔日到貨🔥 iPhone 充電線 14 13 12 11 Lightning 蘋果充電線 Type-C 充電線 快充線,182258650413,"Type-C to Lightning,100公分",70,no_url,https://cf.shopee.tw/file/tw-11134207-7r98q-lmebypyiywexd3_tn,,,,,blocked_captcha,,,,,,,blocked_captcha 卡在 https://s.1688.com//selloffer/offer_search.htm/_____tmd_____/punish?x5secdata=xfC7TB66An8jlPhVB5lrVHzO5xNYUIFv7k__P49OuOV3FkEsSBaa0O8n39oH6aULS_hIambjqi1mAYx9nOjPNTdZ1PFKRaDmXZXlZ33ec41FWJIduzDKdiV4k9pkDtFbcwsFSTZ5XmG1z5IiWork0ehHZvfME9iY0FD26jg2Q3AGtmjye0zeP1umUuHfbXa_eiQ_zPnRkRyfNi6RRV0K0bMxwsphiTEXgKGjZqVvptD4iKJvXuqXvJyOIhs0Ia9zU7zBezCeXui5FqL2LXVGa8se3JEAmGZ5bNWFaTfW9oeU_61d3Pn3YPjeXKvJePKsPvd5kxpyFLafne3b7-2nLPHrmxkQ1iRmAfXA2D8NOmWEnEjHbjbWZWEPYlajqetk5LarvD7qCpYeryCD5ZScMkFaXfW5LyMtvbBZjE81KcVaS5in8bcwunIt_nwbcDWN6fv-IC9QbBx6aDm2NzO3jeC9BPpGZ57_QEyOgzbviV-9Uf_2J3dq0VoNfhjq5YMJNj1Nt2pivRs-mNOw7Hwx-5ELcDFshNMcEa7LJuSWNP5ZK_BXvmQsT2EypYxVuY8uaqCne-6XEhcdNTyhxgL0ARFGx7zp_gHeks2Wa9CfKRcMf1xpBmMQCLUcZxW9RxggbZBjPVhpWN_-T9JBw-_XtgFZFsluf0ggrmD84nIctcJAJgo49qRSeugrq9YRn10jIT1loMP9Q5jmnHj2Beul13Oev16yzeB36oig0cfqAM29zhuGT82LnHrdB5xdGuraU3wgF-3Go4qkQKkh43Wu3urAOcEZxTG7gl0P0M7WAMDhdEZD0qakLJ_m3yk-rK70Qvl4ZRtNotslfUlQdV41v4yOUnXJpvI4dfqKLAk5MnIeUhqxzp_N65KTZQw02NODemOaxqMtXEE3jk3NicGTfEBg__bx__s.1688.com%2fselloffer%2foffer_search.htm&x5step=1 關鍵字「」,site_search,,,2026-09-09T04:04:45Z,
P1_no_url,25592099386,隔日到貨🔥 日系字母素色內褲 女生無痕內褲 舒適內褲 冰絲 內褲 冰絲涼感 緊身 運動 女內褲 無痕內褲 暑假,188265663712,"黑色,L",70,no_url,https://cf.shopee.tw/file/tw-11134207-7rbk6-m6v3zf99w7hg00_tn,,,,,no_candidate,,,,,,,resume 全站搜「日系字母素色内裤女生无痕内裤舒适内裤冰丝内裤冰丝凉感紧身运动女内裤无痕内」有結果但 SKU／款名對不上,site_search,,日系字母素色内裤女生无痕内裤舒适内裤冰丝内裤冰丝凉感紧身运动女内裤无痕内,2026-09-09T03:52:57Z,
P1_no_url,25592099386,隔日到貨🔥 日系字母素色內褲 女生無痕內褲 舒適內褲 冰絲 內褲 冰絲涼感 緊身 運動 女內褲 無痕內褲 暑假,188265663719,"灰色,XL",70,no_url,https://cf.shopee.tw/file/tw-11134207-7rbkd-m6v3zrcm5q9rf5_tn,,,,,no_candidate,,,,,,,resume 全站搜「日系字母素色内裤女生无痕内裤舒适内裤冰丝内裤冰丝凉感紧身运动女内裤无痕内」有結果但 SKU／款名對不上,site_search,,日系字母素色内裤女生无痕内裤舒适内裤冰丝内裤冰丝凉感紧身运动女内裤无痕内,2026-09-09T03:52:57Z,
P1_no_url,22561129943,隔日到貨🔥 iPhone 17 16 15 充電線 USB3.1 Type-C 支援carplay 快充線 傳輸線 安卓,255033522183,USB to C 200公分,50,no_url,https://cf.shopee.tw/file/tw-11134207-7r990-lr7hnoj42ww828_tn,,,,,with_candidate,https://detail.1688.com/offer/1079521848519.html,1079521848519,【Type-C 国标铜2A】0.2m,6132936600792,【Type-C 国标铜2A】0.2m&gt;黑色,低,resume全站搜「type-c 数据线 usb」：長度對上,site_search,,type-c 数据线 usb,2026-09-09T03:51:26Z,
P1_no_url,19651077286,隔日到貨🔥 iPhone 17 16 15 充電線 Type-C 充電傳輸線 快充線 android 蘋果ipad 安卓,107515001454,"Type-C to C,200公分",50,no_url,https://cf.shopee.tw/file/tw-11134207-81zth-memnxtdrq7lvf4_tn,,,,,no_candidate,,,,,,,resume 全站搜「type-c 充电线」有結果但 SKU／款名對不上,site_search,,type-c 充电线,2026-09-09T03:50:18Z,
P1_no_url,25252473631,隔日到貨🔥 格紋小方包 化妝包 B20 收納包 便攜 洗漱包 包包 日韓 少女 小包,204787948796,藍格子,50,no_url,https://cf.shopee.tw/file/tw-11134207-7r991-los5q3fbqe4840_tn,,,,,no_candidate,,,,,,,格紋小方包藍格子：全站搜尋被 captcha 擋；golden 也沒有格子化妝包活頁。開到的小方包是素色皮／徽章包，不是藍綠黃格子。,planC_reuse,,格纹小方包 化妆包 格子／蓝格子,2026-09-09T02:51:57Z,planC_no_candidate
P1_no_url,25592099386,隔日到貨🔥 日系字母素色內褲 女生無痕內褲 舒適內褲 冰絲 內褲 冰絲涼感 緊身 運動 女內褲 無痕內褲 暑假,188265663724,"條紋,L",50,no_url,https://cf.shopee.tw/file/tw-11134207-7rbk1-m6v3ztqco9j30a_tn,,,,,no_candidate,,,,,,,resume 全站搜「日系字母素色内裤女生无痕内裤舒适内裤冰丝内裤冰丝凉感紧身运动女内裤无痕内」有結果但 SKU／款名對不上,site_search,,日系字母素色内裤女生无痕内裤舒适内裤冰丝内裤冰丝凉感紧身运动女内裤无痕内,2026-09-09T03:52:57Z,
P1_no_url,25592099386,隔日到貨🔥 日系字母素色內褲 女生無痕內褲 舒適內褲 冰絲 內褲 冰絲涼感 緊身 運動 女內褲 無痕內褲 暑假,188265663713,"黑色,XL",50,no_url,https://cf.shopee.tw/file/tw-11134207-7rbk6-m6v3zf99w7hg00_tn,,,,,no_candidate,,,,,,,resume 全站搜「日系字母素色内裤女生无痕内裤舒适内裤冰丝内裤冰丝凉感紧身运动女内裤无痕内」有結果但 SKU／款名對不上,site_search,,日系字母素色内裤女生无痕内裤舒适内裤冰丝内裤冰丝凉感紧身运动女内裤无痕内,2026-09-09T03:52:57Z,
P1_no_url,22561129943,隔日到貨🔥 iPhone 17 16 15 充電線 USB3.1 Type-C 支援carplay 快充線 傳輸線 安卓,185418702042,Type-C to C 100公分,40,no_url,https://cf.shopee.tw/file/tw-11134207-7rasa-m0lg0i0kip5ff8_tn,,,,,with_candidate,https://detail.1688.com/offer/1079521848519.html,1079521848519,typeC铜包钢 1米,6132936600782,typeC铜包钢 1米&gt;黑色,低,resume全站搜「type-c 数据线 usb」：長度對上,site_search,,type-c 数据线 usb,2026-09-09T03:51:26Z,
P1_no_url,18344672033,隔日到貨🔥 iPhone 充電線 14 13 12 11 Lightning 蘋果充電線 Type-C 充電線 快充線,182258650416,"Type-A to Lightning,50公分",40,no_url,https://cf.shopee.tw/file/tw-11134207-7r98s-lmebua1p0qe1c4_tn,,,,,blocked_captcha,,,,,,,blocked_captcha 卡在 https://s.1688.com//selloffer/offer_search.htm/_____tmd_____/punish?x5secdata=xfC7TB66An8jlPhVB5lrVHzO5xNYUIFv7k__P49OuOV3FkEsSBaa0O8n39oH6aULS_hIambjqi1mAYx9nOjPNTdZ1PFKRaDmXZXlZ33ec41FWJIduzDKdiV4k9pkDtFbcwsFSTZ5XmG1z5IiWork0ehHZvfME9iY0FD26jg2Q3AGtmjye0zeP1umUuHfbXa_eiQ_zPnRkRyfNi6RRV0K0bMxwsphiTEXgKGjZqVvptD4iKJvXuqXvJyOIhs0Ia9zU7zBezCeXui5FqL2LXVGa8se3JEAmGZ5bNWFaTfW9oeU_61d3Pn3YPjeXKvJePKsPvd5kxpyFLafne3b7-2nLPHrmxkQ1iRmAfXA2D8NOmWEnEjHbjbWZWEPYlajqetk5LarvD7qCpYeryCD5ZScMkFaXfW5LyMtvbBZjE81KcVaS5in8bcwunIt_nwbcDWN6fv-IC9QbBx6aDm2NzO3jeC9BPpGZ57_QEyOgzbviV-9Uf_2J3dq0VoNfhjq5YMJNj1Nt2pivRs-mNOw7Hwx-5ELcDFshNMcEa7LJuSWNP5ZK_BXvmQsT2EypYxVuY8uaqCne-6XEhcdNTyhxgL0ARFGx7zp_gHeks2Wa9CfKRcMf1xpBmMQCLUcZxW9RxggbZBjPVhpWN_-T9JBw-_XtgFZFsluf0ggrmD84nIctcJAJgo49qRSeugrq9YRn10jIT1loMP9Q5jmnHj2Beul13Oev16yzeB36oig0cfqAM29zhuGT82LnHrdB5xdGuraU3wgF-3Go4qkQKkh43Wu3urAOcEZxTG7gl0P0M7WAMDhdEZD0qakLJ_m3yk-rK70Qvl4ZRtNotslfUlQdV41v4yOUnXJpvI4dfqKLAk5MnIeUhqxzp_N65KTZQw02NODemOaxqMtXEE3jk3NicGTfEBg__bx__s.1688.com%2fselloffer%2foffer_search.htm&x5step=1 關鍵字「」,site_search,,,2026-09-09T04:04:45Z,
P1_no_url,18344672033,隔日到貨🔥 iPhone 充電線 14 13 12 11 Lightning 蘋果充電線 Type-C 充電線 快充線,182258650418,"Type-A to Lightning,200公分",40,no_url,https://cf.shopee.tw/file/tw-11134207-7r98s-lmebua1p0qe1c4_tn,,,,,blocked_captcha,,,,,,,blocked_captcha 卡在 https://s.1688.com//selloffer/offer_search.htm/_____tmd_____/punish?x5secdata=xfC7TB66An8jlPhVB5lrVHzO5xNYUIFv7k__P49OuOV3FkEsSBaa0O8n39oH6aULS_hIambjqi1mAYx9nOjPNTdZ1PFKRaDmXZXlZ33ec41FWJIduzDKdiV4k9pkDtFbcwsFSTZ5XmG1z5IiWork0ehHZvfME9iY0FD26jg2Q3AGtmjye0zeP1umUuHfbXa_eiQ_zPnRkRyfNi6RRV0K0bMxwsphiTEXgKGjZqVvptD4iKJvXuqXvJyOIhs0Ia9zU7zBezCeXui5FqL2LXVGa8se3JEAmGZ5bNWFaTfW9oeU_61d3Pn3YPjeXKvJePKsPvd5kxpyFLafne3b7-2nLPHrmxkQ1iRmAfXA2D8NOmWEnEjHbjbWZWEPYlajqetk5LarvD7qCpYeryCD5ZScMkFaXfW5LyMtvbBZjE81KcVaS5in8bcwunIt_nwbcDWN6fv-IC9QbBx6aDm2NzO3jeC9BPpGZ57_QEyOgzbviV-9Uf_2J3dq0VoNfhjq5YMJNj1Nt2pivRs-mNOw7Hwx-5ELcDFshNMcEa7LJuSWNP5ZK_BXvmQsT2EypYxVuY8uaqCne-6XEhcdNTyhxgL0ARFGx7zp_gHeks2Wa9CfKRcMf1xpBmMQCLUcZxW9RxggbZBjPVhpWN_-T9JBw-_XtgFZFsluf0ggrmD84nIctcJAJgo49qRSeugrq9YRn10jIT1loMP9Q5jmnHj2Beul13Oev16yzeB36oig0cfqAM29zhuGT82LnHrdB5xdGuraU3wgF-3Go4qkQKkh43Wu3urAOcEZxTG7gl0P0M7WAMDhdEZD0qakLJ_m3yk-rK70Qvl4ZRtNotslfUlQdV41v4yOUnXJpvI4dfqKLAk5MnIeUhqxzp_N65KTZQw02NODemOaxqMtXEE3jk3NicGTfEBg__bx__s.1688.com%2fselloffer%2foffer_search.htm&x5step=1 關鍵字「」,site_search,,,2026-09-09T04:04:45Z,
P1_no_url,24077547688,隔日到貨🔥 冰絲無痕波浪安全褲 睡褲 平口褲 打底褲 寬鬆防走光不捲邊 內搭褲 短褲 內褲 夏日冰感舒適,137909849519,白色,40,no_url,https://deo.shopeemobile.com/shopee/shopee-seller-live-sg/mmf_portal_seller_root_dir/static/modules/product-list/image/default-item-model-image.2601159.png,,,,,blocked_captcha,,,,,,,blocked_captcha 卡在 https://s.1688.com//selloffer/offer_search.htm/_____tmd_____/punish?x5secdata=xfC7TB66An8jlPhVB5lrVHzO5xNYUIFv7k__P49OuOV3FkEsSBaa0O8n39oH6aULS_hIambjqi1mAYx9nOjPNTdZ1PFKRaDmXZXlZ33ec41FWJIduzDKdiV4k9pkDtFbcwsFSTZ5XmG1z5IiWork0ehHZvfME9iY0FD26jg2Q3AGtmjye0zeP1umUuHfbXa_eiQ_zPnRkRyfNi6RRV0K0bMxwsphiTEXgKGjZqVvptD4iKJvXuqXvJyOIhs0Ia9zU7zBezCeXui5FqL2LXVGa8se3JEAmGZ5bNWFaTfW9oeU_61d3Pn3YPjeXKvJePKsPvd5kxpyFLafne3b7-2nLPHrmxkQ1iRmAfXA2D8NOmWEnEjHbjbWZWEPYlajqetk5LarvD7qCpYeryCD5ZScMkFaXfW5LyMtvbBZjE81KcVaS5in8bcwunIt_nwbcDWN6fv-IC9QbBx6aDm2NzO3jeC9BPpGZ57_QEyOgzbviV-9Uf_2J3dq0VoNfhjq5YMJNj1Nt2pivRs-mNOw7Hwx-5ELcDFshNMcEa7LJuSWNP5ZK_BXvmQsT2EypYxVuY8uaqCne-6XEhcdNTyhxgL0ARFGx7zp_gHeks2Wa9CfKRcMf1xpBmMQCLUcZxW9RxggbZBjPVhpWN_-T9JBw-_XtgFZFsluf0ggrmD84nIctcJAJgo49qRSeugrq9YRn10jIT1loMP9Q5jmnHj2Beul13Oev16yzeB36oig0cfqAM29zhuGT82LnHrdB5xdGuraU3wgF-3Go4qkQKkh43Wu3urAOcEZxTG7gl0P0M7WAMDhdEZD0qakLJ_m3yk-rK70Qvl4ZRtNotslfUlQdV41v4yOUnXJpvI4dfqKLAk5MnIeUhqxzp_N65KTZQw02NODemOaxqMtXEE3jk3NicGTfEBg__bx__s.1688.com%2fselloffer%2foffer_search.htm&x5step=1 關鍵字「」,site_search,,,2026-09-09T04:04:45Z,
P1_no_url,25592099386,隔日到貨🔥 日系字母素色內褲 女生無痕內褲 舒適內褲 冰絲 內褲 冰絲涼感 緊身 運動 女內褲 無痕內褲 暑假,188265663714,"白色,M",40,no_url,https://cf.shopee.tw/file/tw-11134207-7rbk9-m6v3zq65vuuc92_tn,,,,,no_candidate,,,,,,,resume 全站搜「日系字母素色内裤女生无痕内裤舒适内裤冰丝内裤冰丝凉感紧身运动女内裤无痕内」有結果但 SKU／款名對不上,site_search,,日系字母素色内裤女生无痕内裤舒适内裤冰丝内裤冰丝凉感紧身运动女内裤无痕内,2026-09-09T03:52:57Z,
P1_no_url,9969182845,隔日到貨🔥 iPhone 保護貼 17 16 15 14 13 12 11 螢幕貼 滿版玻璃 螢幕保護 防窺膜 鋼化膜,66383349343,"12 pro max,鋼化膜",40,no_url,https://deo.shopeemobile.com/shopee/shopee-seller-live-sg/mmf_portal_seller_root_dir/static/modules/product-list/image/default-item-model-image.2601159.png,,,,,blocked_captcha,,,,,,,blocked_captcha 卡在 https://s.1688.com//selloffer/offer_search.htm/_____tmd_____/punish?x5secdata=xfC7TB66An8jlPhVB5lrVHzO5xNYUIFv7k__P49OuOV3FkEsSBaa0O8n39oH6aULS_hIambjqi1mAYx9nOjPNTdZ1PFKRaDmXZXlZ33ec41FWJIduzDKdiV4k9pkDtFbcwsFSTZ5XmG1z5IiWork0ehHZvfME9iY0FD26jg2Q3AGtmjye0zeP1umUuHfbXa_eiQ_zPnRkRyfNi6RRV0K0bMxwsphiTEXgKGjZqVvptD4iKJvXuqXvJyOIhs0Ia9zU7zBezCeXui5FqL2LXVGa8se3JEAmGZ5bNWFaTfW9oeU_61d3Pn3YPjeXKvJePKsPvd5kxpyFLafne3b7-2nLPHrmxkQ1iRmAfXA2D8NOmWEnEjHbjbWZWEPYlajqetk5LarvD7qCpYeryCD5ZScMkFaXfW5LyMtvbBZjE81KcVaS5in8bcwunIt_nwbcDWN6fv-IC9QbBx6aDm2NzO3jeC9BPpGZ57_QEyOgzbviV-9Uf_2J3dq0VoNfhjq5YMJNj1Nt2pivRs-mNOw7Hwx-5ELcDFshNMcEa7LJuSWNP5ZK_BXvmQsT2EypYxVuY8uaqCne-6XEhcdNTyhxgL0ARFGx7zp_gHeks2Wa9CfKRcMf1xpBmMQCLUcZxW9RxggbZBjPVhpWN_-T9JBw-_XtgFZFsluf0ggrmD84nIctcJAJgo49qRSeugrq9YRn10jIT1loMP9Q5jmnHj2Beul13Oev16yzeB36oig0cfqAM29zhuGT82LnHrdB5xdGuraU3wgF-3Go4qkQKkh43Wu3urAOcEZxTG7gl0P0M7WAMDhdEZD0qakLJ_m3yk-rK70Qvl4ZRtNotslfUlQdV41v4yOUnXJpvI4dfqKLAk5MnIeUhqxzp_N65KTZQw02NODemOaxqMtXEE3jk3NicGTfEBg__bx__s.1688.com%2fselloffer%2foffer_search.htm&x5step=1 關鍵字「iphone 钢化膜 防窥膜」,site_search,,iphone 钢化膜 防窥膜,2026-09-09T04:04:45Z,
P1_no_url,25592099386,隔日到貨🔥 日系字母素色內褲 女生無痕內褲 舒適內褲 冰絲 內褲 冰絲涼感 緊身 運動 女內褲 無痕內褲 暑假,188265663717,"灰色,M",30,no_url,https://cf.shopee.tw/file/tw-11134207-7rbkd-m6v3zrcm5q9rf5_tn,,,,,no_candidate,,,,,,,resume 全站搜「日系字母素色内裤女生无痕内裤舒适内裤冰丝内裤冰丝凉感紧身运动女内裤无痕内」有結果但 SKU／款名對不上,site_search,,日系字母素色内裤女生无痕内裤舒适内裤冰丝内裤冰丝凉感紧身运动女内裤无痕内,2026-09-09T03:52:57Z,
P1_no_url,25811193291,隔日到貨🔥 Type-C To Lightning母 蘋果充電線轉接器 可充電 可傳輸 寶利威爾 POLYWELL,250283225791,10W,30,no_url,https://cf.shopee.tw/file/tw-11134207-7r98w-lr0jlyh3m9zcb9_tn,,,,,blocked_captcha,,,,,,,blocked_captcha 卡在 https://s.1688.com//selloffer/offer_search.htm/_____tmd_____/punish?x5secdata=xfC7TB66An8jlPhVB5lrVHzO5xNYUIFv7k__P49OuOV3FkEsSBaa0O8n39oH6aULS_hIambjqi1mAYx9nOjPNTdZ1PFKRaDmXZXlZ33ec41FWJIduzDKdiV4k9pkDtFbcwsFSTZ5XmG1z5IiWork0ehHZvfME9iY0FD26jg2Q3AGtmjye0zeP1umUuHfbXa_eiQ_zPnRkRyfNi6RRV0K0bMxwsphiTEXgKGjZqVvptD4iKJvXuqXvJyOIhs0Ia9zU7zBezCeXui5FqL2LXVGa8se3JEAmGZ5bNWFaTfW9oeU_61d3Pn3YPjeXKvJePKsPvd5kxpyFLafne3b7-2nLPHrmxkQ1iRmAfXA2D8NOmWEnEjHbjbWZWEPYlajqetk5LarvD7qCpYeryCD5ZScMkFaXfW5LyMtvbBZjE81KcVaS5in8bcwunIt_nwbcDWN6fv-IC9QbBx6aDm2NzO3jeC9BPpGZ57_QEyOgzbviV-9Uf_2J3dq0VoNfhjq5YMJNj1Nt2pivRs-mNOw7Hwx-5ELcDFshNMcEa7LJuSWNP5ZK_BXvmQsT2EypYxVuY8uaqCne-6XEhcdNTyhxgL0ARFGx7zp_gHeks2Wa9CfKRcMf1xpBmMQCLUcZxW9RxggbZBjPVhpWN_-T9JBw-_XtgFZFsluf0ggrmD84nIctcJAJgo49qRSeugrq9YRn10jIT1loMP9Q5jmnHj2Beul13Oev16yzeB36oig0cfqAM29zhuGT82LnHrdB5xdGuraU3wgF-3Go4qkQKkh43Wu3urAOcEZxTG7gl0P0M7WAMDhdEZD0qakLJ_m3yk-rK70Qvl4ZRtNotslfUlQdV41v4yOUnXJpvI4dfqKLAk5MnIeUhqxzp_N65KTZQw02NODemOaxqMtXEE3jk3NicGTfEBg__bx__s.1688.com%2fselloffer%2foffer_search.htm&x5step=1 關鍵字「」,site_search,,,2026-09-09T04:04:45Z,
P1_no_url,9969182845,隔日到貨🔥 iPhone 保護貼 17 16 15 14 13 12 11 螢幕貼 滿版玻璃 螢幕保護 防窺膜 鋼化膜,85244634854,"13/13pro/16e,防窺膜",30,no_url,https://deo.shopeemobile.com/shopee/shopee-seller-live-sg/mmf_portal_seller_root_dir/static/modules/product-list/image/default-item-model-image.2601159.png,,,,,blocked_captcha,,,,,,,blocked_captcha 卡在 https://s.1688.com//selloffer/offer_search.htm/_____tmd_____/punish?x5secdata=xfC7TB66An8jlPhVB5lrVHzO5xNYUIFv7k__P49OuOV3FkEsSBaa0O8n39oH6aULS_hIambjqi1mAYx9nOjPNTdZ1PFKRaDmXZXlZ33ec41FWJIduzDKdiV4k9pkDtFbcwsFSTZ5XmG1z5IiWork0ehHZvfME9iY0FD26jg2Q3AGtmjye0zeP1umUuHfbXa_eiQ_zPnRkRyfNi6RRV0K0bMxwsphiTEXgKGjZqVvptD4iKJvXuqXvJyOIhs0Ia9zU7zBezCeXui5FqL2LXVGa8se3JEAmGZ5bNWFaTfW9oeU_61d3Pn3YPjeXKvJePKsPvd5kxpyFLafne3b7-2nLPHrmxkQ1iRmAfXA2D8NOmWEnEjHbjbWZWEPYlajqetk5LarvD7qCpYeryCD5ZScMkFaXfW5LyMtvbBZjE81KcVaS5in8bcwunIt_nwbcDWN6fv-IC9QbBx6aDm2NzO3jeC9BPpGZ57_QEyOgzbviV-9Uf_2J3dq0VoNfhjq5YMJNj1Nt2pivRs-mNOw7Hwx-5ELcDFshNMcEa7LJuSWNP5ZK_BXvmQsT2EypYxVuY8uaqCne-6XEhcdNTyhxgL0ARFGx7zp_gHeks2Wa9CfKRcMf1xpBmMQCLUcZxW9RxggbZBjPVhpWN_-T9JBw-_XtgFZFsluf0ggrmD84nIctcJAJgo49qRSeugrq9YRn10jIT1loMP9Q5jmnHj2Beul13Oev16yzeB36oig0cfqAM29zhuGT82LnHrdB5xdGuraU3wgF-3Go4qkQKkh43Wu3urAOcEZxTG7gl0P0M7WAMDhdEZD0qakLJ_m3yk-rK70Qvl4ZRtNotslfUlQdV41v4yOUnXJpvI4dfqKLAk5MnIeUhqxzp_N65KTZQw02NODemOaxqMtXEE3jk3NicGTfEBg__bx__s.1688.com%2fselloffer%2foffer_search.htm&x5step=1 關鍵字「iphone 钢化膜 防窥膜」,site_search,,iphone 钢化膜 防窥膜,2026-09-09T04:04:45Z,
P1_no_url,25592099386,隔日到貨🔥 日系字母素色內褲 女生無痕內褲 舒適內褲 冰絲 內褲 冰絲涼感 緊身 運動 女內褲 無痕內褲 暑假,188265663725,"條紋,XL",30,no_url,https://cf.shopee.tw/file/tw-11134207-7rbk1-m6v3ztqco9j30a_tn,,,,,no_candidate,,,,,,,resume 全站搜「日系字母素色内裤女生无痕内裤舒适内裤冰丝内裤冰丝凉感紧身运动女内裤无痕内」有結果但 SKU／款名對不上,site_search,,日系字母素色内裤女生无痕内裤舒适内裤冰丝内裤冰丝凉感紧身运动女内裤无痕内,2026-09-09T03:52:57Z,
P1_no_url,25592099386,隔日到貨🔥 日系字母素色內褲 女生無痕內褲 舒適內褲 冰絲 內褲 冰絲涼感 緊身 運動 女內褲 無痕內褲 暑假,188265663718,"灰色,L",30,no_url,https://cf.shopee.tw/file/tw-11134207-7rbkd-m6v3zrcm5q9rf5_tn,,,,,no_candidate,,,,,,,resume 全站搜「日系字母素色内裤女生无痕内裤舒适内裤冰丝内裤冰丝凉感紧身运动女内裤无痕内」有結果但 SKU／款名對不上,site_search,,日系字母素色内裤女生无痕内裤舒适内裤冰丝内裤冰丝凉感紧身运动女内裤无痕内,2026-09-09T03:52:57Z,
P1_no_url,25592099386,隔日到貨🔥 日系字母素色內褲 女生無痕內褲 舒適內褲 冰絲 內褲 冰絲涼感 緊身 運動 女內褲 無痕內褲 暑假,188265663715,"白色,L",30,no_url,https://cf.shopee.tw/file/tw-11134207-7rbk9-m6v3zq65vuuc92_tn,,,,,no_candidate,,,,,,,resume 全站搜「日系字母素色内裤女生无痕内裤舒适内裤冰丝内裤冰丝凉感紧身运动女内裤无痕内」有結果但 SKU／款名對不上,site_search,,日系字母素色内裤女生无痕内裤舒适内裤冰丝内裤冰丝凉感紧身运动女内裤无痕内,2026-09-09T03:52:57Z,
P1_no_url,19651077286,隔日到貨🔥 iPhone 17 16 15 充電線 Type-C 充電傳輸線 快充線 android 蘋果ipad 安卓,107515001455,"Type-A(USB) to C,20公分",20,no_url,https://cf.shopee.tw/file/tw-11134207-81zto-memnxq980gld63_tn,,,,,no_candidate,,,,,,,resume 全站搜「type-c 充电线」有結果但 SKU／款名對不上,site_search,,type-c 充电线,2026-09-09T03:50:18Z,
P1_no_url,22561129943,隔日到貨🔥 iPhone 17 16 15 充電線 USB3.1 Type-C 支援carplay 快充線 傳輸線 安卓,185418702043,Type-C to C 200公分,20,no_url,https://cf.shopee.tw/file/tw-11134207-7rash-m0lg0o37mqcn5b_tn,,,,,with_candidate,https://detail.1688.com/offer/1079521848519.html,1079521848519,【Type-C 国标铜2A】0.2m,6132936600792,【Type-C 国标铜2A】0.2m&gt;黑色,低,resume全站搜「type-c 数据线 usb」：長度對上,site_search,,type-c 数据线 usb,2026-09-09T03:51:26Z,
P1_no_url,22561129943,隔日到貨🔥 iPhone 17 16 15 充電線 USB3.1 Type-C 支援carplay 快充線 傳輸線 安卓,185418702041,Type-C to C 50公分,20,no_url,https://cf.shopee.tw/file/tw-11134207-7rasb-m0lg0i0khakz49_tn,,,,,with_candidate,https://detail.1688.com/offer/1079521848519.html,1079521848519,【Type-C 国标铜2A】0.5m,6132936600769,【Type-C 国标铜2A】0.5m&gt;白色,低,resume全站搜「type-c 数据线 usb」：長度對上,site_search,,type-c 数据线 usb,2026-09-09T03:51:26Z,
P1_no_url,9969182845,隔日到貨🔥 iPhone 保護貼 17 16 15 14 13 12 11 螢幕貼 滿版玻璃 螢幕保護 防窺膜 鋼化膜,66383349340,"12 / 12pro,鋼化膜",20,no_url,https://deo.shopeemobile.com/shopee/shopee-seller-live-sg/mmf_portal_seller_root_dir/static/modules/product-list/image/default-item-model-image.2601159.png,,,,,blocked_captcha,,,,,,,blocked_captcha 卡在 https://s.1688.com//selloffer/offer_search.htm/_____tmd_____/punish?x5secdata=xfC7TB66An8jlPhVB5lrVHzO5xNYUIFv7k__P49OuOV3FkEsSBaa0O8n39oH6aULS_hIambjqi1mAYx9nOjPNTdZ1PFKRaDmXZXlZ33ec41FWJIduzDKdiV4k9pkDtFbcwsFSTZ5XmG1z5IiWork0ehHZvfME9iY0FD26jg2Q3AGtmjye0zeP1umUuHfbXa_eiQ_zPnRkRyfNi6RRV0K0bMxwsphiTEXgKGjZqVvptD4iKJvXuqXvJyOIhs0Ia9zU7zBezCeXui5FqL2LXVGa8se3JEAmGZ5bNWFaTfW9oeU_61d3Pn3YPjeXKvJePKsPvd5kxpyFLafne3b7-2nLPHrmxkQ1iRmAfXA2D8NOmWEnEjHbjbWZWEPYlajqetk5LarvD7qCpYeryCD5ZScMkFaXfW5LyMtvbBZjE81KcVaS5in8bcwunIt_nwbcDWN6fv-IC9QbBx6aDm2NzO3jeC9BPpGZ57_QEyOgzbviV-9Uf_2J3dq0VoNfhjq5YMJNj1Nt2pivRs-mNOw7Hwx-5ELcDFshNMcEa7LJuSWNP5ZK_BXvmQsT2EypYxVuY8uaqCne-6XEhcdNTyhxgL0ARFGx7zp_gHeks2Wa9CfKRcMf1xpBmMQCLUcZxW9RxggbZBjPVhpWN_-T9JBw-_XtgFZFsluf0ggrmD84nIctcJAJgo49qRSeugrq9YRn10jIT1loMP9Q5jmnHj2Beul13Oev16yzeB36oig0cfqAM29zhuGT82LnHrdB5xdGuraU3wgF-3Go4qkQKkh43Wu3urAOcEZxTG7gl0P0M7WAMDhdEZD0qakLJ_m3yk-rK70Qvl4ZRtNotslfUlQdV41v4yOUnXJpvI4dfqKLAk5MnIeUhqxzp_N65KTZQw02NODemOaxqMtXEE3jk3NicGTfEBg__bx__s.1688.com%2fselloffer%2foffer_search.htm&x5step=1 關鍵字「iphone 钢化膜 防窥膜」,site_search,,iphone 钢化膜 防窥膜,2026-09-09T04:04:45Z,
P1_no_url,18644662056,隔日到貨🔥 雙孔快充頭 20W 30W Type-C充電頭 POLYWELL PD 充電器 豆腐頭 蘋果安卓 充電線,164420969842,20W快充頭,20,no_url,https://cf.shopee.tw/file/aa2e94654623ac2891eef3c4b1485cbe_tn,,,,,blocked_captcha,,,,,,,blocked_captcha 卡在 https://s.1688.com//selloffer/offer_search.htm/_____tmd_____/punish?x5secdata=xfC7TB66An8jlPhVB5lrVHzO5xNYUIFv7k__P49OuOV3FkEsSBaa0O8n39oH6aULS_hIambjqi1mAYx9nOjPNTdZ1PFKRaDmXZXlZ33ec41FWJIduzDKdiV4k9pkDtFbcwsFSTZ5XmG1z5IiWork0ehHZvfME9iY0FD26jg2Q3AGtmjye0zeP1umUuHfbXa_eiQ_zPnRkRyfNi6RRV0K0bMxwsphiTEXgKGjZqVvptD4iKJvXuqXvJyOIhs0Ia9zU7zBezCeXui5FqL2LXVGa8se3JEAmGZ5bNWFaTfW9oeU_61d3Pn3YPjeXKvJePKsPvd5kxpyFLafne3b7-2nLPHrmxkQ1iRmAfXA2D8NOmWEnEjHbjbWZWEPYlajqetk5LarvD7qCpYeryCD5ZScMkFaXfW5LyMtvbBZjE81KcVaS5in8bcwunIt_nwbcDWN6fv-IC9QbBx6aDm2NzO3jeC9BPpGZ57_QEyOgzbviV-9Uf_2J3dq0VoNfhjq5YMJNj1Nt2pivRs-mNOw7Hwx-5ELcDFshNMcEa7LJuSWNP5ZK_BXvmQsT2EypYxVuY8uaqCne-6XEhcdNTyhxgL0ARFGx7zp_gHeks2Wa9CfKRcMf1xpBmMQCLUcZxW9RxggbZBjPVhpWN_-T9JBw-_XtgFZFsluf0ggrmD84nIctcJAJgo49qRSeugrq9YRn10jIT1loMP9Q5jmnHj2Beul13Oev16yzeB36oig0cfqAM29zhuGT82LnHrdB5xdGuraU3wgF-3Go4qkQKkh43Wu3urAOcEZxTG7gl0P0M7WAMDhdEZD0qakLJ_m3yk-rK70Qvl4ZRtNotslfUlQdV41v4yOUnXJpvI4dfqKLAk5MnIeUhqxzp_N65KTZQw02NODemOaxqMtXEE3jk3NicGTfEBg__bx__s.1688.com%2fselloffer%2foffer_search.htm&x5step=1 關鍵字「」,site_search,,,2026-09-09T04:04:45Z,
P1_no_url,9969182845,隔日到貨🔥 iPhone 保護貼 17 16 15 14 13 12 11 螢幕貼 滿版玻璃 螢幕保護 防窺膜 鋼化膜,66383349339,"XR/11,防窺膜",20,no_url,https://deo.shopeemobile.com/shopee/shopee-seller-live-sg/mmf_portal_seller_root_dir/static/modules/product-list/image/default-item-model-image.2601159.png,,,,,blocked_captcha,,,,,,,blocked_captcha 卡在 https://s.1688.com//selloffer/offer_search.htm/_____tmd_____/punish?x5secdata=xfC7TB66An8jlPhVB5lrVHzO5xNYUIFv7k__P49OuOV3FkEsSBaa0O8n39oH6aULS_hIambjqi1mAYx9nOjPNTdZ1PFKRaDmXZXlZ33ec41FWJIduzDKdiV4k9pkDtFbcwsFSTZ5XmG1z5IiWork0ehHZvfME9iY0FD26jg2Q3AGtmjye0zeP1umUuHfbXa_eiQ_zPnRkRyfNi6RRV0K0bMxwsphiTEXgKGjZqVvptD4iKJvXuqXvJyOIhs0Ia9zU7zBezCeXui5FqL2LXVGa8se3JEAmGZ5bNWFaTfW9oeU_61d3Pn3YPjeXKvJePKsPvd5kxpyFLafne3b7-2nLPHrmxkQ1iRmAfXA2D8NOmWEnEjHbjbWZWEPYlajqetk5LarvD7qCpYeryCD5ZScMkFaXfW5LyMtvbBZjE81KcVaS5in8bcwunIt_nwbcDWN6fv-IC9QbBx6aDm2NzO3jeC9BPpGZ57_QEyOgzbviV-9Uf_2J3dq0VoNfhjq5YMJNj1Nt2pivRs-mNOw7Hwx-5ELcDFshNMcEa7LJuSWNP5ZK_BXvmQsT2EypYxVuY8uaqCne-6XEhcdNTyhxgL0ARFGx7zp_gHeks2Wa9CfKRcMf1xpBmMQCLUcZxW9RxggbZBjPVhpWN_-T9JBw-_XtgFZFsluf0ggrmD84nIctcJAJgo49qRSeugrq9YRn10jIT1loMP9Q5jmnHj2Beul13Oev16yzeB36oig0cfqAM29zhuGT82LnHrdB5xdGuraU3wgF-3Go4qkQKkh43Wu3urAOcEZxTG7gl0P0M7WAMDhdEZD0qakLJ_m3yk-rK70Qvl4ZRtNotslfUlQdV41v4yOUnXJpvI4dfqKLAk5MnIeUhqxzp_N65KTZQw02NODemOaxqMtXEE3jk3NicGTfEBg__bx__s.1688.com%2fselloffer%2foffer_search.htm&x5step=1 關鍵字「iphone 钢化膜 防窥膜」,site_search,,iphone 钢化膜 防窥膜,2026-09-09T04:04:45Z,
P1_no_url,25252473631,隔日到貨🔥 格紋小方包 化妝包 B20 收納包 便攜 洗漱包 包包 日韓 少女 小包,204787948797,黃格子,20,no_url,https://cf.shopee.tw/file/tw-11134207-7r98u-los5q3err7co68_tn,,,,,no_candidate,,,,,,,同上，沒找到黃格子化妝小方包。,planC_reuse,,格纹小方包 化妆包 黄格子,2026-09-09T02:51:57Z,planC_no_candidate
P1_no_url,9969182845,隔日到貨🔥 iPhone 保護貼 17 16 15 14 13 12 11 螢幕貼 滿版玻璃 螢幕保護 防窺膜 鋼化膜,66383349341,"12 / 12pro,防窺膜",20,no_url,https://deo.shopeemobile.com/shopee/shopee-seller-live-sg/mmf_portal_seller_root_dir/static/modules/product-list/image/default-item-model-image.2601159.png,,,,,blocked_captcha,,,,,,,blocked_captcha 卡在 https://s.1688.com//selloffer/offer_search.htm/_____tmd_____/punish?x5secdata=xfC7TB66An8jlPhVB5lrVHzO5xNYUIFv7k__P49OuOV3FkEsSBaa0O8n39oH6aULS_hIambjqi1mAYx9nOjPNTdZ1PFKRaDmXZXlZ33ec41FWJIduzDKdiV4k9pkDtFbcwsFSTZ5XmG1z5IiWork0ehHZvfME9iY0FD26jg2Q3AGtmjye0zeP1umUuHfbXa_eiQ_zPnRkRyfNi6RRV0K0bMxwsphiTEXgKGjZqVvptD4iKJvXuqXvJyOIhs0Ia9zU7zBezCeXui5FqL2LXVGa8se3JEAmGZ5bNWFaTfW9oeU_61d3Pn3YPjeXKvJePKsPvd5kxpyFLafne3b7-2nLPHrmxkQ1iRmAfXA2D8NOmWEnEjHbjbWZWEPYlajqetk5LarvD7qCpYeryCD5ZScMkFaXfW5LyMtvbBZjE81KcVaS5in8bcwunIt_nwbcDWN6fv-IC9QbBx6aDm2NzO3jeC9BPpGZ57_QEyOgzbviV-9Uf_2J3dq0VoNfhjq5YMJNj1Nt2pivRs-mNOw7Hwx-5ELcDFshNMcEa7LJuSWNP5ZK_BXvmQsT2EypYxVuY8uaqCne-6XEhcdNTyhxgL0ARFGx7zp_gHeks2Wa9CfKRcMf1xpBmMQCLUcZxW9RxggbZBjPVhpWN_-T9JBw-_XtgFZFsluf0ggrmD84nIctcJAJgo49qRSeugrq9YRn10jIT1loMP9Q5jmnHj2Beul13Oev16yzeB36oig0cfqAM29zhuGT82LnHrdB5xdGuraU3wgF-3Go4qkQKkh43Wu3urAOcEZxTG7gl0P0M7WAMDhdEZD0qakLJ_m3yk-rK70Qvl4ZRtNotslfUlQdV41v4yOUnXJpvI4dfqKLAk5MnIeUhqxzp_N65KTZQw02NODemOaxqMtXEE3jk3NicGTfEBg__bx__s.1688.com%2fselloffer%2foffer_search.htm&x5step=1 關鍵字「iphone 钢化膜 防窥膜」,site_search,,iphone 钢化膜 防窥膜,2026-09-09T04:04:45Z,
P1_no_url,25252473631,隔日到貨🔥 格紋小方包 化妝包 B20 收納包 便攜 洗漱包 包包 日韓 少女 小包,204787948798,綠格子,20,no_url,https://cf.shopee.tw/file/tw-11134207-7r98t-los5q3jhkauw85_tn,,,,,no_candidate,,,,,,,同上，沒找到綠格子化妝小方包。,planC_reuse,,格纹小方包 化妆包 绿格子,2026-09-09T02:51:57Z,planC_no_candidate
P1_no_url,25592099386,隔日到貨🔥 日系字母素色內褲 女生無痕內褲 舒適內褲 冰絲 內褲 冰絲涼感 緊身 運動 女內褲 無痕內褲 暑假,188265663723,"條紋,M",20,no_url,https://cf.shopee.tw/file/tw-11134207-7rbk1-m6v3ztqco9j30a_tn,,,,,no_candidate,,,,,,,resume 全站搜「日系字母素色内裤女生无痕内裤舒适内裤冰丝内裤冰丝凉感紧身运动女内裤无痕内」有結果但 SKU／款名對不上,site_search,,日系字母素色内裤女生无痕内裤舒适内裤冰丝内裤冰丝凉感紧身运动女内裤无痕内,2026-09-09T03:52:57Z,
P1_no_url,25592099386,隔日到貨🔥 日系字母素色內褲 女生無痕內褲 舒適內褲 冰絲 內褲 冰絲涼感 緊身 運動 女內褲 無痕內褲 暑假,188265663711,"黑色,M",10,no_url,https://cf.shopee.tw/file/tw-11134207-7rbk6-m6v3zf99w7hg00_tn,,,,,no_candidate,,,,,,,resume 全站搜「日系字母素色内裤女生无痕内裤舒适内裤冰丝内裤冰丝凉感紧身运动女内裤无痕内」有結果但 SKU／款名對不上,site_search,,日系字母素色内裤女生无痕内裤舒适内裤冰丝内裤冰丝凉感紧身运动女内裤无痕内,2026-09-09T03:52:57Z,
P1_no_url,9969182845,隔日到貨🔥 iPhone 保護貼 17 16 15 14 13 12 11 螢幕貼 滿版玻璃 螢幕保護 防窺膜 鋼化膜,166628838839,"16 pro / 17,鋼化膜",10,no_url,https://deo.shopeemobile.com/shopee/shopee-seller-live-sg/mmf_portal_seller_root_dir/static/modules/product-list/image/default-item-model-image.2601159.png,,,,,blocked_captcha,,,,,,,blocked_captcha 卡在 https://s.1688.com//selloffer/offer_search.htm/_____tmd_____/punish?x5secdata=xfC7TB66An8jlPhVB5lrVHzO5xNYUIFv7k__P49OuOV3FkEsSBaa0O8n39oH6aULS_hIambjqi1mAYx9nOjPNTdZ1PFKRaDmXZXlZ33ec41FWJIduzDKdiV4k9pkDtFbcwsFSTZ5XmG1z5IiWork0ehHZvfME9iY0FD26jg2Q3AGtmjye0zeP1umUuHfbXa_eiQ_zPnRkRyfNi6RRV0K0bMxwsphiTEXgKGjZqVvptD4iKJvXuqXvJyOIhs0Ia9zU7zBezCeXui5FqL2LXVGa8se3JEAmGZ5bNWFaTfW9oeU_61d3Pn3YPjeXKvJePKsPvd5kxpyFLafne3b7-2nLPHrmxkQ1iRmAfXA2D8NOmWEnEjHbjbWZWEPYlajqetk5LarvD7qCpYeryCD5ZScMkFaXfW5LyMtvbBZjE81KcVaS5in8bcwunIt_nwbcDWN6fv-IC9QbBx6aDm2NzO3jeC9BPpGZ57_QEyOgzbviV-9Uf_2J3dq0VoNfhjq5YMJNj1Nt2pivRs-mNOw7Hwx-5ELcDFshNMcEa7LJuSWNP5ZK_BXvmQsT2EypYxVuY8uaqCne-6XEhcdNTyhxgL0ARFGx7zp_gHeks2Wa9CfKRcMf1xpBmMQCLUcZxW9RxggbZBjPVhpWN_-T9JBw-_XtgFZFsluf0ggrmD84nIctcJAJgo49qRSeugrq9YRn10jIT1loMP9Q5jmnHj2Beul13Oev16yzeB36oig0cfqAM29zhuGT82LnHrdB5xdGuraU3wgF-3Go4qkQKkh43Wu3urAOcEZxTG7gl0P0M7WAMDhdEZD0qakLJ_m3yk-rK70Qvl4ZRtNotslfUlQdV41v4yOUnXJpvI4dfqKLAk5MnIeUhqxzp_N65KTZQw02NODemOaxqMtXEE3jk3NicGTfEBg__bx__s.1688.com%2fselloffer%2foffer_search.htm&x5step=1 關鍵字「iphone 钢化膜 防窥膜」,site_search,,iphone 钢化膜 防窥膜,2026-09-09T04:04:45Z,
P1_no_url,19651077286,隔日到貨🔥 iPhone 17 16 15 充電線 Type-C 充電傳輸線 快充線 android 蘋果ipad 安卓,107515001459,"Type-C to C,20公分",10,no_url,https://cf.shopee.tw/file/tw-11134207-81zth-memnxtdrq7lvf4_tn,,,,,no_candidate,,,,,,,resume 全站搜「type-c 充电线」有結果但 SKU／款名對不上,site_search,,type-c 充电线,2026-09-09T03:50:18Z,
P1_no_url,18644662056,隔日到貨🔥 雙孔快充頭 20W 30W Type-C充電頭 POLYWELL PD 充電器 豆腐頭 蘋果安卓 充電線,137030286155,30W快充頭,10,no_url,https://cf.shopee.tw/file/sg-11134201-22100-bepk6pao79ivdd_tn,,,,,blocked_captcha,,,,,,,blocked_captcha 卡在 https://s.1688.com//selloffer/offer_search.htm/_____tmd_____/punish?x5secdata=xfC7TB66An8jlPhVB5lrVHzO5xNYUIFv7k__P49OuOV3FkEsSBaa0O8n39oH6aULS_hIambjqi1mAYx9nOjPNTdZ1PFKRaDmXZXlZ33ec41FWJIduzDKdiV4k9pkDtFbcwsFSTZ5XmG1z5IiWork0ehHZvfME9iY0FD26jg2Q3AGtmjye0zeP1umUuHfbXa_eiQ_zPnRkRyfNi6RRV0K0bMxwsphiTEXgKGjZqVvptD4iKJvXuqXvJyOIhs0Ia9zU7zBezCeXui5FqL2LXVGa8se3JEAmGZ5bNWFaTfW9oeU_61d3Pn3YPjeXKvJePKsPvd5kxpyFLafne3b7-2nLPHrmxkQ1iRmAfXA2D8NOmWEnEjHbjbWZWEPYlajqetk5LarvD7qCpYeryCD5ZScMkFaXfW5LyMtvbBZjE81KcVaS5in8bcwunIt_nwbcDWN6fv-IC9QbBx6aDm2NzO3jeC9BPpGZ57_QEyOgzbviV-9Uf_2J3dq0VoNfhjq5YMJNj1Nt2pivRs-mNOw7Hwx-5ELcDFshNMcEa7LJuSWNP5ZK_BXvmQsT2EypYxVuY8uaqCne-6XEhcdNTyhxgL0ARFGx7zp_gHeks2Wa9CfKRcMf1xpBmMQCLUcZxW9RxggbZBjPVhpWN_-T9JBw-_XtgFZFsluf0ggrmD84nIctcJAJgo49qRSeugrq9YRn10jIT1loMP9Q5jmnHj2Beul13Oev16yzeB36oig0cfqAM29zhuGT82LnHrdB5xdGuraU3wgF-3Go4qkQKkh43Wu3urAOcEZxTG7gl0P0M7WAMDhdEZD0qakLJ_m3yk-rK70Qvl4ZRtNotslfUlQdV41v4yOUnXJpvI4dfqKLAk5MnIeUhqxzp_N65KTZQw02NODemOaxqMtXEE3jk3NicGTfEBg__bx__s.1688.com%2fselloffer%2foffer_search.htm&x5step=1 關鍵字「」,site_search,,,2026-09-09T04:04:45Z,
P1_no_url,25592099386,隔日到貨🔥 日系字母素色內褲 女生無痕內褲 舒適內褲 冰絲 內褲 冰絲涼感 緊身 運動 女內褲 無痕內褲 暑假,188265663716,"白色,XL",10,no_url,https://cf.shopee.tw/file/tw-11134207-7rbk9-m6v3zq65vuuc92_tn,,,,,no_candidate,,,,,,,resume 全站搜「日系字母素色内裤女生无痕内裤舒适内裤冰丝内裤冰丝凉感紧身运动女内裤无痕内」有結果但 SKU／款名對不上,site_search,,日系字母素色内裤女生无痕内裤舒适内裤冰丝内裤冰丝凉感紧身运动女内裤无痕内,2026-09-09T03:52:57Z,
P1_no_url,9969182845,隔日到貨🔥 iPhone 保護貼 17 16 15 14 13 12 11 螢幕貼 滿版玻璃 螢幕保護 防窺膜 鋼化膜,66383349348,"XS MAX/11 pro max,鋼化膜",10,no_url,https://deo.shopeemobile.com/shopee/shopee-seller-live-sg/mmf_portal_seller_root_dir/static/modules/product-list/image/default-item-model-image.2601159.png,,,,,blocked_captcha,,,,,,,blocked_captcha 卡在 https://s.1688.com//selloffer/offer_search.htm/_____tmd_____/punish?x5secdata=xfC7TB66An8jlPhVB5lrVHzO5xNYUIFv7k__P49OuOV3FkEsSBaa0O8n39oH6aULS_hIambjqi1mAYx9nOjPNTdZ1PFKRaDmXZXlZ33ec41FWJIduzDKdiV4k9pkDtFbcwsFSTZ5XmG1z5IiWork0ehHZvfME9iY0FD26jg2Q3AGtmjye0zeP1umUuHfbXa_eiQ_zPnRkRyfNi6RRV0K0bMxwsphiTEXgKGjZqVvptD4iKJvXuqXvJyOIhs0Ia9zU7zBezCeXui5FqL2LXVGa8se3JEAmGZ5bNWFaTfW9oeU_61d3Pn3YPjeXKvJePKsPvd5kxpyFLafne3b7-2nLPHrmxkQ1iRmAfXA2D8NOmWEnEjHbjbWZWEPYlajqetk5LarvD7qCpYeryCD5ZScMkFaXfW5LyMtvbBZjE81KcVaS5in8bcwunIt_nwbcDWN6fv-IC9QbBx6aDm2NzO3jeC9BPpGZ57_QEyOgzbviV-9Uf_2J3dq0VoNfhjq5YMJNj1Nt2pivRs-mNOw7Hwx-5ELcDFshNMcEa7LJuSWNP5ZK_BXvmQsT2EypYxVuY8uaqCne-6XEhcdNTyhxgL0ARFGx7zp_gHeks2Wa9CfKRcMf1xpBmMQCLUcZxW9RxggbZBjPVhpWN_-T9JBw-_XtgFZFsluf0ggrmD84nIctcJAJgo49qRSeugrq9YRn10jIT1loMP9Q5jmnHj2Beul13Oev16yzeB36oig0cfqAM29zhuGT82LnHrdB5xdGuraU3wgF-3Go4qkQKkh43Wu3urAOcEZxTG7gl0P0M7WAMDhdEZD0qakLJ_m3yk-rK70Qvl4ZRtNotslfUlQdV41v4yOUnXJpvI4dfqKLAk5MnIeUhqxzp_N65KTZQw02NODemOaxqMtXEE3jk3NicGTfEBg__bx__s.1688.com%2fselloffer%2foffer_search.htm&x5step=1 關鍵字「iphone 钢化膜 防窥膜」,site_search,,iphone 钢化膜 防窥膜,2026-09-09T04:04:45Z,
P1_no_url,23244459752,隔日到貨🔥 韓系 帆布袋 B37 帆布包 單肩包 帆布袋 手提袋 單肩包 提袋 環保袋 購物袋 收納包 簡約文青,167688526088,Oft.Paris,10,no_url,https://cf.shopee.tw/file/tw-11134207-7quky-lhlii7gghxam4c_tn,,,,,no_candidate,,,,,,,Oft.Paris 印花帆布袋：同商品活頁沒這款字樣／圖案。,planC_reuse,,帆布袋 单肩 Oft.Paris,2026-09-09T02:51:57Z,planC_no_candidate
P1_no_url,23244459752,隔日到貨🔥 韓系 帆布袋 B37 帆布包 單肩包 帆布袋 手提袋 單肩包 提袋 環保袋 購物袋 收納包 簡約文青,167688526091,彩虹梨包,10,no_url,https://cf.shopee.tw/file/tw-11134207-7qul5-lhliqlw5x2ts80_tn,,,,,no_candidate,,,,,,,帆布袋「彩虹梨包」：活頁是小熊迷你包或素色手提，沒有彩虹梨印花。,planC_reuse,,帆布袋 单肩 彩虹梨,2026-09-09T02:51:57Z,planC_no_candidate
P1_no_url,25083447472,隔日到貨🔥 ins韓風 手機殼吊飾 Airpods殼吊飾 手機殼掛飾 手機掛件 掛飾 手機吊飾 手機掛繩 掛繩,226541342229,黃色花朵,10,no_url,https://cf.shopee.tw/file/tw-11134207-7r991-lxno9eo611d2bc_tn,,,,,with_candidate,https://detail.1688.com/offer/736640738967.html,736640738967,【非小号】黄云,5800635676263,【非小号】黄云,低,兄弟／原檔 736640738967：顏色對上,same_shop,,,2026-09-09T02:27:44Z,
P1_no_url,24032554030,隔日到貨🔥 ins爆款 充電器保護套 20W 適用蘋果 線套 咬線器 集線器 iPhone 充電線套 充電套,118388600937,套裝 - 聖誕帽棕熊,10,no_url,https://cf.shopee.tw/file/tw-11134207-7r98x-lulvspws0gza0e_tn,,,,,no_candidate,,,,,,,聖誕帽棕熊充電套裝：布叮有「棕熊」咬線器、肥猪有「圣诞老人」四件套，都對不上聖誕帽棕熊套裝。,planC_reuse,,充电器保护套 20W 圣诞帽 棕熊,2026-09-09T02:51:57Z,planC_no_candidate
P1_no_url,24514999862,隔日到貨🔥 多國旅行充電器 轉接頭 二合一 Type-C+雙USB-A充電器 萬國充 BSMI認證 充電頭 充電線,168076075175,白色充電器,10,no_url,https://cf.shopee.tw/file/tw-11134207-7r98o-ls3zewtd3v0yd3_tn,,,,,blocked_captcha,,,,,,,blocked_captcha 卡在 https://s.1688.com//selloffer/offer_search.htm/_____tmd_____/punish?x5secdata=xfC7TB66An8jlPhVB5lrVHzO5xNYUIFv7k__P49OuOV3FkEsSBaa0O8n39oH6aULS_hIambjqi1mAYx9nOjPNTdZ1PFKRaDmXZXlZ33ec41FWJIduzDKdiV4k9pkDtFbcwsFSTZ5XmG1z5IiWork0ehHZvfME9iY0FD26jg2Q3AGtmjye0zeP1umUuHfbXa_eiQ_zPnRkRyfNi6RRV0K0bMxwsphiTEXgKGjZqVvptD4iKJvXuqXvJyOIhs0Ia9zU7zBezCeXui5FqL2LXVGa8se3JEAmGZ5bNWFaTfW9oeU_61d3Pn3YPjeXKvJePKsPvd5kxpyFLafne3b7-2nLPHrmxkQ1iRmAfXA2D8NOmWEnEjHbjbWZWEPYlajqetk5LarvD7qCpYeryCD5ZScMkFaXfW5LyMtvbBZjE81KcVaS5in8bcwunIt_nwbcDWN6fv-IC9QbBx6aDm2NzO3jeC9BPpGZ57_QEyOgzbviV-9Uf_2J3dq0VoNfhjq5YMJNj1Nt2pivRs-mNOw7Hwx-5ELcDFshNMcEa7LJuSWNP5ZK_BXvmQsT2EypYxVuY8uaqCne-6XEhcdNTyhxgL0ARFGx7zp_gHeks2Wa9CfKRcMf1xpBmMQCLUcZxW9RxggbZBjPVhpWN_-T9JBw-_XtgFZFsluf0ggrmD84nIctcJAJgo49qRSeugrq9YRn10jIT1loMP9Q5jmnHj2Beul13Oev16yzeB36oig0cfqAM29zhuGT82LnHrdB5xdGuraU3wgF-3Go4qkQKkh43Wu3urAOcEZxTG7gl0P0M7WAMDhdEZD0qakLJ_m3yk-rK70Qvl4ZRtNotslfUlQdV41v4yOUnXJpvI4dfqKLAk5MnIeUhqxzp_N65KTZQw02NODemOaxqMtXEE3jk3NicGTfEBg__bx__s.1688.com%2fselloffer%2foffer_search.htm&x5step=1 關鍵字「」,site_search,,,2026-09-09T04:04:45Z,
P1_no_url,8636176778,隔日到貨🔥 韓版 圓領 V領 短袖 上衣 短T 短袖 素T 寬鬆 t桖 棉質 t-shirt 衣服 夏天 素色,55086316865,【圓領】深咖啡色,10,no_url,https://cf.shopee.tw/file/f8942e0789db001e129730773dc0cb2d_tn,,,,,no_candidate,,,,,,,素 T 圓領深咖啡：這個商品全部沒 URL，也沒兄弟活頁可開。搜尋被 captcha 擋。,planC_reuse,,圆领短袖t恤 深咖啡,2026-09-09T02:51:57Z,planC_no_candidate
P1_no_url,9969182845,隔日到貨🔥 iPhone 保護貼 17 16 15 14 13 12 11 螢幕貼 滿版玻璃 螢幕保護 防窺膜 鋼化膜,225663623045,"15 pro Max,鋼化膜",10,no_url,https://deo.shopeemobile.com/shopee/shopee-seller-live-sg/mmf_portal_seller_root_dir/static/modules/product-list/image/default-item-model-image.2601159.png,,,,,blocked_captcha,,,,,,,blocked_captcha 卡在 https://s.1688.com//selloffer/offer_search.htm/_____tmd_____/punish?x5secdata=xfC7TB66An8jlPhVB5lrVHzO5xNYUIFv7k__P49OuOV3FkEsSBaa0O8n39oH6aULS_hIambjqi1mAYx9nOjPNTdZ1PFKRaDmXZXlZ33ec41FWJIduzDKdiV4k9pkDtFbcwsFSTZ5XmG1z5IiWork0ehHZvfME9iY0FD26jg2Q3AGtmjye0zeP1umUuHfbXa_eiQ_zPnRkRyfNi6RRV0K0bMxwsphiTEXgKGjZqVvptD4iKJvXuqXvJyOIhs0Ia9zU7zBezCeXui5FqL2LXVGa8se3JEAmGZ5bNWFaTfW9oeU_61d3Pn3YPjeXKvJePKsPvd5kxpyFLafne3b7-2nLPHrmxkQ1iRmAfXA2D8NOmWEnEjHbjbWZWEPYlajqetk5LarvD7qCpYeryCD5ZScMkFaXfW5LyMtvbBZjE81KcVaS5in8bcwunIt_nwbcDWN6fv-IC9QbBx6aDm2NzO3jeC9BPpGZ57_QEyOgzbviV-9Uf_2J3dq0VoNfhjq5YMJNj1Nt2pivRs-mNOw7Hwx-5ELcDFshNMcEa7LJuSWNP5ZK_BXvmQsT2EypYxVuY8uaqCne-6XEhcdNTyhxgL0ARFGx7zp_gHeks2Wa9CfKRcMf1xpBmMQCLUcZxW9RxggbZBjPVhpWN_-T9JBw-_XtgFZFsluf0ggrmD84nIctcJAJgo49qRSeugrq9YRn10jIT1loMP9Q5jmnHj2Beul13Oev16yzeB36oig0cfqAM29zhuGT82LnHrdB5xdGuraU3wgF-3Go4qkQKkh43Wu3urAOcEZxTG7gl0P0M7WAMDhdEZD0qakLJ_m3yk-rK70Qvl4ZRtNotslfUlQdV41v4yOUnXJpvI4dfqKLAk5MnIeUhqxzp_N65KTZQw02NODemOaxqMtXEE3jk3NicGTfEBg__bx__s.1688.com%2fselloffer%2foffer_search.htm&x5step=1 關鍵字「iphone 钢化膜 防窥膜」,site_search,,iphone 钢化膜 防窥膜,2026-09-09T04:04:45Z,
P1_no_url,9969182845,隔日到貨🔥 iPhone 保護貼 17 16 15 14 13 12 11 螢幕貼 滿版玻璃 螢幕保護 防窺膜 鋼化膜,49115831829,"14,防窺膜",10,no_url,https://deo.shopeemobile.com/shopee/shopee-seller-live-sg/mmf_portal_seller_root_dir/static/modules/product-list/image/default-item-model-image.2601159.png,,,,,blocked_captcha,,,,,,,blocked_captcha 卡在 https://s.1688.com//selloffer/offer_search.htm/_____tmd_____/punish?x5secdata=xfC7TB66An8jlPhVB5lrVHzO5xNYUIFv7k__P49OuOV3FkEsSBaa0O8n39oH6aULS_hIambjqi1mAYx9nOjPNTdZ1PFKRaDmXZXlZ33ec41FWJIduzDKdiV4k9pkDtFbcwsFSTZ5XmG1z5IiWork0ehHZvfME9iY0FD26jg2Q3AGtmjye0zeP1umUuHfbXa_eiQ_zPnRkRyfNi6RRV0K0bMxwsphiTEXgKGjZqVvptD4iKJvXuqXvJyOIhs0Ia9zU7zBezCeXui5FqL2LXVGa8se3JEAmGZ5bNWFaTfW9oeU_61d3Pn3YPjeXKvJePKsPvd5kxpyFLafne3b7-2nLPHrmxkQ1iRmAfXA2D8NOmWEnEjHbjbWZWEPYlajqetk5LarvD7qCpYeryCD5ZScMkFaXfW5LyMtvbBZjE81KcVaS5in8bcwunIt_nwbcDWN6fv-IC9QbBx6aDm2NzO3jeC9BPpGZ57_QEyOgzbviV-9Uf_2J3dq0VoNfhjq5YMJNj1Nt2pivRs-mNOw7Hwx-5ELcDFshNMcEa7LJuSWNP5ZK_BXvmQsT2EypYxVuY8uaqCne-6XEhcdNTyhxgL0ARFGx7zp_gHeks2Wa9CfKRcMf1xpBmMQCLUcZxW9RxggbZBjPVhpWN_-T9JBw-_XtgFZFsluf0ggrmD84nIctcJAJgo49qRSeugrq9YRn10jIT1loMP9Q5jmnHj2Beul13Oev16yzeB36oig0cfqAM29zhuGT82LnHrdB5xdGuraU3wgF-3Go4qkQKkh43Wu3urAOcEZxTG7gl0P0M7WAMDhdEZD0qakLJ_m3yk-rK70Qvl4ZRtNotslfUlQdV41v4yOUnXJpvI4dfqKLAk5MnIeUhqxzp_N65KTZQw02NODemOaxqMtXEE3jk3NicGTfEBg__bx__s.1688.com%2fselloffer%2foffer_search.htm&x5step=1 關鍵字「iphone 钢化膜 防窥膜」,site_search,,iphone 钢化膜 防窥膜,2026-09-09T04:04:45Z,
P1_no_url,15323119538,隔日到貨🔥 卡通泰迪狗 Airpods 1代 2代 pro 軟殼 保護殼 A27 防摔殼 附掛飾 保護套 耳機套,86327284131,"棕色泰迪狗,1代/2代",10,no_url,https://cf.shopee.tw/file/504f090e2eaba37b23fa7f6760d7c61d_tn,,,,,blocked_captcha,,,,,,,blocked_captcha 卡在 https://s.1688.com//selloffer/offer_search.htm/_____tmd_____/punish?x5secdata=xfC7TB66An8jlPhVB5lrVHzO5xNYUIFv7k__P49OuOV3FkEsSBaa0O8n39oH6aULS_hIambjqi1mAYx9nOjPNTdZ1PFKRaDmXZXlZ33ec41FWJIduzDKdiV4k9pkDtFbcwsFSTZ5XmG1z5IiWork0ehHZvfME9iY0FD26jg2Q3AGtmjye0zeP1umUuHfbXa_eiQ_zPnRkRyfNi6RRV0K0bMxwsphiTEXgKGjZqVvptD4iKJvXuqXvJyOIhs0Ia9zU7zBezCeXui5FqL2LXVGa8se3JEAmGZ5bNWFaTfW9oeU_61d3Pn3YPjeXKvJePKsPvd5kxpyFLafne3b7-2nLPHrmxkQ1iRmAfXA2D8NOmWEnEjHbjbWZWEPYlajqetk5LarvD7qCpYeryCD5ZScMkFaXfW5LyMtvbBZjE81KcVaS5in8bcwunIt_nwbcDWN6fv-IC9QbBx6aDm2NzO3jeC9BPpGZ57_QEyOgzbviV-9Uf_2J3dq0VoNfhjq5YMJNj1Nt2pivRs-mNOw7Hwx-5ELcDFshNMcEa7LJuSWNP5ZK_BXvmQsT2EypYxVuY8uaqCne-6XEhcdNTyhxgL0ARFGx7zp_gHeks2Wa9CfKRcMf1xpBmMQCLUcZxW9RxggbZBjPVhpWN_-T9JBw-_XtgFZFsluf0ggrmD84nIctcJAJgo49qRSeugrq9YRn10jIT1loMP9Q5jmnHj2Beul13Oev16yzeB36oig0cfqAM29zhuGT82LnHrdB5xdGuraU3wgF-3Go4qkQKkh43Wu3urAOcEZxTG7gl0P0M7WAMDhdEZD0qakLJ_m3yk-rK70Qvl4ZRtNotslfUlQdV41v4yOUnXJpvI4dfqKLAk5MnIeUhqxzp_N65KTZQw02NODemOaxqMtXEE3jk3NicGTfEBg__bx__s.1688.com%2fselloffer%2foffer_search.htm&x5step=1 關鍵字「」,site_search,,,2026-09-09T04:04:45Z,
P1_no_url,22272486965,隔日到貨🔥 ins 刺繡小熊化妝包 B18 化妝包 筆袋 超大容量 收納包 洗漱包 鉛筆盒 刺繡 包包 日韓 少女,177732219640,星星小熊,10,no_url,https://cf.shopee.tw/file/tw-11134207-7qul1-lipjrox00v2abd_tn,,,,,blocked_captcha,,,,,,,blocked_captcha 卡在 https://s.1688.com//selloffer/offer_search.htm/_____tmd_____/punish?x5secdata=xfC7TB66An8jlPhVB5lrVHzO5xNYUIFv7k__P49OuOV3FkEsSBaa0O8n39oH6aULS_hIambjqi1mAYx9nOjPNTdZ1PFKRaDmXZXlZ33ec41FWJIduzDKdiV4k9pkDtFbcwsFSTZ5XmG1z5IiWork0ehHZvfME9iY0FD26jg2Q3AGtmjye0zeP1umUuHfbXa_eiQ_zPnRkRyfNi6RRV0K0bMxwsphiTEXgKGjZqVvptD4iKJvXuqXvJyOIhs0Ia9zU7zBezCeXui5FqL2LXVGa8se3JEAmGZ5bNWFaTfW9oeU_61d3Pn3YPjeXKvJePKsPvd5kxpyFLafne3b7-2nLPHrmxkQ1iRmAfXA2D8NOmWEnEjHbjbWZWEPYlajqetk5LarvD7qCpYeryCD5ZScMkFaXfW5LyMtvbBZjE81KcVaS5in8bcwunIt_nwbcDWN6fv-IC9QbBx6aDm2NzO3jeC9BPpGZ57_QEyOgzbviV-9Uf_2J3dq0VoNfhjq5YMJNj1Nt2pivRs-mNOw7Hwx-5ELcDFshNMcEa7LJuSWNP5ZK_BXvmQsT2EypYxVuY8uaqCne-6XEhcdNTyhxgL0ARFGx7zp_gHeks2Wa9CfKRcMf1xpBmMQCLUcZxW9RxggbZBjPVhpWN_-T9JBw-_XtgFZFsluf0ggrmD84nIctcJAJgo49qRSeugrq9YRn10jIT1loMP9Q5jmnHj2Beul13Oev16yzeB36oig0cfqAM29zhuGT82LnHrdB5xdGuraU3wgF-3Go4qkQKkh43Wu3urAOcEZxTG7gl0P0M7WAMDhdEZD0qakLJ_m3yk-rK70Qvl4ZRtNotslfUlQdV41v4yOUnXJpvI4dfqKLAk5MnIeUhqxzp_N65KTZQw02NODemOaxqMtXEE3jk3NicGTfEBg__bx__s.1688.com%2fselloffer%2foffer_search.htm&x5step=1 關鍵字「」,site_search,,,2026-09-09T04:04:45Z,
P1_no_url,23244459752,隔日到貨🔥 韓系 帆布袋 B37 帆布包 單肩包 帆布袋 手提袋 單肩包 提袋 環保袋 購物袋 收納包 簡約文青,167688526100,胖嘟嘟女孩,10,no_url,https://cf.shopee.tw/file/tw-11134207-7quky-lhlir5wgllsg51_tn,,,,,no_candidate,,,,,,,胖嘟嘟女孩印花：活頁沒這款。布叮「小女孩」是咬線器不是帆布袋。,planC_reuse,,帆布袋 单肩 胖嘟嘟女孩,2026-09-09T02:51:57Z,planC_no_candidate
P1_no_url,23244459752,隔日到貨🔥 韓系 帆布袋 B37 帆布包 單肩包 帆布袋 手提袋 單肩包 提袋 環保袋 購物袋 收納包 簡約文青,167688526098,Cafe,10,no_url,https://cf.shopee.tw/file/tw-11134207-7qul5-lhlikb1jvxlabb_tn,,,,,blocked_captcha,,,,,,,blocked_captcha 卡在 https://s.1688.com//selloffer/offer_search.htm/_____tmd_____/punish?x5secdata=xfC7TB66An8jlPhVB5lrVHzO5xNYUIFv7k__P49OuOV3FkEsSBaa0O8n39oH6aULS_hIambjqi1mAYx9nOjPNTdZ1PFKRaDmXZXlZ33ec41FWJIduzDKdiV4k9pkDtFbcwsFSTZ5XmG1z5IiWork0ehHZvfME9iY0FD26jg2Q3AGtmjye0zeP1umUuHfbXa_eiQ_zPnRkRyfNi6RRV0K0bMxwsphiTEXgKGjZqVvptD4iKJvXuqXvJyOIhs0Ia9zU7zBezCeXui5FqL2LXVGa8se3JEAmGZ5bNWFaTfW9oeU_61d3Pn3YPjeXKvJePKsPvd5kxpyFLafne3b7-2nLPHrmxkQ1iRmAfXA2D8NOmWEnEjHbjbWZWEPYlajqetk5LarvD7qCpYeryCD5ZScMkFaXfW5LyMtvbBZjE81KcVaS5in8bcwunIt_nwbcDWN6fv-IC9QbBx6aDm2NzO3jeC9BPpGZ57_QEyOgzbviV-9Uf_2J3dq0VoNfhjq5YMJNj1Nt2pivRs-mNOw7Hwx-5ELcDFshNMcEa7LJuSWNP5ZK_BXvmQsT2EypYxVuY8uaqCne-6XEhcdNTyhxgL0ARFGx7zp_gHeks2Wa9CfKRcMf1xpBmMQCLUcZxW9RxggbZBjPVhpWN_-T9JBw-_XtgFZFsluf0ggrmD84nIctcJAJgo49qRSeugrq9YRn10jIT1loMP9Q5jmnHj2Beul13Oev16yzeB36oig0cfqAM29zhuGT82LnHrdB5xdGuraU3wgF-3Go4qkQKkh43Wu3urAOcEZxTG7gl0P0M7WAMDhdEZD0qakLJ_m3yk-rK70Qvl4ZRtNotslfUlQdV41v4yOUnXJpvI4dfqKLAk5MnIeUhqxzp_N65KTZQw02NODemOaxqMtXEE3jk3NicGTfEBg__bx__s.1688.com%2fselloffer%2foffer_search.htm&x5step=1 關鍵字「」,site_search,,,2026-09-09T04:04:45Z,
P1_no_url,23244459752,隔日到貨🔥 韓系 帆布袋 B37 帆布包 單肩包 帆布袋 手提袋 單肩包 提袋 環保袋 購物袋 收納包 簡約文青,167688526101,手拿麵包熊,10,no_url,https://cf.shopee.tw/file/tw-11134207-7qukw-lhlirqt81fwu14_tn,,,,,blocked_captcha,,,,,,,blocked_captcha 卡在 https://s.1688.com//selloffer/offer_search.htm/_____tmd_____/punish?x5secdata=xfC7TB66An8jlPhVB5lrVHzO5xNYUIFv7k__P49OuOV3FkEsSBaa0O8n39oH6aULS_hIambjqi1mAYx9nOjPNTdZ1PFKRaDmXZXlZ33ec41FWJIduzDKdiV4k9pkDtFbcwsFSTZ5XmG1z5IiWork0ehHZvfME9iY0FD26jg2Q3AGtmjye0zeP1umUuHfbXa_eiQ_zPnRkRyfNi6RRV0K0bMxwsphiTEXgKGjZqVvptD4iKJvXuqXvJyOIhs0Ia9zU7zBezCeXui5FqL2LXVGa8se3JEAmGZ5bNWFaTfW9oeU_61d3Pn3YPjeXKvJePKsPvd5kxpyFLafne3b7-2nLPHrmxkQ1iRmAfXA2D8NOmWEnEjHbjbWZWEPYlajqetk5LarvD7qCpYeryCD5ZScMkFaXfW5LyMtvbBZjE81KcVaS5in8bcwunIt_nwbcDWN6fv-IC9QbBx6aDm2NzO3jeC9BPpGZ57_QEyOgzbviV-9Uf_2J3dq0VoNfhjq5YMJNj1Nt2pivRs-mNOw7Hwx-5ELcDFshNMcEa7LJuSWNP5ZK_BXvmQsT2EypYxVuY8uaqCne-6XEhcdNTyhxgL0ARFGx7zp_gHeks2Wa9CfKRcMf1xpBmMQCLUcZxW9RxggbZBjPVhpWN_-T9JBw-_XtgFZFsluf0ggrmD84nIctcJAJgo49qRSeugrq9YRn10jIT1loMP9Q5jmnHj2Beul13Oev16yzeB36oig0cfqAM29zhuGT82LnHrdB5xdGuraU3wgF-3Go4qkQKkh43Wu3urAOcEZxTG7gl0P0M7WAMDhdEZD0qakLJ_m3yk-rK70Qvl4ZRtNotslfUlQdV41v4yOUnXJpvI4dfqKLAk5MnIeUhqxzp_N65KTZQw02NODemOaxqMtXEE3jk3NicGTfEBg__bx__s.1688.com%2fselloffer%2foffer_search.htm&x5step=1 關鍵字「」,site_search,,,2026-09-09T04:04:45Z,
P1_no_url,15007585064,隔日到貨🔥 iPhone 手機殼 14 13 12 11 pro Max XS XR SE 8plus 保護殼 軟殼,155797750054,"奶咖色,14 pro",5,no_url,https://cf.shopee.tw/file/feb0dbe17bb92130feae2d6acf38ad01_tn,,,,,no_candidate,,,,,,,奶咖色 14pro 殼：塔下編織奶杏色是編織紋不是素奶咖；沒開到奶咖素殼。,planC_reuse,,iPhone 手机壳 奶咖 14pro,2026-09-09T02:51:57Z,planC_no_candidate
P1_no_url,18527128082,隔日到貨🔥 ins 微醺蜜桃 Airpods保護殼 1代 2代 pro 3代 附掛鉤 A8 軟殼 保護殼 耳機殼,68961789707,"微醺粉,Pro1代/Pro2代 (通用）",5,no_url,https://cf.shopee.tw/file/0364e5144755bab86d74c19f0705f48a_tn,,,,,blocked_captcha,,,,,,,blocked_captcha 卡在 https://s.1688.com//selloffer/offer_search.htm/_____tmd_____/punish?x5secdata=xfC7TB66An8jlPhVB5lrVHzO5xNYUIFv7k__P49OuOV3FkEsSBaa0O8n39oH6aULS_hIambjqi1mAYx9nOjPNTdZ1PFKRaDmXZXlZ33ec41FWJIduzDKdiV4k9pkDtFbcwsFSTZ5XmG1z5IiWork0ehHZvfME9iY0FD26jg2Q3AGtmjye0zeP1umUuHfbXa_eiQ_zPnRkRyfNi6RRV0K0bMxwsphiTEXgKGjZqVvptD4iKJvXuqXvJyOIhs0Ia9zU7zBezCeXui5FqL2LXVGa8se3JEAmGZ5bNWFaTfW9oeU_61d3Pn3YPjeXKvJePKsPvd5kxpyFLafne3b7-2nLPHrmxkQ1iRmAfXA2D8NOmWEnEjHbjbWZWEPYlajqetk5LarvD7qCpYeryCD5ZScMkFaXfW5LyMtvbBZjE81KcVaS5in8bcwunIt_nwbcDWN6fv-IC9QbBx6aDm2NzO3jeC9BPpGZ57_QEyOgzbviV-9Uf_2J3dq0VoNfhjq5YMJNj1Nt2pivRs-mNOw7Hwx-5ELcDFshNMcEa7LJuSWNP5ZK_BXvmQsT2EypYxVuY8uaqCne-6XEhcdNTyhxgL0ARFGx7zp_gHeks2Wa9CfKRcMf1xpBmMQCLUcZxW9RxggbZBjPVhpWN_-T9JBw-_XtgFZFsluf0ggrmD84nIctcJAJgo49qRSeugrq9YRn10jIT1loMP9Q5jmnHj2Beul13Oev16yzeB36oig0cfqAM29zhuGT82LnHrdB5xdGuraU3wgF-3Go4qkQKkh43Wu3urAOcEZxTG7gl0P0M7WAMDhdEZD0qakLJ_m3yk-rK70Qvl4ZRtNotslfUlQdV41v4yOUnXJpvI4dfqKLAk5MnIeUhqxzp_N65KTZQw02NODemOaxqMtXEE3jk3NicGTfEBg__bx__s.1688.com%2fselloffer%2foffer_search.htm&x5step=1 關鍵字「」,site_search,,,2026-09-09T04:04:45Z,
P1_no_url,19325086621,隔日到貨🔥 Airpods 保護套 1代 2代 3代 pro pro2 耳機套 A10 17 防摔 軟殼 保護殼,192377861875,"3.下巴熊(附圖上吊飾),Pro1代/Pro2代 (通用）",5,no_url,https://cf.shopee.tw/file/81244f5bb14c30e1b047736005b87e44_tn,,,,,blocked_captcha,,,,,,,blocked_captcha 卡在 https://s.1688.com//selloffer/offer_search.htm/_____tmd_____/punish?x5secdata=xfC7TB66An8jlPhVB5lrVHzO5xNYUIFv7k__P49OuOV3FkEsSBaa0O8n39oH6aULS_hIambjqi1mAYx9nOjPNTdZ1PFKRaDmXZXlZ33ec41FWJIduzDKdiV4k9pkDtFbcwsFSTZ5XmG1z5IiWork0ehHZvfME9iY0FD26jg2Q3AGtmjye0zeP1umUuHfbXa_eiQ_zPnRkRyfNi6RRV0K0bMxwsphiTEXgKGjZqVvptD4iKJvXuqXvJyOIhs0Ia9zU7zBezCeXui5FqL2LXVGa8se3JEAmGZ5bNWFaTfW9oeU_61d3Pn3YPjeXKvJePKsPvd5kxpyFLafne3b7-2nLPHrmxkQ1iRmAfXA2D8NOmWEnEjHbjbWZWEPYlajqetk5LarvD7qCpYeryCD5ZScMkFaXfW5LyMtvbBZjE81KcVaS5in8bcwunIt_nwbcDWN6fv-IC9QbBx6aDm2NzO3jeC9BPpGZ57_QEyOgzbviV-9Uf_2J3dq0VoNfhjq5YMJNj1Nt2pivRs-mNOw7Hwx-5ELcDFshNMcEa7LJuSWNP5ZK_BXvmQsT2EypYxVuY8uaqCne-6XEhcdNTyhxgL0ARFGx7zp_gHeks2Wa9CfKRcMf1xpBmMQCLUcZxW9RxggbZBjPVhpWN_-T9JBw-_XtgFZFsluf0ggrmD84nIctcJAJgo49qRSeugrq9YRn10jIT1loMP9Q5jmnHj2Beul13Oev16yzeB36oig0cfqAM29zhuGT82LnHrdB5xdGuraU3wgF-3Go4qkQKkh43Wu3urAOcEZxTG7gl0P0M7WAMDhdEZD0qakLJ_m3yk-rK70Qvl4ZRtNotslfUlQdV41v4yOUnXJpvI4dfqKLAk5MnIeUhqxzp_N65KTZQw02NODemOaxqMtXEE3jk3NicGTfEBg__bx__s.1688.com%2fselloffer%2foffer_search.htm&x5step=1 關鍵字「」,site_search,,,2026-09-09T04:04:45Z,
P1_no_url,23381311738,隔日到貨🔥 iPhone 手機殼 15 14 pro 13 12 11 XS XR SE X 保護殼 軟殼 蘋果,184609541262,"貼貼奶狗(無吊飾),11 pro",5,no_url,https://cf.shopee.tw/file/tw-11134207-7r98x-lm4fbz8yzwkbdc_tn,,,,,with_candidate,https://detail.1688.com/offer/703512173999.html,703512173999,菲林 奶油腊肠狗,4965506528350,菲林 奶油腊肠狗>11pro 5.8,中,無 URL。塔下菲林軟殼活頁有「奶油腊肠狗」+ 11pro，臘腸狗很像貼貼奶狗，機型對。,planC_reuse,,塔下活頁 703512173999 菲林殼對「奶狗／臘腸狗」+11pro,2026-09-09T02:27:09Z,shelved_round1
P1_no_url,8472195827,隔日到貨🔥 iPhone 手機殼 15 14 13 12 11 XS XR SE3 X 保護殼 軟殼 蘋果,85140983969,13,5,no_url,https://deo.shopeemobile.com/shopee/shopee-seller-live-sg/mmf_portal_seller_root_dir/static/modules/product-list/image/default-item-model-image.2601159.png,,,,,no_candidate,,,,,,,型號只寫「13」、沒圖案關鍵字，蝦皮還是預設圖，無法對款。,planC_reuse,,iPhone 手机壳 13（型號過糊）,2026-09-09T02:51:57Z,planC_no_candidate
P1_no_url,10626667646,隔日到貨🔥 ins 古著小熊後背包 B12 日系 雙肩 學生 背包 百搭 帆布 背包 書包 後背包 學院風,56934794266,黑色,5,no_url,https://cf.shopee.tw/file/9271f1f0dee44431590fdc45cf35b9a8_tn,,,,,blocked_captcha,,,,,,,blocked_captcha 卡在 https://s.1688.com//selloffer/offer_search.htm/_____tmd_____/punish?x5secdata=xfC7TB66An8jlPhVB5lrVHzO5xNYUIFv7k__P49OuOV3FkEsSBaa0O8n39oH6aULS_hIambjqi1mAYx9nOjPNTdZ1PFKRaDmXZXlZ33ec41FWJIduzDKdiV4k9pkDtFbcwsFSTZ5XmG1z5IiWork0ehHZvfME9iY0FD26jg2Q3AGtmjye0zeP1umUuHfbXa_eiQ_zPnRkRyfNi6RRV0K0bMxwsphiTEXgKGjZqVvptD4iKJvXuqXvJyOIhs0Ia9zU7zBezCeXui5FqL2LXVGa8se3JEAmGZ5bNWFaTfW9oeU_61d3Pn3YPjeXKvJePKsPvd5kxpyFLafne3b7-2nLPHrmxkQ1iRmAfXA2D8NOmWEnEjHbjbWZWEPYlajqetk5LarvD7qCpYeryCD5ZScMkFaXfW5LyMtvbBZjE81KcVaS5in8bcwunIt_nwbcDWN6fv-IC9QbBx6aDm2NzO3jeC9BPpGZ57_QEyOgzbviV-9Uf_2J3dq0VoNfhjq5YMJNj1Nt2pivRs-mNOw7Hwx-5ELcDFshNMcEa7LJuSWNP5ZK_BXvmQsT2EypYxVuY8uaqCne-6XEhcdNTyhxgL0ARFGx7zp_gHeks2Wa9CfKRcMf1xpBmMQCLUcZxW9RxggbZBjPVhpWN_-T9JBw-_XtgFZFsluf0ggrmD84nIctcJAJgo49qRSeugrq9YRn10jIT1loMP9Q5jmnHj2Beul13Oev16yzeB36oig0cfqAM29zhuGT82LnHrdB5xdGuraU3wgF-3Go4qkQKkh43Wu3urAOcEZxTG7gl0P0M7WAMDhdEZD0qakLJ_m3yk-rK70Qvl4ZRtNotslfUlQdV41v4yOUnXJpvI4dfqKLAk5MnIeUhqxzp_N65KTZQw02NODemOaxqMtXEE3jk3NicGTfEBg__bx__s.1688.com%2fselloffer%2foffer_search.htm&x5step=1 關鍵字「」,site_search,,,2026-09-09T04:04:45Z,
P1_no_url,11515728220,隔日到貨🔥 ins風 手機氣囊 多功能指環扣 伸縮折疊 立體氣囊 手機架 適合各手機 氣囊 黏貼式 懶人氣囊,26604391185,M34,5,no_url,https://cf.shopee.tw/file/ee1c2c875c983a1188f44105c6ba98db_tn,,,,,with_candidate,https://detail.1688.com/offer/625194998616.html,625194998616,M34星之卡比,4596269530545,M34星之卡比,低,兄弟／原檔 625194998616：型號字面命中,same_shop,,,2026-09-09T02:28:33Z,
P1_no_url,11515728220,隔日到貨🔥 ins風 手機氣囊 多功能指環扣 伸縮折疊 立體氣囊 手機架 適合各手機 氣囊 黏貼式 懶人氣囊,36238148048,M49,5,no_url,https://cf.shopee.tw/file/ce52e1101063359b4647a7eb4fbf9c3b_tn,,,,,with_candidate,https://detail.1688.com/offer/625194998616.html,625194998616,M49抱抱熊,4596269530560,M49抱抱熊,低,兄弟／原檔 625194998616：型號字面命中,same_shop,,,2026-09-09T02:28:33Z,
P1_no_url,11515936363,隔日到貨🔥 韓風熱銷款🏆 韓國ins 吊飾 鑰匙扣 鑰匙圈 文青 汽車鑰匙 公仔 掛飾 吊墜 掛鉤 吊環 墜飾,56254013141,2. 荷包蛋鑰匙圈,5,no_url,https://cf.shopee.tw/file/b89f496f61e593bd59c96312cafbb127_tn,,,,,blocked_captcha,,,,,,,blocked_captcha 卡在 https://s.1688.com//selloffer/offer_search.htm/_____tmd_____/punish?x5secdata=xfC7TB66An8jlPhVB5lrVHzO5xNYUIFv7k__P49OuOV3FkEsSBaa0O8n39oH6aULS_hIambjqi1mAYx9nOjPNTdZ1PFKRaDmXZXlZ33ec41FWJIduzDKdiV4k9pkDtFbcwsFSTZ5XmG1z5IiWork0ehHZvfME9iY0FD26jg2Q3AGtmjye0zeP1umUuHfbXa_eiQ_zPnRkRyfNi6RRV0K0bMxwsphiTEXgKGjZqVvptD4iKJvXuqXvJyOIhs0Ia9zU7zBezCeXui5FqL2LXVGa8se3JEAmGZ5bNWFaTfW9oeU_61d3Pn3YPjeXKvJePKsPvd5kxpyFLafne3b7-2nLPHrmxkQ1iRmAfXA2D8NOmWEnEjHbjbWZWEPYlajqetk5LarvD7qCpYeryCD5ZScMkFaXfW5LyMtvbBZjE81KcVaS5in8bcwunIt_nwbcDWN6fv-IC9QbBx6aDm2NzO3jeC9BPpGZ57_QEyOgzbviV-9Uf_2J3dq0VoNfhjq5YMJNj1Nt2pivRs-mNOw7Hwx-5ELcDFshNMcEa7LJuSWNP5ZK_BXvmQsT2EypYxVuY8uaqCne-6XEhcdNTyhxgL0ARFGx7zp_gHeks2Wa9CfKRcMf1xpBmMQCLUcZxW9RxggbZBjPVhpWN_-T9JBw-_XtgFZFsluf0ggrmD84nIctcJAJgo49qRSeugrq9YRn10jIT1loMP9Q5jmnHj2Beul13Oev16yzeB36oig0cfqAM29zhuGT82LnHrdB5xdGuraU3wgF-3Go4qkQKkh43Wu3urAOcEZxTG7gl0P0M7WAMDhdEZD0qakLJ_m3yk-rK70Qvl4ZRtNotslfUlQdV41v4yOUnXJpvI4dfqKLAk5MnIeUhqxzp_N65KTZQw02NODemOaxqMtXEE3jk3NicGTfEBg__bx__s.1688.com%2fselloffer%2foffer_search.htm&x5step=1 關鍵字「」,site_search,,,2026-09-09T04:04:45Z,
P1_no_url,11515936363,隔日到貨🔥 韓風熱銷款🏆 韓國ins 吊飾 鑰匙扣 鑰匙圈 文青 汽車鑰匙 公仔 掛飾 吊墜 掛鉤 吊環 墜飾,57125840051,23.餅乾熊鑰匙圈,5,no_url,https://cf.shopee.tw/file/f6e1b3017141b1114f1fce783c0a54b5_tn,,,,,blocked_captcha,,,,,,,blocked_captcha 卡在 https://s.1688.com//selloffer/offer_search.htm/_____tmd_____/punish?x5secdata=xfC7TB66An8jlPhVB5lrVHzO5xNYUIFv7k__P49OuOV3FkEsSBaa0O8n39oH6aULS_hIambjqi1mAYx9nOjPNTdZ1PFKRaDmXZXlZ33ec41FWJIduzDKdiV4k9pkDtFbcwsFSTZ5XmG1z5IiWork0ehHZvfME9iY0FD26jg2Q3AGtmjye0zeP1umUuHfbXa_eiQ_zPnRkRyfNi6RRV0K0bMxwsphiTEXgKGjZqVvptD4iKJvXuqXvJyOIhs0Ia9zU7zBezCeXui5FqL2LXVGa8se3JEAmGZ5bNWFaTfW9oeU_61d3Pn3YPjeXKvJePKsPvd5kxpyFLafne3b7-2nLPHrmxkQ1iRmAfXA2D8NOmWEnEjHbjbWZWEPYlajqetk5LarvD7qCpYeryCD5ZScMkFaXfW5LyMtvbBZjE81KcVaS5in8bcwunIt_nwbcDWN6fv-IC9QbBx6aDm2NzO3jeC9BPpGZ57_QEyOgzbviV-9Uf_2J3dq0VoNfhjq5YMJNj1Nt2pivRs-mNOw7Hwx-5ELcDFshNMcEa7LJuSWNP5ZK_BXvmQsT2EypYxVuY8uaqCne-6XEhcdNTyhxgL0ARFGx7zp_gHeks2Wa9CfKRcMf1xpBmMQCLUcZxW9RxggbZBjPVhpWN_-T9JBw-_XtgFZFsluf0ggrmD84nIctcJAJgo49qRSeugrq9YRn10jIT1loMP9Q5jmnHj2Beul13Oev16yzeB36oig0cfqAM29zhuGT82LnHrdB5xdGuraU3wgF-3Go4qkQKkh43Wu3urAOcEZxTG7gl0P0M7WAMDhdEZD0qakLJ_m3yk-rK70Qvl4ZRtNotslfUlQdV41v4yOUnXJpvI4dfqKLAk5MnIeUhqxzp_N65KTZQw02NODemOaxqMtXEE3jk3NicGTfEBg__bx__s.1688.com%2fselloffer%2foffer_search.htm&x5step=1 關鍵字「」,site_search,,,2026-09-09T04:04:45Z,
P1_no_url,15007585064,隔日到貨🔥 iPhone 手機殼 14 13 12 11 pro Max XS XR SE 8plus 保護殼 軟殼,150347317001,"奶咖色,11",5,no_url,https://cf.shopee.tw/file/feb0dbe17bb92130feae2d6acf38ad01_tn,,,,,blocked_captcha,,,,,,,blocked_captcha 卡在 https://s.1688.com//selloffer/offer_search.htm/_____tmd_____/punish?x5secdata=xfC7TB66An8jlPhVB5lrVHzO5xNYUIFv7k__P49OuOV3FkEsSBaa0O8n39oH6aULS_hIambjqi1mAYx9nOjPNTdZ1PFKRaDmXZXlZ33ec41FWJIduzDKdiV4k9pkDtFbcwsFSTZ5XmG1z5IiWork0ehHZvfME9iY0FD26jg2Q3AGtmjye0zeP1umUuHfbXa_eiQ_zPnRkRyfNi6RRV0K0bMxwsphiTEXgKGjZqVvptD4iKJvXuqXvJyOIhs0Ia9zU7zBezCeXui5FqL2LXVGa8se3JEAmGZ5bNWFaTfW9oeU_61d3Pn3YPjeXKvJePKsPvd5kxpyFLafne3b7-2nLPHrmxkQ1iRmAfXA2D8NOmWEnEjHbjbWZWEPYlajqetk5LarvD7qCpYeryCD5ZScMkFaXfW5LyMtvbBZjE81KcVaS5in8bcwunIt_nwbcDWN6fv-IC9QbBx6aDm2NzO3jeC9BPpGZ57_QEyOgzbviV-9Uf_2J3dq0VoNfhjq5YMJNj1Nt2pivRs-mNOw7Hwx-5ELcDFshNMcEa7LJuSWNP5ZK_BXvmQsT2EypYxVuY8uaqCne-6XEhcdNTyhxgL0ARFGx7zp_gHeks2Wa9CfKRcMf1xpBmMQCLUcZxW9RxggbZBjPVhpWN_-T9JBw-_XtgFZFsluf0ggrmD84nIctcJAJgo49qRSeugrq9YRn10jIT1loMP9Q5jmnHj2Beul13Oev16yzeB36oig0cfqAM29zhuGT82LnHrdB5xdGuraU3wgF-3Go4qkQKkh43Wu3urAOcEZxTG7gl0P0M7WAMDhdEZD0qakLJ_m3yk-rK70Qvl4ZRtNotslfUlQdV41v4yOUnXJpvI4dfqKLAk5MnIeUhqxzp_N65KTZQw02NODemOaxqMtXEE3jk3NicGTfEBg__bx__s.1688.com%2fselloffer%2foffer_search.htm&x5step=1 關鍵字「」,site_search,,,2026-09-09T04:04:45Z,
P1_no_url,15007585064,隔日到貨🔥 iPhone 手機殼 14 13 12 11 pro Max XS XR SE 8plus 保護殼 軟殼,150347317002,"奶咖色,12",5,no_url,https://cf.shopee.tw/file/feb0dbe17bb92130feae2d6acf38ad01_tn,,,,,blocked_captcha,,,,,,,blocked_captcha 卡在 https://s.1688.com//selloffer/offer_search.htm/_____tmd_____/punish?x5secdata=xfC7TB66An8jlPhVB5lrVHzO5xNYUIFv7k__P49OuOV3FkEsSBaa0O8n39oH6aULS_hIambjqi1mAYx9nOjPNTdZ1PFKRaDmXZXlZ33ec41FWJIduzDKdiV4k9pkDtFbcwsFSTZ5XmG1z5IiWork0ehHZvfME9iY0FD26jg2Q3AGtmjye0zeP1umUuHfbXa_eiQ_zPnRkRyfNi6RRV0K0bMxwsphiTEXgKGjZqVvptD4iKJvXuqXvJyOIhs0Ia9zU7zBezCeXui5FqL2LXVGa8se3JEAmGZ5bNWFaTfW9oeU_61d3Pn3YPjeXKvJePKsPvd5kxpyFLafne3b7-2nLPHrmxkQ1iRmAfXA2D8NOmWEnEjHbjbWZWEPYlajqetk5LarvD7qCpYeryCD5ZScMkFaXfW5LyMtvbBZjE81KcVaS5in8bcwunIt_nwbcDWN6fv-IC9QbBx6aDm2NzO3jeC9BPpGZ57_QEyOgzbviV-9Uf_2J3dq0VoNfhjq5YMJNj1Nt2pivRs-mNOw7Hwx-5ELcDFshNMcEa7LJuSWNP5ZK_BXvmQsT2EypYxVuY8uaqCne-6XEhcdNTyhxgL0ARFGx7zp_gHeks2Wa9CfKRcMf1xpBmMQCLUcZxW9RxggbZBjPVhpWN_-T9JBw-_XtgFZFsluf0ggrmD84nIctcJAJgo49qRSeugrq9YRn10jIT1loMP9Q5jmnHj2Beul13Oev16yzeB36oig0cfqAM29zhuGT82LnHrdB5xdGuraU3wgF-3Go4qkQKkh43Wu3urAOcEZxTG7gl0P0M7WAMDhdEZD0qakLJ_m3yk-rK70Qvl4ZRtNotslfUlQdV41v4yOUnXJpvI4dfqKLAk5MnIeUhqxzp_N65KTZQw02NODemOaxqMtXEE3jk3NicGTfEBg__bx__s.1688.com%2fselloffer%2foffer_search.htm&x5step=1 關鍵字「」,site_search,,,2026-09-09T04:04:45Z,
P1_no_url,15007585064,隔日到貨🔥 iPhone 手機殼 14 13 12 11 pro Max XS XR SE 8plus 保護殼 軟殼,150347317017,"奶咖色,XR",5,no_url,https://cf.shopee.tw/file/feb0dbe17bb92130feae2d6acf38ad01_tn,,,,,blocked_captcha,,,,,,,blocked_captcha 卡在 https://s.1688.com//selloffer/offer_search.htm/_____tmd_____/punish?x5secdata=xfC7TB66An8jlPhVB5lrVHzO5xNYUIFv7k__P49OuOV3FkEsSBaa0O8n39oH6aULS_hIambjqi1mAYx9nOjPNTdZ1PFKRaDmXZXlZ33ec41FWJIduzDKdiV4k9pkDtFbcwsFSTZ5XmG1z5IiWork0ehHZvfME9iY0FD26jg2Q3AGtmjye0zeP1umUuHfbXa_eiQ_zPnRkRyfNi6RRV0K0bMxwsphiTEXgKGjZqVvptD4iKJvXuqXvJyOIhs0Ia9zU7zBezCeXui5FqL2LXVGa8se3JEAmGZ5bNWFaTfW9oeU_61d3Pn3YPjeXKvJePKsPvd5kxpyFLafne3b7-2nLPHrmxkQ1iRmAfXA2D8NOmWEnEjHbjbWZWEPYlajqetk5LarvD7qCpYeryCD5ZScMkFaXfW5LyMtvbBZjE81KcVaS5in8bcwunIt_nwbcDWN6fv-IC9QbBx6aDm2NzO3jeC9BPpGZ57_QEyOgzbviV-9Uf_2J3dq0VoNfhjq5YMJNj1Nt2pivRs-mNOw7Hwx-5ELcDFshNMcEa7LJuSWNP5ZK_BXvmQsT2EypYxVuY8uaqCne-6XEhcdNTyhxgL0ARFGx7zp_gHeks2Wa9CfKRcMf1xpBmMQCLUcZxW9RxggbZBjPVhpWN_-T9JBw-_XtgFZFsluf0ggrmD84nIctcJAJgo49qRSeugrq9YRn10jIT1loMP9Q5jmnHj2Beul13Oev16yzeB36oig0cfqAM29zhuGT82LnHrdB5xdGuraU3wgF-3Go4qkQKkh43Wu3urAOcEZxTG7gl0P0M7WAMDhdEZD0qakLJ_m3yk-rK70Qvl4ZRtNotslfUlQdV41v4yOUnXJpvI4dfqKLAk5MnIeUhqxzp_N65KTZQw02NODemOaxqMtXEE3jk3NicGTfEBg__bx__s.1688.com%2fselloffer%2foffer_search.htm&x5step=1 關鍵字「」,site_search,,,2026-09-09T04:04:45Z,
P1_no_url,15007585064,隔日到貨🔥 iPhone 手機殼 14 13 12 11 pro Max XS XR SE 8plus 保護殼 軟殼,150347317018,"奶咖色,13",5,no_url,https://cf.shopee.tw/file/feb0dbe17bb92130feae2d6acf38ad01_tn,,,,,blocked_captcha,,,,,,,blocked_captcha 卡在 https://s.1688.com//selloffer/offer_search.htm/_____tmd_____/punish?x5secdata=xfC7TB66An8jlPhVB5lrVHzO5xNYUIFv7k__P49OuOV3FkEsSBaa0O8n39oH6aULS_hIambjqi1mAYx9nOjPNTdZ1PFKRaDmXZXlZ33ec41FWJIduzDKdiV4k9pkDtFbcwsFSTZ5XmG1z5IiWork0ehHZvfME9iY0FD26jg2Q3AGtmjye0zeP1umUuHfbXa_eiQ_zPnRkRyfNi6RRV0K0bMxwsphiTEXgKGjZqVvptD4iKJvXuqXvJyOIhs0Ia9zU7zBezCeXui5FqL2LXVGa8se3JEAmGZ5bNWFaTfW9oeU_61d3Pn3YPjeXKvJePKsPvd5kxpyFLafne3b7-2nLPHrmxkQ1iRmAfXA2D8NOmWEnEjHbjbWZWEPYlajqetk5LarvD7qCpYeryCD5ZScMkFaXfW5LyMtvbBZjE81KcVaS5in8bcwunIt_nwbcDWN6fv-IC9QbBx6aDm2NzO3jeC9BPpGZ57_QEyOgzbviV-9Uf_2J3dq0VoNfhjq5YMJNj1Nt2pivRs-mNOw7Hwx-5ELcDFshNMcEa7LJuSWNP5ZK_BXvmQsT2EypYxVuY8uaqCne-6XEhcdNTyhxgL0ARFGx7zp_gHeks2Wa9CfKRcMf1xpBmMQCLUcZxW9RxggbZBjPVhpWN_-T9JBw-_XtgFZFsluf0ggrmD84nIctcJAJgo49qRSeugrq9YRn10jIT1loMP9Q5jmnHj2Beul13Oev16yzeB36oig0cfqAM29zhuGT82LnHrdB5xdGuraU3wgF-3Go4qkQKkh43Wu3urAOcEZxTG7gl0P0M7WAMDhdEZD0qakLJ_m3yk-rK70Qvl4ZRtNotslfUlQdV41v4yOUnXJpvI4dfqKLAk5MnIeUhqxzp_N65KTZQw02NODemOaxqMtXEE3jk3NicGTfEBg__bx__s.1688.com%2fselloffer%2foffer_search.htm&x5step=1 關鍵字「」,site_search,,,2026-09-09T04:04:45Z,
P1_no_url,15323119538,隔日到貨🔥 卡通泰迪狗 Airpods 1代 2代 pro 軟殼 保護殼 A27 防摔殼 附掛飾 保護套 耳機套,86327284132,"棕色泰迪狗,Pro/Pro2 (通用)",5,no_url,https://cf.shopee.tw/file/504f090e2eaba37b23fa7f6760d7c61d_tn,,,,,blocked_captcha,,,,,,,blocked_captcha 卡在 https://s.1688.com//selloffer/offer_search.htm/_____tmd_____/punish?x5secdata=xfC7TB66An8jlPhVB5lrVHzO5xNYUIFv7k__P49OuOV3FkEsSBaa0O8n39oH6aULS_hIambjqi1mAYx9nOjPNTdZ1PFKRaDmXZXlZ33ec41FWJIduzDKdiV4k9pkDtFbcwsFSTZ5XmG1z5IiWork0ehHZvfME9iY0FD26jg2Q3AGtmjye0zeP1umUuHfbXa_eiQ_zPnRkRyfNi6RRV0K0bMxwsphiTEXgKGjZqVvptD4iKJvXuqXvJyOIhs0Ia9zU7zBezCeXui5FqL2LXVGa8se3JEAmGZ5bNWFaTfW9oeU_61d3Pn3YPjeXKvJePKsPvd5kxpyFLafne3b7-2nLPHrmxkQ1iRmAfXA2D8NOmWEnEjHbjbWZWEPYlajqetk5LarvD7qCpYeryCD5ZScMkFaXfW5LyMtvbBZjE81KcVaS5in8bcwunIt_nwbcDWN6fv-IC9QbBx6aDm2NzO3jeC9BPpGZ57_QEyOgzbviV-9Uf_2J3dq0VoNfhjq5YMJNj1Nt2pivRs-mNOw7Hwx-5ELcDFshNMcEa7LJuSWNP5ZK_BXvmQsT2EypYxVuY8uaqCne-6XEhcdNTyhxgL0ARFGx7zp_gHeks2Wa9CfKRcMf1xpBmMQCLUcZxW9RxggbZBjPVhpWN_-T9JBw-_XtgFZFsluf0ggrmD84nIctcJAJgo49qRSeugrq9YRn10jIT1loMP9Q5jmnHj2Beul13Oev16yzeB36oig0cfqAM29zhuGT82LnHrdB5xdGuraU3wgF-3Go4qkQKkh43Wu3urAOcEZxTG7gl0P0M7WAMDhdEZD0qakLJ_m3yk-rK70Qvl4ZRtNotslfUlQdV41v4yOUnXJpvI4dfqKLAk5MnIeUhqxzp_N65KTZQw02NODemOaxqMtXEE3jk3NicGTfEBg__bx__s.1688.com%2fselloffer%2foffer_search.htm&x5step=1 關鍵字「」,site_search,,,2026-09-09T04:04:45Z,
P1_no_url,15323119538,隔日到貨🔥 卡通泰迪狗 Airpods 1代 2代 pro 軟殼 保護殼 A27 防摔殼 附掛飾 保護套 耳機套,86327284134,"米白泰迪狗,Pro/Pro2 (通用)",5,no_url,https://cf.shopee.tw/file/cc656f1dbba8d71cc5728eefbc1c71c2_tn,,,,,blocked_captcha,,,,,,,blocked_captcha 卡在 https://s.1688.com//selloffer/offer_search.htm/_____tmd_____/punish?x5secdata=xfC7TB66An8jlPhVB5lrVHzO5xNYUIFv7k__P49OuOV3FkEsSBaa0O8n39oH6aULS_hIambjqi1mAYx9nOjPNTdZ1PFKRaDmXZXlZ33ec41FWJIduzDKdiV4k9pkDtFbcwsFSTZ5XmG1z5IiWork0ehHZvfME9iY0FD26jg2Q3AGtmjye0zeP1umUuHfbXa_eiQ_zPnRkRyfNi6RRV0K0bMxwsphiTEXgKGjZqVvptD4iKJvXuqXvJyOIhs0Ia9zU7zBezCeXui5FqL2LXVGa8se3JEAmGZ5bNWFaTfW9oeU_61d3Pn3YPjeXKvJePKsPvd5kxpyFLafne3b7-2nLPHrmxkQ1iRmAfXA2D8NOmWEnEjHbjbWZWEPYlajqetk5LarvD7qCpYeryCD5ZScMkFaXfW5LyMtvbBZjE81KcVaS5in8bcwunIt_nwbcDWN6fv-IC9QbBx6aDm2NzO3jeC9BPpGZ57_QEyOgzbviV-9Uf_2J3dq0VoNfhjq5YMJNj1Nt2pivRs-mNOw7Hwx-5ELcDFshNMcEa7LJuSWNP5ZK_BXvmQsT2EypYxVuY8uaqCne-6XEhcdNTyhxgL0ARFGx7zp_gHeks2Wa9CfKRcMf1xpBmMQCLUcZxW9RxggbZBjPVhpWN_-T9JBw-_XtgFZFsluf0ggrmD84nIctcJAJgo49qRSeugrq9YRn10jIT1loMP9Q5jmnHj2Beul13Oev16yzeB36oig0cfqAM29zhuGT82LnHrdB5xdGuraU3wgF-3Go4qkQKkh43Wu3urAOcEZxTG7gl0P0M7WAMDhdEZD0qakLJ_m3yk-rK70Qvl4ZRtNotslfUlQdV41v4yOUnXJpvI4dfqKLAk5MnIeUhqxzp_N65KTZQw02NODemOaxqMtXEE3jk3NicGTfEBg__bx__s.1688.com%2fselloffer%2foffer_search.htm&x5step=1 關鍵字「」,site_search,,,2026-09-09T04:04:45Z,
P1_no_url,17366716239,隔日到貨🔥 Airpods 保護套A4 1代 2代 3代 pro pro2 耳機套 附掛飾 軟殼 保護殼 透明殼,181396811754,"1.笑臉雲朵,［3代］",5,no_url,https://cf.shopee.tw/file/2d5447b7d3e6f57002bc6c1e207ab9a7_tn,,,,,blocked_captcha,,,,,,,blocked_captcha 卡在 https://s.1688.com//selloffer/offer_search.htm/_____tmd_____/punish?x5secdata=xfC7TB66An8jlPhVB5lrVHzO5xNYUIFv7k__P49OuOV3FkEsSBaa0O8n39oH6aULS_hIambjqi1mAYx9nOjPNTdZ1PFKRaDmXZXlZ33ec41FWJIduzDKdiV4k9pkDtFbcwsFSTZ5XmG1z5IiWork0ehHZvfME9iY0FD26jg2Q3AGtmjye0zeP1umUuHfbXa_eiQ_zPnRkRyfNi6RRV0K0bMxwsphiTEXgKGjZqVvptD4iKJvXuqXvJyOIhs0Ia9zU7zBezCeXui5FqL2LXVGa8se3JEAmGZ5bNWFaTfW9oeU_61d3Pn3YPjeXKvJePKsPvd5kxpyFLafne3b7-2nLPHrmxkQ1iRmAfXA2D8NOmWEnEjHbjbWZWEPYlajqetk5LarvD7qCpYeryCD5ZScMkFaXfW5LyMtvbBZjE81KcVaS5in8bcwunIt_nwbcDWN6fv-IC9QbBx6aDm2NzO3jeC9BPpGZ57_QEyOgzbviV-9Uf_2J3dq0VoNfhjq5YMJNj1Nt2pivRs-mNOw7Hwx-5ELcDFshNMcEa7LJuSWNP5ZK_BXvmQsT2EypYxVuY8uaqCne-6XEhcdNTyhxgL0ARFGx7zp_gHeks2Wa9CfKRcMf1xpBmMQCLUcZxW9RxggbZBjPVhpWN_-T9JBw-_XtgFZFsluf0ggrmD84nIctcJAJgo49qRSeugrq9YRn10jIT1loMP9Q5jmnHj2Beul13Oev16yzeB36oig0cfqAM29zhuGT82LnHrdB5xdGuraU3wgF-3Go4qkQKkh43Wu3urAOcEZxTG7gl0P0M7WAMDhdEZD0qakLJ_m3yk-rK70Qvl4ZRtNotslfUlQdV41v4yOUnXJpvI4dfqKLAk5MnIeUhqxzp_N65KTZQw02NODemOaxqMtXEE3jk3NicGTfEBg__bx__s.1688.com%2fselloffer%2foffer_search.htm&x5step=1 關鍵字「」,site_search,,,2026-09-09T04:04:45Z,
P1_no_url,18527128082,隔日到貨🔥 ins 微醺蜜桃 Airpods保護殼 1代 2代 pro 3代 附掛鉤 A8 軟殼 保護殼 耳機殼,78961529684,"白色微醺藍,Pro1代/Pro2代 (通用）",5,no_url,https://cf.shopee.tw/file/d5610579912e99c730ef1e54a9ba52d3_tn,,,,,blocked_captcha,,,,,,,blocked_captcha 卡在 https://s.1688.com//selloffer/offer_search.htm/_____tmd_____/punish?x5secdata=xfC7TB66An8jlPhVB5lrVHzO5xNYUIFv7k__P49OuOV3FkEsSBaa0O8n39oH6aULS_hIambjqi1mAYx9nOjPNTdZ1PFKRaDmXZXlZ33ec41FWJIduzDKdiV4k9pkDtFbcwsFSTZ5XmG1z5IiWork0ehHZvfME9iY0FD26jg2Q3AGtmjye0zeP1umUuHfbXa_eiQ_zPnRkRyfNi6RRV0K0bMxwsphiTEXgKGjZqVvptD4iKJvXuqXvJyOIhs0Ia9zU7zBezCeXui5FqL2LXVGa8se3JEAmGZ5bNWFaTfW9oeU_61d3Pn3YPjeXKvJePKsPvd5kxpyFLafne3b7-2nLPHrmxkQ1iRmAfXA2D8NOmWEnEjHbjbWZWEPYlajqetk5LarvD7qCpYeryCD5ZScMkFaXfW5LyMtvbBZjE81KcVaS5in8bcwunIt_nwbcDWN6fv-IC9QbBx6aDm2NzO3jeC9BPpGZ57_QEyOgzbviV-9Uf_2J3dq0VoNfhjq5YMJNj1Nt2pivRs-mNOw7Hwx-5ELcDFshNMcEa7LJuSWNP5ZK_BXvmQsT2EypYxVuY8uaqCne-6XEhcdNTyhxgL0ARFGx7zp_gHeks2Wa9CfKRcMf1xpBmMQCLUcZxW9RxggbZBjPVhpWN_-T9JBw-_XtgFZFsluf0ggrmD84nIctcJAJgo49qRSeugrq9YRn10jIT1loMP9Q5jmnHj2Beul13Oev16yzeB36oig0cfqAM29zhuGT82LnHrdB5xdGuraU3wgF-3Go4qkQKkh43Wu3urAOcEZxTG7gl0P0M7WAMDhdEZD0qakLJ_m3yk-rK70Qvl4ZRtNotslfUlQdV41v4yOUnXJpvI4dfqKLAk5MnIeUhqxzp_N65KTZQw02NODemOaxqMtXEE3jk3NicGTfEBg__bx__s.1688.com%2fselloffer%2foffer_search.htm&x5step=1 關鍵字「」,site_search,,,2026-09-09T04:04:45Z,
P1_no_url,18665190754,隔日到貨🔥 iPhone 手機殼 15 14 13 12 11 pro XS XR SE X 8 保護殼 軟殼 蘋果,127181212644,"透明殼 油漆白花,11",5,no_url,https://cf.shopee.tw/file/sg-11134201-22110-l18zpm65xckv0d_tn,,,,,blocked_captcha,,,,,,,blocked_captcha 卡在 https://s.1688.com//selloffer/offer_search.htm/_____tmd_____/punish?x5secdata=xfC7TB66An8jlPhVB5lrVHzO5xNYUIFv7k__P49OuOV3FkEsSBaa0O8n39oH6aULS_hIambjqi1mAYx9nOjPNTdZ1PFKRaDmXZXlZ33ec41FWJIduzDKdiV4k9pkDtFbcwsFSTZ5XmG1z5IiWork0ehHZvfME9iY0FD26jg2Q3AGtmjye0zeP1umUuHfbXa_eiQ_zPnRkRyfNi6RRV0K0bMxwsphiTEXgKGjZqVvptD4iKJvXuqXvJyOIhs0Ia9zU7zBezCeXui5FqL2LXVGa8se3JEAmGZ5bNWFaTfW9oeU_61d3Pn3YPjeXKvJePKsPvd5kxpyFLafne3b7-2nLPHrmxkQ1iRmAfXA2D8NOmWEnEjHbjbWZWEPYlajqetk5LarvD7qCpYeryCD5ZScMkFaXfW5LyMtvbBZjE81KcVaS5in8bcwunIt_nwbcDWN6fv-IC9QbBx6aDm2NzO3jeC9BPpGZ57_QEyOgzbviV-9Uf_2J3dq0VoNfhjq5YMJNj1Nt2pivRs-mNOw7Hwx-5ELcDFshNMcEa7LJuSWNP5ZK_BXvmQsT2EypYxVuY8uaqCne-6XEhcdNTyhxgL0ARFGx7zp_gHeks2Wa9CfKRcMf1xpBmMQCLUcZxW9RxggbZBjPVhpWN_-T9JBw-_XtgFZFsluf0ggrmD84nIctcJAJgo49qRSeugrq9YRn10jIT1loMP9Q5jmnHj2Beul13Oev16yzeB36oig0cfqAM29zhuGT82LnHrdB5xdGuraU3wgF-3Go4qkQKkh43Wu3urAOcEZxTG7gl0P0M7WAMDhdEZD0qakLJ_m3yk-rK70Qvl4ZRtNotslfUlQdV41v4yOUnXJpvI4dfqKLAk5MnIeUhqxzp_N65KTZQw02NODemOaxqMtXEE3jk3NicGTfEBg__bx__s.1688.com%2fselloffer%2foffer_search.htm&x5step=1 關鍵字「」,site_search,,,2026-09-09T04:04:45Z,
P1_no_url,20669904088,隔日到貨🔥 Airpods 保護套1 2 3 pro pro2 A8 耳機套 耳機殼 軟殼 保護殼 藍牙耳機套 蘋果,183637444855,"2. 波浪粉色蝴蝶結,Pro1代/Pro2代 (通用）",5,no_url,https://cf.shopee.tw/file/sg-11134201-22120-zvixlydyhllv53_tn,,,,,blocked_captcha,,,,,,,blocked_captcha 卡在 https://s.1688.com//selloffer/offer_search.htm/_____tmd_____/punish?x5secdata=xfC7TB66An8jlPhVB5lrVHzO5xNYUIFv7k__P49OuOV3FkEsSBaa0O8n39oH6aULS_hIambjqi1mAYx9nOjPNTdZ1PFKRaDmXZXlZ33ec41FWJIduzDKdiV4k9pkDtFbcwsFSTZ5XmG1z5IiWork0ehHZvfME9iY0FD26jg2Q3AGtmjye0zeP1umUuHfbXa_eiQ_zPnRkRyfNi6RRV0K0bMxwsphiTEXgKGjZqVvptD4iKJvXuqXvJyOIhs0Ia9zU7zBezCeXui5FqL2LXVGa8se3JEAmGZ5bNWFaTfW9oeU_61d3Pn3YPjeXKvJePKsPvd5kxpyFLafne3b7-2nLPHrmxkQ1iRmAfXA2D8NOmWEnEjHbjbWZWEPYlajqetk5LarvD7qCpYeryCD5ZScMkFaXfW5LyMtvbBZjE81KcVaS5in8bcwunIt_nwbcDWN6fv-IC9QbBx6aDm2NzO3jeC9BPpGZ57_QEyOgzbviV-9Uf_2J3dq0VoNfhjq5YMJNj1Nt2pivRs-mNOw7Hwx-5ELcDFshNMcEa7LJuSWNP5ZK_BXvmQsT2EypYxVuY8uaqCne-6XEhcdNTyhxgL0ARFGx7zp_gHeks2Wa9CfKRcMf1xpBmMQCLUcZxW9RxggbZBjPVhpWN_-T9JBw-_XtgFZFsluf0ggrmD84nIctcJAJgo49qRSeugrq9YRn10jIT1loMP9Q5jmnHj2Beul13Oev16yzeB36oig0cfqAM29zhuGT82LnHrdB5xdGuraU3wgF-3Go4qkQKkh43Wu3urAOcEZxTG7gl0P0M7WAMDhdEZD0qakLJ_m3yk-rK70Qvl4ZRtNotslfUlQdV41v4yOUnXJpvI4dfqKLAk5MnIeUhqxzp_N65KTZQw02NODemOaxqMtXEE3jk3NicGTfEBg__bx__s.1688.com%2fselloffer%2foffer_search.htm&x5step=1 關鍵字「」,site_search,,,2026-09-09T04:04:45Z,
P1_no_url,20801138947,隔日到貨🔥 Airpods 透明殼 1代 2代 pro pro2 3 軟殼 A7 保護殼 防摔殼 保護套 耳機殼,213081727830,"9號(附圖上掛飾),1代 / 2代",5,no_url,https://cf.shopee.tw/file/sg-11134201-22120-kuh0n5bwumkvf4_tn,,,,,blocked_captcha,,,,,,,blocked_captcha 卡在 https://s.1688.com//selloffer/offer_search.htm/_____tmd_____/punish?x5secdata=xfC7TB66An8jlPhVB5lrVHzO5xNYUIFv7k__P49OuOV3FkEsSBaa0O8n39oH6aULS_hIambjqi1mAYx9nOjPNTdZ1PFKRaDmXZXlZ33ec41FWJIduzDKdiV4k9pkDtFbcwsFSTZ5XmG1z5IiWork0ehHZvfME9iY0FD26jg2Q3AGtmjye0zeP1umUuHfbXa_eiQ_zPnRkRyfNi6RRV0K0bMxwsphiTEXgKGjZqVvptD4iKJvXuqXvJyOIhs0Ia9zU7zBezCeXui5FqL2LXVGa8se3JEAmGZ5bNWFaTfW9oeU_61d3Pn3YPjeXKvJePKsPvd5kxpyFLafne3b7-2nLPHrmxkQ1iRmAfXA2D8NOmWEnEjHbjbWZWEPYlajqetk5LarvD7qCpYeryCD5ZScMkFaXfW5LyMtvbBZjE81KcVaS5in8bcwunIt_nwbcDWN6fv-IC9QbBx6aDm2NzO3jeC9BPpGZ57_QEyOgzbviV-9Uf_2J3dq0VoNfhjq5YMJNj1Nt2pivRs-mNOw7Hwx-5ELcDFshNMcEa7LJuSWNP5ZK_BXvmQsT2EypYxVuY8uaqCne-6XEhcdNTyhxgL0ARFGx7zp_gHeks2Wa9CfKRcMf1xpBmMQCLUcZxW9RxggbZBjPVhpWN_-T9JBw-_XtgFZFsluf0ggrmD84nIctcJAJgo49qRSeugrq9YRn10jIT1loMP9Q5jmnHj2Beul13Oev16yzeB36oig0cfqAM29zhuGT82LnHrdB5xdGuraU3wgF-3Go4qkQKkh43Wu3urAOcEZxTG7gl0P0M7WAMDhdEZD0qakLJ_m3yk-rK70Qvl4ZRtNotslfUlQdV41v4yOUnXJpvI4dfqKLAk5MnIeUhqxzp_N65KTZQw02NODemOaxqMtXEE3jk3NicGTfEBg__bx__s.1688.com%2fselloffer%2foffer_search.htm&x5step=1 關鍵字「」,site_search,,,2026-09-09T04:04:45Z,
P1_no_url,20801138947,隔日到貨🔥 Airpods 透明殼 1代 2代 pro pro2 3 軟殼 A7 保護殼 防摔殼 保護套 耳機殼,213081727840,"9號(附圖上掛飾),［3代］",5,no_url,https://cf.shopee.tw/file/sg-11134201-22120-kuh0n5bwumkvf4_tn,,,,,blocked_captcha,,,,,,,blocked_captcha 卡在 https://s.1688.com//selloffer/offer_search.htm/_____tmd_____/punish?x5secdata=xfC7TB66An8jlPhVB5lrVHzO5xNYUIFv7k__P49OuOV3FkEsSBaa0O8n39oH6aULS_hIambjqi1mAYx9nOjPNTdZ1PFKRaDmXZXlZ33ec41FWJIduzDKdiV4k9pkDtFbcwsFSTZ5XmG1z5IiWork0ehHZvfME9iY0FD26jg2Q3AGtmjye0zeP1umUuHfbXa_eiQ_zPnRkRyfNi6RRV0K0bMxwsphiTEXgKGjZqVvptD4iKJvXuqXvJyOIhs0Ia9zU7zBezCeXui5FqL2LXVGa8se3JEAmGZ5bNWFaTfW9oeU_61d3Pn3YPjeXKvJePKsPvd5kxpyFLafne3b7-2nLPHrmxkQ1iRmAfXA2D8NOmWEnEjHbjbWZWEPYlajqetk5LarvD7qCpYeryCD5ZScMkFaXfW5LyMtvbBZjE81KcVaS5in8bcwunIt_nwbcDWN6fv-IC9QbBx6aDm2NzO3jeC9BPpGZ57_QEyOgzbviV-9Uf_2J3dq0VoNfhjq5YMJNj1Nt2pivRs-mNOw7Hwx-5ELcDFshNMcEa7LJuSWNP5ZK_BXvmQsT2EypYxVuY8uaqCne-6XEhcdNTyhxgL0ARFGx7zp_gHeks2Wa9CfKRcMf1xpBmMQCLUcZxW9RxggbZBjPVhpWN_-T9JBw-_XtgFZFsluf0ggrmD84nIctcJAJgo49qRSeugrq9YRn10jIT1loMP9Q5jmnHj2Beul13Oev16yzeB36oig0cfqAM29zhuGT82LnHrdB5xdGuraU3wgF-3Go4qkQKkh43Wu3urAOcEZxTG7gl0P0M7WAMDhdEZD0qakLJ_m3yk-rK70Qvl4ZRtNotslfUlQdV41v4yOUnXJpvI4dfqKLAk5MnIeUhqxzp_N65KTZQw02NODemOaxqMtXEE3jk3NicGTfEBg__bx__s.1688.com%2fselloffer%2foffer_search.htm&x5step=1 關鍵字「」,site_search,,,2026-09-09T04:04:45Z,
P1_no_url,22076565983,隔日到貨🔥 Airpods 保護套 1代 2代 3代 pro pro2 耳機套 A19 矽膠 軟殼 保護殼 蘋果,194499806359,"8.立體奶酪+掛鉤,Pro1代/Pro2代 (通用）",5,no_url,https://cf.shopee.tw/file/tw-11134207-7qul2-lkc8r991y52w3f_tn,,,,,blocked_captcha,,,,,,,blocked_captcha 卡在 https://s.1688.com//selloffer/offer_search.htm/_____tmd_____/punish?x5secdata=xfC7TB66An8jlPhVB5lrVHzO5xNYUIFv7k__P49OuOV3FkEsSBaa0O8n39oH6aULS_hIambjqi1mAYx9nOjPNTdZ1PFKRaDmXZXlZ33ec41FWJIduzDKdiV4k9pkDtFbcwsFSTZ5XmG1z5IiWork0ehHZvfME9iY0FD26jg2Q3AGtmjye0zeP1umUuHfbXa_eiQ_zPnRkRyfNi6RRV0K0bMxwsphiTEXgKGjZqVvptD4iKJvXuqXvJyOIhs0Ia9zU7zBezCeXui5FqL2LXVGa8se3JEAmGZ5bNWFaTfW9oeU_61d3Pn3YPjeXKvJePKsPvd5kxpyFLafne3b7-2nLPHrmxkQ1iRmAfXA2D8NOmWEnEjHbjbWZWEPYlajqetk5LarvD7qCpYeryCD5ZScMkFaXfW5LyMtvbBZjE81KcVaS5in8bcwunIt_nwbcDWN6fv-IC9QbBx6aDm2NzO3jeC9BPpGZ57_QEyOgzbviV-9Uf_2J3dq0VoNfhjq5YMJNj1Nt2pivRs-mNOw7Hwx-5ELcDFshNMcEa7LJuSWNP5ZK_BXvmQsT2EypYxVuY8uaqCne-6XEhcdNTyhxgL0ARFGx7zp_gHeks2Wa9CfKRcMf1xpBmMQCLUcZxW9RxggbZBjPVhpWN_-T9JBw-_XtgFZFsluf0ggrmD84nIctcJAJgo49qRSeugrq9YRn10jIT1loMP9Q5jmnHj2Beul13Oev16yzeB36oig0cfqAM29zhuGT82LnHrdB5xdGuraU3wgF-3Go4qkQKkh43Wu3urAOcEZxTG7gl0P0M7WAMDhdEZD0qakLJ_m3yk-rK70Qvl4ZRtNotslfUlQdV41v4yOUnXJpvI4dfqKLAk5MnIeUhqxzp_N65KTZQw02NODemOaxqMtXEE3jk3NicGTfEBg__bx__s.1688.com%2fselloffer%2foffer_search.htm&x5step=1 關鍵字「」,site_search,,,2026-09-09T04:04:45Z,
P1_no_url,22317276000,隔日到貨🔥 大容量 日系簡約尼龍包 B34 網美風 單肩包 肩背包 韓版 復古 斜背包 熱銷 側背包 肩背包 帆布包,230720267827,"黑色,不含吊飾",5,no_url,https://cf.shopee.tw/file/sg-11134201-23010-kojjlrkel3lve0_tn,,,,,blocked_captcha,,,,,,,blocked_captcha 卡在 https://s.1688.com//selloffer/offer_search.htm/_____tmd_____/punish?x5secdata=xfC7TB66An8jlPhVB5lrVHzO5xNYUIFv7k__P49OuOV3FkEsSBaa0O8n39oH6aULS_hIambjqi1mAYx9nOjPNTdZ1PFKRaDmXZXlZ33ec41FWJIduzDKdiV4k9pkDtFbcwsFSTZ5XmG1z5IiWork0ehHZvfME9iY0FD26jg2Q3AGtmjye0zeP1umUuHfbXa_eiQ_zPnRkRyfNi6RRV0K0bMxwsphiTEXgKGjZqVvptD4iKJvXuqXvJyOIhs0Ia9zU7zBezCeXui5FqL2LXVGa8se3JEAmGZ5bNWFaTfW9oeU_61d3Pn3YPjeXKvJePKsPvd5kxpyFLafne3b7-2nLPHrmxkQ1iRmAfXA2D8NOmWEnEjHbjbWZWEPYlajqetk5LarvD7qCpYeryCD5ZScMkFaXfW5LyMtvbBZjE81KcVaS5in8bcwunIt_nwbcDWN6fv-IC9QbBx6aDm2NzO3jeC9BPpGZ57_QEyOgzbviV-9Uf_2J3dq0VoNfhjq5YMJNj1Nt2pivRs-mNOw7Hwx-5ELcDFshNMcEa7LJuSWNP5ZK_BXvmQsT2EypYxVuY8uaqCne-6XEhcdNTyhxgL0ARFGx7zp_gHeks2Wa9CfKRcMf1xpBmMQCLUcZxW9RxggbZBjPVhpWN_-T9JBw-_XtgFZFsluf0ggrmD84nIctcJAJgo49qRSeugrq9YRn10jIT1loMP9Q5jmnHj2Beul13Oev16yzeB36oig0cfqAM29zhuGT82LnHrdB5xdGuraU3wgF-3Go4qkQKkh43Wu3urAOcEZxTG7gl0P0M7WAMDhdEZD0qakLJ_m3yk-rK70Qvl4ZRtNotslfUlQdV41v4yOUnXJpvI4dfqKLAk5MnIeUhqxzp_N65KTZQw02NODemOaxqMtXEE3jk3NicGTfEBg__bx__s.1688.com%2fselloffer%2foffer_search.htm&x5step=1 關鍵字「」,site_search,,,2026-09-09T04:04:45Z,
P1_no_url,23161561299,隔日到貨🔥 Airpods 保護套 1代 2代 3代 pro pro2 耳機套 A31 矽膠 軟殼 保護殼 蘋果,138799819931,"5.黃色白鴨子,Pro1代/Pro2代 (通用）",5,no_url,https://cf.shopee.tw/file/tw-11134207-7r98u-logxenwvfkay8c_tn,,,,,with_candidate,https://detail.1688.com/offer/684361329432.html,684361329432,白色招财猫,4894476285590,白色招财猫&gt;AirpodsPro,低,兄弟／原檔 684361329432：顏色對上,same_shop,,,2026-09-09T02:34:07Z,
P1_no_url,23161561299,隔日到貨🔥 Airpods 保護套 1代 2代 3代 pro pro2 耳機套 A31 矽膠 軟殼 保護殼 蘋果,138799819932,"5.黃色白鴨子,3代",5,no_url,https://cf.shopee.tw/file/tw-11134207-7r98u-logxenwvfkay8c_tn,,,,,with_candidate,https://detail.1688.com/offer/684361329432.html,684361329432,白色招财猫,4894476285590,白色招财猫&gt;AirpodsPro,低,兄弟／原檔 684361329432：顏色對上,same_shop,,,2026-09-09T02:34:07Z,
P1_no_url,23244459752,隔日到貨🔥 韓系 帆布袋 B37 帆布包 單肩包 帆布袋 手提袋 單肩包 提袋 環保袋 購物袋 收納包 簡約文青,167688526079,小熊for you （黑）,5,no_url,https://cf.shopee.tw/file/tw-11134207-7qul3-lhliqvp3j7bie4_tn,,,,,with_candidate,https://detail.1688.com/offer/42776592594.html,42776592594,黑色(带铜扣),4501149630234,黑色(带铜扣),低,兄弟／原檔 42776592594：顏色對上,same_shop,,,2026-09-09T02:27:10Z,
P1_no_url,23244459752,隔日到貨🔥 韓系 帆布袋 B37 帆布包 單肩包 帆布袋 手提袋 單肩包 提袋 環保袋 購物袋 收納包 簡約文青,167688526086,HELLO RABBIT,5,no_url,https://cf.shopee.tw/file/tw-11134207-7qul5-lhlipz9j17f20d_tn,,,,,blocked_captcha,,,,,,,blocked_captcha 卡在 https://s.1688.com//selloffer/offer_search.htm/_____tmd_____/punish?x5secdata=xfC7TB66An8jlPhVB5lrVHzO5xNYUIFv7k__P49OuOV3FkEsSBaa0O8n39oH6aULS_hIambjqi1mAYx9nOjPNTdZ1PFKRaDmXZXlZ33ec41FWJIduzDKdiV4k9pkDtFbcwsFSTZ5XmG1z5IiWork0ehHZvfME9iY0FD26jg2Q3AGtmjye0zeP1umUuHfbXa_eiQ_zPnRkRyfNi6RRV0K0bMxwsphiTEXgKGjZqVvptD4iKJvXuqXvJyOIhs0Ia9zU7zBezCeXui5FqL2LXVGa8se3JEAmGZ5bNWFaTfW9oeU_61d3Pn3YPjeXKvJePKsPvd5kxpyFLafne3b7-2nLPHrmxkQ1iRmAfXA2D8NOmWEnEjHbjbWZWEPYlajqetk5LarvD7qCpYeryCD5ZScMkFaXfW5LyMtvbBZjE81KcVaS5in8bcwunIt_nwbcDWN6fv-IC9QbBx6aDm2NzO3jeC9BPpGZ57_QEyOgzbviV-9Uf_2J3dq0VoNfhjq5YMJNj1Nt2pivRs-mNOw7Hwx-5ELcDFshNMcEa7LJuSWNP5ZK_BXvmQsT2EypYxVuY8uaqCne-6XEhcdNTyhxgL0ARFGx7zp_gHeks2Wa9CfKRcMf1xpBmMQCLUcZxW9RxggbZBjPVhpWN_-T9JBw-_XtgFZFsluf0ggrmD84nIctcJAJgo49qRSeugrq9YRn10jIT1loMP9Q5jmnHj2Beul13Oev16yzeB36oig0cfqAM29zhuGT82LnHrdB5xdGuraU3wgF-3Go4qkQKkh43Wu3urAOcEZxTG7gl0P0M7WAMDhdEZD0qakLJ_m3yk-rK70Qvl4ZRtNotslfUlQdV41v4yOUnXJpvI4dfqKLAk5MnIeUhqxzp_N65KTZQw02NODemOaxqMtXEE3jk3NicGTfEBg__bx__s.1688.com%2fselloffer%2foffer_search.htm&x5step=1 關鍵字「」,site_search,,,2026-09-09T04:04:45Z,
P1_no_url,23244459752,隔日到貨🔥 韓系 帆布袋 B37 帆布包 單肩包 帆布袋 手提袋 單肩包 提袋 環保袋 購物袋 收納包 簡約文青,167688526087,小熊 for you (白）,5,no_url,https://cf.shopee.tw/file/tw-11134207-7qul6-lhlir5wgn0cw12_tn,,,,,with_candidate,https://detail.1688.com/offer/42776592594.html,42776592594,白色(敞口),4501149630221,白色(敞口),低,兄弟／原檔 42776592594：顏色對上,same_shop,,,2026-09-09T02:27:10Z,
P1_no_url,23244459752,隔日到貨🔥 韓系 帆布袋 B37 帆布包 單肩包 帆布袋 手提袋 單肩包 提袋 環保袋 購物袋 收納包 簡約文青,167688526090,nice ok藍,5,no_url,https://cf.shopee.tw/file/tw-11134207-7qul5-lhliqlw5vo9ce4_tn,,,,,with_candidate,https://detail.1688.com/offer/896158447887.html,896158447887,蓝色熊（无内袋）,5915618050337,蓝色熊（无内袋）,低,兄弟／原檔 896158447887：顏色對上,same_shop,,,2026-09-09T02:27:09Z,
P1_no_url,23531347631,隔日到貨🔥 iPhone 手機殼 15 14 13 12 11 XS XR SE 7 8 保護殼 軟殼 手機殼 蘋果,167864389600,"花身蝴蝶,15",5,no_url,https://cf.shopee.tw/file/tw-11134207-23030-a6zb18458jov51_tn,,,,,blocked_captcha,,,,,,,blocked_captcha 卡在 https://s.1688.com//selloffer/offer_search.htm/_____tmd_____/punish?x5secdata=xfC7TB66An8jlPhVB5lrVHzO5xNYUIFv7k__P49OuOV3FkEsSBaa0O8n39oH6aULS_hIambjqi1mAYx9nOjPNTdZ1PFKRaDmXZXlZ33ec41FWJIduzDKdiV4k9pkDtFbcwsFSTZ5XmG1z5IiWork0ehHZvfME9iY0FD26jg2Q3AGtmjye0zeP1umUuHfbXa_eiQ_zPnRkRyfNi6RRV0K0bMxwsphiTEXgKGjZqVvptD4iKJvXuqXvJyOIhs0Ia9zU7zBezCeXui5FqL2LXVGa8se3JEAmGZ5bNWFaTfW9oeU_61d3Pn3YPjeXKvJePKsPvd5kxpyFLafne3b7-2nLPHrmxkQ1iRmAfXA2D8NOmWEnEjHbjbWZWEPYlajqetk5LarvD7qCpYeryCD5ZScMkFaXfW5LyMtvbBZjE81KcVaS5in8bcwunIt_nwbcDWN6fv-IC9QbBx6aDm2NzO3jeC9BPpGZ57_QEyOgzbviV-9Uf_2J3dq0VoNfhjq5YMJNj1Nt2pivRs-mNOw7Hwx-5ELcDFshNMcEa7LJuSWNP5ZK_BXvmQsT2EypYxVuY8uaqCne-6XEhcdNTyhxgL0ARFGx7zp_gHeks2Wa9CfKRcMf1xpBmMQCLUcZxW9RxggbZBjPVhpWN_-T9JBw-_XtgFZFsluf0ggrmD84nIctcJAJgo49qRSeugrq9YRn10jIT1loMP9Q5jmnHj2Beul13Oev16yzeB36oig0cfqAM29zhuGT82LnHrdB5xdGuraU3wgF-3Go4qkQKkh43Wu3urAOcEZxTG7gl0P0M7WAMDhdEZD0qakLJ_m3yk-rK70Qvl4ZRtNotslfUlQdV41v4yOUnXJpvI4dfqKLAk5MnIeUhqxzp_N65KTZQw02NODemOaxqMtXEE3jk3NicGTfEBg__bx__s.1688.com%2fselloffer%2foffer_search.htm&x5step=1 關鍵字「」,site_search,,,2026-09-09T04:04:45Z,
P1_no_url,23531347631,隔日到貨🔥 iPhone 手機殼 15 14 13 12 11 XS XR SE 7 8 保護殼 軟殼 手機殼 蘋果,214031530877,"花身蝴蝶,7Plus / 8Plus",5,no_url,https://cf.shopee.tw/file/tw-11134207-23030-a6zb18458jov51_tn,,,,,blocked_captcha,,,,,,,blocked_captcha 卡在 https://s.1688.com//selloffer/offer_search.htm/_____tmd_____/punish?x5secdata=xfC7TB66An8jlPhVB5lrVHzO5xNYUIFv7k__P49OuOV3FkEsSBaa0O8n39oH6aULS_hIambjqi1mAYx9nOjPNTdZ1PFKRaDmXZXlZ33ec41FWJIduzDKdiV4k9pkDtFbcwsFSTZ5XmG1z5IiWork0ehHZvfME9iY0FD26jg2Q3AGtmjye0zeP1umUuHfbXa_eiQ_zPnRkRyfNi6RRV0K0bMxwsphiTEXgKGjZqVvptD4iKJvXuqXvJyOIhs0Ia9zU7zBezCeXui5FqL2LXVGa8se3JEAmGZ5bNWFaTfW9oeU_61d3Pn3YPjeXKvJePKsPvd5kxpyFLafne3b7-2nLPHrmxkQ1iRmAfXA2D8NOmWEnEjHbjbWZWEPYlajqetk5LarvD7qCpYeryCD5ZScMkFaXfW5LyMtvbBZjE81KcVaS5in8bcwunIt_nwbcDWN6fv-IC9QbBx6aDm2NzO3jeC9BPpGZ57_QEyOgzbviV-9Uf_2J3dq0VoNfhjq5YMJNj1Nt2pivRs-mNOw7Hwx-5ELcDFshNMcEa7LJuSWNP5ZK_BXvmQsT2EypYxVuY8uaqCne-6XEhcdNTyhxgL0ARFGx7zp_gHeks2Wa9CfKRcMf1xpBmMQCLUcZxW9RxggbZBjPVhpWN_-T9JBw-_XtgFZFsluf0ggrmD84nIctcJAJgo49qRSeugrq9YRn10jIT1loMP9Q5jmnHj2Beul13Oev16yzeB36oig0cfqAM29zhuGT82LnHrdB5xdGuraU3wgF-3Go4qkQKkh43Wu3urAOcEZxTG7gl0P0M7WAMDhdEZD0qakLJ_m3yk-rK70Qvl4ZRtNotslfUlQdV41v4yOUnXJpvI4dfqKLAk5MnIeUhqxzp_N65KTZQw02NODemOaxqMtXEE3jk3NicGTfEBg__bx__s.1688.com%2fselloffer%2foffer_search.htm&x5step=1 關鍵字「」,site_search,,,2026-09-09T04:04:45Z,
P1_no_url,23531347631,隔日到貨🔥 iPhone 手機殼 15 14 13 12 11 XS XR SE 7 8 保護殼 軟殼 手機殼 蘋果,221270678499,"花身蝴蝶,11",5,no_url,https://cf.shopee.tw/file/tw-11134207-23030-a6zb18458jov51_tn,,,,,blocked_captcha,,,,,,,blocked_captcha 卡在 https://s.1688.com//selloffer/offer_search.htm/_____tmd_____/punish?x5secdata=xfC7TB66An8jlPhVB5lrVHzO5xNYUIFv7k__P49OuOV3FkEsSBaa0O8n39oH6aULS_hIambjqi1mAYx9nOjPNTdZ1PFKRaDmXZXlZ33ec41FWJIduzDKdiV4k9pkDtFbcwsFSTZ5XmG1z5IiWork0ehHZvfME9iY0FD26jg2Q3AGtmjye0zeP1umUuHfbXa_eiQ_zPnRkRyfNi6RRV0K0bMxwsphiTEXgKGjZqVvptD4iKJvXuqXvJyOIhs0Ia9zU7zBezCeXui5FqL2LXVGa8se3JEAmGZ5bNWFaTfW9oeU_61d3Pn3YPjeXKvJePKsPvd5kxpyFLafne3b7-2nLPHrmxkQ1iRmAfXA2D8NOmWEnEjHbjbWZWEPYlajqetk5LarvD7qCpYeryCD5ZScMkFaXfW5LyMtvbBZjE81KcVaS5in8bcwunIt_nwbcDWN6fv-IC9QbBx6aDm2NzO3jeC9BPpGZ57_QEyOgzbviV-9Uf_2J3dq0VoNfhjq5YMJNj1Nt2pivRs-mNOw7Hwx-5ELcDFshNMcEa7LJuSWNP5ZK_BXvmQsT2EypYxVuY8uaqCne-6XEhcdNTyhxgL0ARFGx7zp_gHeks2Wa9CfKRcMf1xpBmMQCLUcZxW9RxggbZBjPVhpWN_-T9JBw-_XtgFZFsluf0ggrmD84nIctcJAJgo49qRSeugrq9YRn10jIT1loMP9Q5jmnHj2Beul13Oev16yzeB36oig0cfqAM29zhuGT82LnHrdB5xdGuraU3wgF-3Go4qkQKkh43Wu3urAOcEZxTG7gl0P0M7WAMDhdEZD0qakLJ_m3yk-rK70Qvl4ZRtNotslfUlQdV41v4yOUnXJpvI4dfqKLAk5MnIeUhqxzp_N65KTZQw02NODemOaxqMtXEE3jk3NicGTfEBg__bx__s.1688.com%2fselloffer%2foffer_search.htm&x5step=1 關鍵字「」,site_search,,,2026-09-09T04:04:45Z,
P1_no_url,24032554030,隔日到貨🔥 ins爆款 充電器保護套 20W 適用蘋果 線套 咬線器 集線器 iPhone 充電線套 充電套,118388600935,套裝 - 月影黑貓,5,no_url,https://cf.shopee.tw/file/tw-11134207-7r98r-lulvspwrl0qede_tn,,,,,blocked_captcha,,,,,,,blocked_captcha 卡在 https://s.1688.com//selloffer/offer_search.htm/_____tmd_____/punish?x5secdata=xfC7TB66An8jlPhVB5lrVHzO5xNYUIFv7k__P49OuOV3FkEsSBaa0O8n39oH6aULS_hIambjqi1mAYx9nOjPNTdZ1PFKRaDmXZXlZ33ec41FWJIduzDKdiV4k9pkDtFbcwsFSTZ5XmG1z5IiWork0ehHZvfME9iY0FD26jg2Q3AGtmjye0zeP1umUuHfbXa_eiQ_zPnRkRyfNi6RRV0K0bMxwsphiTEXgKGjZqVvptD4iKJvXuqXvJyOIhs0Ia9zU7zBezCeXui5FqL2LXVGa8se3JEAmGZ5bNWFaTfW9oeU_61d3Pn3YPjeXKvJePKsPvd5kxpyFLafne3b7-2nLPHrmxkQ1iRmAfXA2D8NOmWEnEjHbjbWZWEPYlajqetk5LarvD7qCpYeryCD5ZScMkFaXfW5LyMtvbBZjE81KcVaS5in8bcwunIt_nwbcDWN6fv-IC9QbBx6aDm2NzO3jeC9BPpGZ57_QEyOgzbviV-9Uf_2J3dq0VoNfhjq5YMJNj1Nt2pivRs-mNOw7Hwx-5ELcDFshNMcEa7LJuSWNP5ZK_BXvmQsT2EypYxVuY8uaqCne-6XEhcdNTyhxgL0ARFGx7zp_gHeks2Wa9CfKRcMf1xpBmMQCLUcZxW9RxggbZBjPVhpWN_-T9JBw-_XtgFZFsluf0ggrmD84nIctcJAJgo49qRSeugrq9YRn10jIT1loMP9Q5jmnHj2Beul13Oev16yzeB36oig0cfqAM29zhuGT82LnHrdB5xdGuraU3wgF-3Go4qkQKkh43Wu3urAOcEZxTG7gl0P0M7WAMDhdEZD0qakLJ_m3yk-rK70Qvl4ZRtNotslfUlQdV41v4yOUnXJpvI4dfqKLAk5MnIeUhqxzp_N65KTZQw02NODemOaxqMtXEE3jk3NicGTfEBg__bx__s.1688.com%2fselloffer%2foffer_search.htm&x5step=1 關鍵字「」,site_search,,,2026-09-09T04:04:45Z,
P1_no_url,24032554030,隔日到貨🔥 ins爆款 充電器保護套 20W 適用蘋果 線套 咬線器 集線器 iPhone 充電線套 充電套,118388600938,套裝 - 工作卡皮巴拉,5,no_url,https://cf.shopee.tw/file/tw-11134207-7r98o-lulvspwstz2j43_tn,,,,,blocked_captcha,,,,,,,blocked_captcha 卡在 https://s.1688.com//selloffer/offer_search.htm/_____tmd_____/punish?x5secdata=xfC7TB66An8jlPhVB5lrVHzO5xNYUIFv7k__P49OuOV3FkEsSBaa0O8n39oH6aULS_hIambjqi1mAYx9nOjPNTdZ1PFKRaDmXZXlZ33ec41FWJIduzDKdiV4k9pkDtFbcwsFSTZ5XmG1z5IiWork0ehHZvfME9iY0FD26jg2Q3AGtmjye0zeP1umUuHfbXa_eiQ_zPnRkRyfNi6RRV0K0bMxwsphiTEXgKGjZqVvptD4iKJvXuqXvJyOIhs0Ia9zU7zBezCeXui5FqL2LXVGa8se3JEAmGZ5bNWFaTfW9oeU_61d3Pn3YPjeXKvJePKsPvd5kxpyFLafne3b7-2nLPHrmxkQ1iRmAfXA2D8NOmWEnEjHbjbWZWEPYlajqetk5LarvD7qCpYeryCD5ZScMkFaXfW5LyMtvbBZjE81KcVaS5in8bcwunIt_nwbcDWN6fv-IC9QbBx6aDm2NzO3jeC9BPpGZ57_QEyOgzbviV-9Uf_2J3dq0VoNfhjq5YMJNj1Nt2pivRs-mNOw7Hwx-5ELcDFshNMcEa7LJuSWNP5ZK_BXvmQsT2EypYxVuY8uaqCne-6XEhcdNTyhxgL0ARFGx7zp_gHeks2Wa9CfKRcMf1xpBmMQCLUcZxW9RxggbZBjPVhpWN_-T9JBw-_XtgFZFsluf0ggrmD84nIctcJAJgo49qRSeugrq9YRn10jIT1loMP9Q5jmnHj2Beul13Oev16yzeB36oig0cfqAM29zhuGT82LnHrdB5xdGuraU3wgF-3Go4qkQKkh43Wu3urAOcEZxTG7gl0P0M7WAMDhdEZD0qakLJ_m3yk-rK70Qvl4ZRtNotslfUlQdV41v4yOUnXJpvI4dfqKLAk5MnIeUhqxzp_N65KTZQw02NODemOaxqMtXEE3jk3NicGTfEBg__bx__s.1688.com%2fselloffer%2foffer_search.htm&x5step=1 關鍵字「」,site_search,,,2026-09-09T04:04:45Z,
P1_no_url,24959224659,隔日到貨🔥 iPhone 手機殼 15 14 pro 13 12 11 保護殼 軟殼 蘋果,225996927916,"黑色荔枝紋,11",5,no_url,https://cf.shopee.tw/file/tw-11134207-7r98t-lqnj8v0tunyw7f_tn,,,,,blocked_captcha,,,,,,,blocked_captcha 卡在 https://s.1688.com//selloffer/offer_search.htm/_____tmd_____/punish?x5secdata=xfC7TB66An8jlPhVB5lrVHzO5xNYUIFv7k__P49OuOV3FkEsSBaa0O8n39oH6aULS_hIambjqi1mAYx9nOjPNTdZ1PFKRaDmXZXlZ33ec41FWJIduzDKdiV4k9pkDtFbcwsFSTZ5XmG1z5IiWork0ehHZvfME9iY0FD26jg2Q3AGtmjye0zeP1umUuHfbXa_eiQ_zPnRkRyfNi6RRV0K0bMxwsphiTEXgKGjZqVvptD4iKJvXuqXvJyOIhs0Ia9zU7zBezCeXui5FqL2LXVGa8se3JEAmGZ5bNWFaTfW9oeU_61d3Pn3YPjeXKvJePKsPvd5kxpyFLafne3b7-2nLPHrmxkQ1iRmAfXA2D8NOmWEnEjHbjbWZWEPYlajqetk5LarvD7qCpYeryCD5ZScMkFaXfW5LyMtvbBZjE81KcVaS5in8bcwunIt_nwbcDWN6fv-IC9QbBx6aDm2NzO3jeC9BPpGZ57_QEyOgzbviV-9Uf_2J3dq0VoNfhjq5YMJNj1Nt2pivRs-mNOw7Hwx-5ELcDFshNMcEa7LJuSWNP5ZK_BXvmQsT2EypYxVuY8uaqCne-6XEhcdNTyhxgL0ARFGx7zp_gHeks2Wa9CfKRcMf1xpBmMQCLUcZxW9RxggbZBjPVhpWN_-T9JBw-_XtgFZFsluf0ggrmD84nIctcJAJgo49qRSeugrq9YRn10jIT1loMP9Q5jmnHj2Beul13Oev16yzeB36oig0cfqAM29zhuGT82LnHrdB5xdGuraU3wgF-3Go4qkQKkh43Wu3urAOcEZxTG7gl0P0M7WAMDhdEZD0qakLJ_m3yk-rK70Qvl4ZRtNotslfUlQdV41v4yOUnXJpvI4dfqKLAk5MnIeUhqxzp_N65KTZQw02NODemOaxqMtXEE3jk3NicGTfEBg__bx__s.1688.com%2fselloffer%2foffer_search.htm&x5step=1 關鍵字「」,site_search,,,2026-09-09T04:04:45Z,
P1_no_url,29805236318,隔日到貨🔥 ins韓風 手機殼吊飾 Airpods殼吊飾 手機殼掛飾 手機掛件 掛飾 手機吊飾 手機掛繩 掛繩,251190179419,鯛魚,5,no_url,https://cf.shopee.tw/file/tw-11134207-7r98s-lxnp3zlgyhps1d_tn,,,,,blocked_captcha,,,,,,,blocked_captcha 卡在 https://s.1688.com//selloffer/offer_search.htm/_____tmd_____/punish?x5secdata=xfC7TB66An8jlPhVB5lrVHzO5xNYUIFv7k__P49OuOV3FkEsSBaa0O8n39oH6aULS_hIambjqi1mAYx9nOjPNTdZ1PFKRaDmXZXlZ33ec41FWJIduzDKdiV4k9pkDtFbcwsFSTZ5XmG1z5IiWork0ehHZvfME9iY0FD26jg2Q3AGtmjye0zeP1umUuHfbXa_eiQ_zPnRkRyfNi6RRV0K0bMxwsphiTEXgKGjZqVvptD4iKJvXuqXvJyOIhs0Ia9zU7zBezCeXui5FqL2LXVGa8se3JEAmGZ5bNWFaTfW9oeU_61d3Pn3YPjeXKvJePKsPvd5kxpyFLafne3b7-2nLPHrmxkQ1iRmAfXA2D8NOmWEnEjHbjbWZWEPYlajqetk5LarvD7qCpYeryCD5ZScMkFaXfW5LyMtvbBZjE81KcVaS5in8bcwunIt_nwbcDWN6fv-IC9QbBx6aDm2NzO3jeC9BPpGZ57_QEyOgzbviV-9Uf_2J3dq0VoNfhjq5YMJNj1Nt2pivRs-mNOw7Hwx-5ELcDFshNMcEa7LJuSWNP5ZK_BXvmQsT2EypYxVuY8uaqCne-6XEhcdNTyhxgL0ARFGx7zp_gHeks2Wa9CfKRcMf1xpBmMQCLUcZxW9RxggbZBjPVhpWN_-T9JBw-_XtgFZFsluf0ggrmD84nIctcJAJgo49qRSeugrq9YRn10jIT1loMP9Q5jmnHj2Beul13Oev16yzeB36oig0cfqAM29zhuGT82LnHrdB5xdGuraU3wgF-3Go4qkQKkh43Wu3urAOcEZxTG7gl0P0M7WAMDhdEZD0qakLJ_m3yk-rK70Qvl4ZRtNotslfUlQdV41v4yOUnXJpvI4dfqKLAk5MnIeUhqxzp_N65KTZQw02NODemOaxqMtXEE3jk3NicGTfEBg__bx__s.1688.com%2fselloffer%2foffer_search.htm&x5step=1 關鍵字「」,site_search,,,2026-09-09T04:04:45Z,
P1_no_url,8472195827,隔日到貨🔥 iPhone 手機殼 15 14 13 12 11 XS XR SE3 X 保護殼 軟殼 蘋果,46166537181,XR,5,no_url,https://deo.shopeemobile.com/shopee/shopee-seller-live-sg/mmf_portal_seller_root_dir/static/modules/product-list/image/default-item-model-image.2601159.png,,,,,blocked_captcha,,,,,,,blocked_captcha 卡在 https://s.1688.com//selloffer/offer_search.htm/_____tmd_____/punish?x5secdata=xfC7TB66An8jlPhVB5lrVHzO5xNYUIFv7k__P49OuOV3FkEsSBaa0O8n39oH6aULS_hIambjqi1mAYx9nOjPNTdZ1PFKRaDmXZXlZ33ec41FWJIduzDKdiV4k9pkDtFbcwsFSTZ5XmG1z5IiWork0ehHZvfME9iY0FD26jg2Q3AGtmjye0zeP1umUuHfbXa_eiQ_zPnRkRyfNi6RRV0K0bMxwsphiTEXgKGjZqVvptD4iKJvXuqXvJyOIhs0Ia9zU7zBezCeXui5FqL2LXVGa8se3JEAmGZ5bNWFaTfW9oeU_61d3Pn3YPjeXKvJePKsPvd5kxpyFLafne3b7-2nLPHrmxkQ1iRmAfXA2D8NOmWEnEjHbjbWZWEPYlajqetk5LarvD7qCpYeryCD5ZScMkFaXfW5LyMtvbBZjE81KcVaS5in8bcwunIt_nwbcDWN6fv-IC9QbBx6aDm2NzO3jeC9BPpGZ57_QEyOgzbviV-9Uf_2J3dq0VoNfhjq5YMJNj1Nt2pivRs-mNOw7Hwx-5ELcDFshNMcEa7LJuSWNP5ZK_BXvmQsT2EypYxVuY8uaqCne-6XEhcdNTyhxgL0ARFGx7zp_gHeks2Wa9CfKRcMf1xpBmMQCLUcZxW9RxggbZBjPVhpWN_-T9JBw-_XtgFZFsluf0ggrmD84nIctcJAJgo49qRSeugrq9YRn10jIT1loMP9Q5jmnHj2Beul13Oev16yzeB36oig0cfqAM29zhuGT82LnHrdB5xdGuraU3wgF-3Go4qkQKkh43Wu3urAOcEZxTG7gl0P0M7WAMDhdEZD0qakLJ_m3yk-rK70Qvl4ZRtNotslfUlQdV41v4yOUnXJpvI4dfqKLAk5MnIeUhqxzp_N65KTZQw02NODemOaxqMtXEE3jk3NicGTfEBg__bx__s.1688.com%2fselloffer%2foffer_search.htm&x5step=1 關鍵字「」,site_search,,,2026-09-09T04:04:45Z,
P1_no_url,8472195827,隔日到貨🔥 iPhone 手機殼 15 14 13 12 11 XS XR SE3 X 保護殼 軟殼 蘋果,46166537184,7 / 8 / SE2 / SE3,5,no_url,https://deo.shopeemobile.com/shopee/shopee-seller-live-sg/mmf_portal_seller_root_dir/static/modules/product-list/image/default-item-model-image.2601159.png,,,,,blocked_captcha,,,,,,,blocked_captcha 卡在 https://s.1688.com//selloffer/offer_search.htm/_____tmd_____/punish?x5secdata=xfC7TB66An8jlPhVB5lrVHzO5xNYUIFv7k__P49OuOV3FkEsSBaa0O8n39oH6aULS_hIambjqi1mAYx9nOjPNTdZ1PFKRaDmXZXlZ33ec41FWJIduzDKdiV4k9pkDtFbcwsFSTZ5XmG1z5IiWork0ehHZvfME9iY0FD26jg2Q3AGtmjye0zeP1umUuHfbXa_eiQ_zPnRkRyfNi6RRV0K0bMxwsphiTEXgKGjZqVvptD4iKJvXuqXvJyOIhs0Ia9zU7zBezCeXui5FqL2LXVGa8se3JEAmGZ5bNWFaTfW9oeU_61d3Pn3YPjeXKvJePKsPvd5kxpyFLafne3b7-2nLPHrmxkQ1iRmAfXA2D8NOmWEnEjHbjbWZWEPYlajqetk5LarvD7qCpYeryCD5ZScMkFaXfW5LyMtvbBZjE81KcVaS5in8bcwunIt_nwbcDWN6fv-IC9QbBx6aDm2NzO3jeC9BPpGZ57_QEyOgzbviV-9Uf_2J3dq0VoNfhjq5YMJNj1Nt2pivRs-mNOw7Hwx-5ELcDFshNMcEa7LJuSWNP5ZK_BXvmQsT2EypYxVuY8uaqCne-6XEhcdNTyhxgL0ARFGx7zp_gHeks2Wa9CfKRcMf1xpBmMQCLUcZxW9RxggbZBjPVhpWN_-T9JBw-_XtgFZFsluf0ggrmD84nIctcJAJgo49qRSeugrq9YRn10jIT1loMP9Q5jmnHj2Beul13Oev16yzeB36oig0cfqAM29zhuGT82LnHrdB5xdGuraU3wgF-3Go4qkQKkh43Wu3urAOcEZxTG7gl0P0M7WAMDhdEZD0qakLJ_m3yk-rK70Qvl4ZRtNotslfUlQdV41v4yOUnXJpvI4dfqKLAk5MnIeUhqxzp_N65KTZQw02NODemOaxqMtXEE3jk3NicGTfEBg__bx__s.1688.com%2fselloffer%2foffer_search.htm&x5step=1 關鍵字「」,site_search,,,2026-09-09T04:04:45Z,
P1_no_url,8472195827,隔日到貨🔥 iPhone 手機殼 15 14 13 12 11 XS XR SE3 X 保護殼 軟殼 蘋果,46166537190,11,5,no_url,https://deo.shopeemobile.com/shopee/shopee-seller-live-sg/mmf_portal_seller_root_dir/static/modules/product-list/image/default-item-model-image.2601159.png,,,,,blocked_captcha,,,,,,,blocked_captcha 卡在 https://s.1688.com//selloffer/offer_search.htm/_____tmd_____/punish?x5secdata=xfC7TB66An8jlPhVB5lrVHzO5xNYUIFv7k__P49OuOV3FkEsSBaa0O8n39oH6aULS_hIambjqi1mAYx9nOjPNTdZ1PFKRaDmXZXlZ33ec41FWJIduzDKdiV4k9pkDtFbcwsFSTZ5XmG1z5IiWork0ehHZvfME9iY0FD26jg2Q3AGtmjye0zeP1umUuHfbXa_eiQ_zPnRkRyfNi6RRV0K0bMxwsphiTEXgKGjZqVvptD4iKJvXuqXvJyOIhs0Ia9zU7zBezCeXui5FqL2LXVGa8se3JEAmGZ5bNWFaTfW9oeU_61d3Pn3YPjeXKvJePKsPvd5kxpyFLafne3b7-2nLPHrmxkQ1iRmAfXA2D8NOmWEnEjHbjbWZWEPYlajqetk5LarvD7qCpYeryCD5ZScMkFaXfW5LyMtvbBZjE81KcVaS5in8bcwunIt_nwbcDWN6fv-IC9QbBx6aDm2NzO3jeC9BPpGZ57_QEyOgzbviV-9Uf_2J3dq0VoNfhjq5YMJNj1Nt2pivRs-mNOw7Hwx-5ELcDFshNMcEa7LJuSWNP5ZK_BXvmQsT2EypYxVuY8uaqCne-6XEhcdNTyhxgL0ARFGx7zp_gHeks2Wa9CfKRcMf1xpBmMQCLUcZxW9RxggbZBjPVhpWN_-T9JBw-_XtgFZFsluf0ggrmD84nIctcJAJgo49qRSeugrq9YRn10jIT1loMP9Q5jmnHj2Beul13Oev16yzeB36oig0cfqAM29zhuGT82LnHrdB5xdGuraU3wgF-3Go4qkQKkh43Wu3urAOcEZxTG7gl0P0M7WAMDhdEZD0qakLJ_m3yk-rK70Qvl4ZRtNotslfUlQdV41v4yOUnXJpvI4dfqKLAk5MnIeUhqxzp_N65KTZQw02NODemOaxqMtXEE3jk3NicGTfEBg__bx__s.1688.com%2fselloffer%2foffer_search.htm&x5step=1 關鍵字「」,site_search,,,2026-09-09T04:04:45Z,
P1_no_url,8636176778,隔日到貨🔥 韓版 圓領 V領 短袖 上衣 短T 短袖 素T 寬鬆 t桖 棉質 t-shirt 衣服 夏天 素色,55086316862,【V領】杏色,5,no_url,https://cf.shopee.tw/file/bf12fb8a0eed9bf4bbac58b387fdd6a4_tn,,,,,blocked_captcha,,,,,,,blocked_captcha 卡在 https://s.1688.com//selloffer/offer_search.htm/_____tmd_____/punish?x5secdata=xfC7TB66An8jlPhVB5lrVHzO5xNYUIFv7k__P49OuOV3FkEsSBaa0O8n39oH6aULS_hIambjqi1mAYx9nOjPNTdZ1PFKRaDmXZXlZ33ec41FWJIduzDKdiV4k9pkDtFbcwsFSTZ5XmG1z5IiWork0ehHZvfME9iY0FD26jg2Q3AGtmjye0zeP1umUuHfbXa_eiQ_zPnRkRyfNi6RRV0K0bMxwsphiTEXgKGjZqVvptD4iKJvXuqXvJyOIhs0Ia9zU7zBezCeXui5FqL2LXVGa8se3JEAmGZ5bNWFaTfW9oeU_61d3Pn3YPjeXKvJePKsPvd5kxpyFLafne3b7-2nLPHrmxkQ1iRmAfXA2D8NOmWEnEjHbjbWZWEPYlajqetk5LarvD7qCpYeryCD5ZScMkFaXfW5LyMtvbBZjE81KcVaS5in8bcwunIt_nwbcDWN6fv-IC9QbBx6aDm2NzO3jeC9BPpGZ57_QEyOgzbviV-9Uf_2J3dq0VoNfhjq5YMJNj1Nt2pivRs-mNOw7Hwx-5ELcDFshNMcEa7LJuSWNP5ZK_BXvmQsT2EypYxVuY8uaqCne-6XEhcdNTyhxgL0ARFGx7zp_gHeks2Wa9CfKRcMf1xpBmMQCLUcZxW9RxggbZBjPVhpWN_-T9JBw-_XtgFZFsluf0ggrmD84nIctcJAJgo49qRSeugrq9YRn10jIT1loMP9Q5jmnHj2Beul13Oev16yzeB36oig0cfqAM29zhuGT82LnHrdB5xdGuraU3wgF-3Go4qkQKkh43Wu3urAOcEZxTG7gl0P0M7WAMDhdEZD0qakLJ_m3yk-rK70Qvl4ZRtNotslfUlQdV41v4yOUnXJpvI4dfqKLAk5MnIeUhqxzp_N65KTZQw02NODemOaxqMtXEE3jk3NicGTfEBg__bx__s.1688.com%2fselloffer%2foffer_search.htm&x5step=1 關鍵字「」,site_search,,,2026-09-09T04:04:45Z,
P1_no_url,8636176778,隔日到貨🔥 韓版 圓領 V領 短袖 上衣 短T 短袖 素T 寬鬆 t桖 棉質 t-shirt 衣服 夏天 素色,55086316864,【V領】黑色,5,no_url,https://cf.shopee.tw/file/1f41bd8252e1d784510fafc4f3ccac40_tn,,,,,blocked_captcha,,,,,,,blocked_captcha 卡在 https://s.1688.com//selloffer/offer_search.htm/_____tmd_____/punish?x5secdata=xfC7TB66An8jlPhVB5lrVHzO5xNYUIFv7k__P49OuOV3FkEsSBaa0O8n39oH6aULS_hIambjqi1mAYx9nOjPNTdZ1PFKRaDmXZXlZ33ec41FWJIduzDKdiV4k9pkDtFbcwsFSTZ5XmG1z5IiWork0ehHZvfME9iY0FD26jg2Q3AGtmjye0zeP1umUuHfbXa_eiQ_zPnRkRyfNi6RRV0K0bMxwsphiTEXgKGjZqVvptD4iKJvXuqXvJyOIhs0Ia9zU7zBezCeXui5FqL2LXVGa8se3JEAmGZ5bNWFaTfW9oeU_61d3Pn3YPjeXKvJePKsPvd5kxpyFLafne3b7-2nLPHrmxkQ1iRmAfXA2D8NOmWEnEjHbjbWZWEPYlajqetk5LarvD7qCpYeryCD5ZScMkFaXfW5LyMtvbBZjE81KcVaS5in8bcwunIt_nwbcDWN6fv-IC9QbBx6aDm2NzO3jeC9BPpGZ57_QEyOgzbviV-9Uf_2J3dq0VoNfhjq5YMJNj1Nt2pivRs-mNOw7Hwx-5ELcDFshNMcEa7LJuSWNP5ZK_BXvmQsT2EypYxVuY8uaqCne-6XEhcdNTyhxgL0ARFGx7zp_gHeks2Wa9CfKRcMf1xpBmMQCLUcZxW9RxggbZBjPVhpWN_-T9JBw-_XtgFZFsluf0ggrmD84nIctcJAJgo49qRSeugrq9YRn10jIT1loMP9Q5jmnHj2Beul13Oev16yzeB36oig0cfqAM29zhuGT82LnHrdB5xdGuraU3wgF-3Go4qkQKkh43Wu3urAOcEZxTG7gl0P0M7WAMDhdEZD0qakLJ_m3yk-rK70Qvl4ZRtNotslfUlQdV41v4yOUnXJpvI4dfqKLAk5MnIeUhqxzp_N65KTZQw02NODemOaxqMtXEE3jk3NicGTfEBg__bx__s.1688.com%2fselloffer%2foffer_search.htm&x5step=1 關鍵字「」,site_search,,,2026-09-09T04:04:45Z,
P1_no_url,9211504495,隔日到貨🔥 iPhone 手機殼 14 pro 13 12 11 XR 防摔殼 空壓殼 四角獸 保護殼 防撞 蘋果,33542755295,"TPU 防摔殼 - 透明殼,11",5,no_url,https://cf.shopee.tw/file/b7fa5b79b5e8d411cd087bcf6359513f_tn,,,,,blocked_captcha,,,,,,,blocked_captcha 卡在 https://s.1688.com//selloffer/offer_search.htm/_____tmd_____/punish?x5secdata=xfC7TB66An8jlPhVB5lrVHzO5xNYUIFv7k__P49OuOV3FkEsSBaa0O8n39oH6aULS_hIambjqi1mAYx9nOjPNTdZ1PFKRaDmXZXlZ33ec41FWJIduzDKdiV4k9pkDtFbcwsFSTZ5XmG1z5IiWork0ehHZvfME9iY0FD26jg2Q3AGtmjye0zeP1umUuHfbXa_eiQ_zPnRkRyfNi6RRV0K0bMxwsphiTEXgKGjZqVvptD4iKJvXuqXvJyOIhs0Ia9zU7zBezCeXui5FqL2LXVGa8se3JEAmGZ5bNWFaTfW9oeU_61d3Pn3YPjeXKvJePKsPvd5kxpyFLafne3b7-2nLPHrmxkQ1iRmAfXA2D8NOmWEnEjHbjbWZWEPYlajqetk5LarvD7qCpYeryCD5ZScMkFaXfW5LyMtvbBZjE81KcVaS5in8bcwunIt_nwbcDWN6fv-IC9QbBx6aDm2NzO3jeC9BPpGZ57_QEyOgzbviV-9Uf_2J3dq0VoNfhjq5YMJNj1Nt2pivRs-mNOw7Hwx-5ELcDFshNMcEa7LJuSWNP5ZK_BXvmQsT2EypYxVuY8uaqCne-6XEhcdNTyhxgL0ARFGx7zp_gHeks2Wa9CfKRcMf1xpBmMQCLUcZxW9RxggbZBjPVhpWN_-T9JBw-_XtgFZFsluf0ggrmD84nIctcJAJgo49qRSeugrq9YRn10jIT1loMP9Q5jmnHj2Beul13Oev16yzeB36oig0cfqAM29zhuGT82LnHrdB5xdGuraU3wgF-3Go4qkQKkh43Wu3urAOcEZxTG7gl0P0M7WAMDhdEZD0qakLJ_m3yk-rK70Qvl4ZRtNotslfUlQdV41v4yOUnXJpvI4dfqKLAk5MnIeUhqxzp_N65KTZQw02NODemOaxqMtXEE3jk3NicGTfEBg__bx__s.1688.com%2fselloffer%2foffer_search.htm&x5step=1 關鍵字「」,site_search,,,2026-09-09T04:04:45Z,
P1_no_url,9735624397,隔日到貨🔥 iPhone 手機殼 14 13 12 11 XS XR SE3 X 8plus 保護殼 軟殼 蘋果,44567403126,11,5,no_url,https://deo.shopeemobile.com/shopee/shopee-seller-live-sg/mmf_portal_seller_root_dir/static/modules/product-list/image/default-item-model-image.2601159.png,,,,,blocked_captcha,,,,,,,blocked_captcha 卡在 https://s.1688.com//selloffer/offer_search.htm/_____tmd_____/punish?x5secdata=xfC7TB66An8jlPhVB5lrVHzO5xNYUIFv7k__P49OuOV3FkEsSBaa0O8n39oH6aULS_hIambjqi1mAYx9nOjPNTdZ1PFKRaDmXZXlZ33ec41FWJIduzDKdiV4k9pkDtFbcwsFSTZ5XmG1z5IiWork0ehHZvfME9iY0FD26jg2Q3AGtmjye0zeP1umUuHfbXa_eiQ_zPnRkRyfNi6RRV0K0bMxwsphiTEXgKGjZqVvptD4iKJvXuqXvJyOIhs0Ia9zU7zBezCeXui5FqL2LXVGa8se3JEAmGZ5bNWFaTfW9oeU_61d3Pn3YPjeXKvJePKsPvd5kxpyFLafne3b7-2nLPHrmxkQ1iRmAfXA2D8NOmWEnEjHbjbWZWEPYlajqetk5LarvD7qCpYeryCD5ZScMkFaXfW5LyMtvbBZjE81KcVaS5in8bcwunIt_nwbcDWN6fv-IC9QbBx6aDm2NzO3jeC9BPpGZ57_QEyOgzbviV-9Uf_2J3dq0VoNfhjq5YMJNj1Nt2pivRs-mNOw7Hwx-5ELcDFshNMcEa7LJuSWNP5ZK_BXvmQsT2EypYxVuY8uaqCne-6XEhcdNTyhxgL0ARFGx7zp_gHeks2Wa9CfKRcMf1xpBmMQCLUcZxW9RxggbZBjPVhpWN_-T9JBw-_XtgFZFsluf0ggrmD84nIctcJAJgo49qRSeugrq9YRn10jIT1loMP9Q5jmnHj2Beul13Oev16yzeB36oig0cfqAM29zhuGT82LnHrdB5xdGuraU3wgF-3Go4qkQKkh43Wu3urAOcEZxTG7gl0P0M7WAMDhdEZD0qakLJ_m3yk-rK70Qvl4ZRtNotslfUlQdV41v4yOUnXJpvI4dfqKLAk5MnIeUhqxzp_N65KTZQw02NODemOaxqMtXEE3jk3NicGTfEBg__bx__s.1688.com%2fselloffer%2foffer_search.htm&x5step=1 關鍵字「」,site_search,,,2026-09-09T04:04:45Z,
P1_no_url,9791809096,隔日到貨🔥 ins風 韓版 鏡子 化妝鏡 折疊鏡 隨身鏡 簡約 可愛 女學生必備 小鏡子,112086652087,2.波點咖啡熊,5,no_url,https://cf.shopee.tw/file/aeab2f76ae639a5807a76c434444b4fc_tn,,,,,blocked_captcha,,,,,,,blocked_captcha 卡在 https://s.1688.com//selloffer/offer_search.htm/_____tmd_____/punish?x5secdata=xfC7TB66An8jlPhVB5lrVHzO5xNYUIFv7k__P49OuOV3FkEsSBaa0O8n39oH6aULS_hIambjqi1mAYx9nOjPNTdZ1PFKRaDmXZXlZ33ec41FWJIduzDKdiV4k9pkDtFbcwsFSTZ5XmG1z5IiWork0ehHZvfME9iY0FD26jg2Q3AGtmjye0zeP1umUuHfbXa_eiQ_zPnRkRyfNi6RRV0K0bMxwsphiTEXgKGjZqVvptD4iKJvXuqXvJyOIhs0Ia9zU7zBezCeXui5FqL2LXVGa8se3JEAmGZ5bNWFaTfW9oeU_61d3Pn3YPjeXKvJePKsPvd5kxpyFLafne3b7-2nLPHrmxkQ1iRmAfXA2D8NOmWEnEjHbjbWZWEPYlajqetk5LarvD7qCpYeryCD5ZScMkFaXfW5LyMtvbBZjE81KcVaS5in8bcwunIt_nwbcDWN6fv-IC9QbBx6aDm2NzO3jeC9BPpGZ57_QEyOgzbviV-9Uf_2J3dq0VoNfhjq5YMJNj1Nt2pivRs-mNOw7Hwx-5ELcDFshNMcEa7LJuSWNP5ZK_BXvmQsT2EypYxVuY8uaqCne-6XEhcdNTyhxgL0ARFGx7zp_gHeks2Wa9CfKRcMf1xpBmMQCLUcZxW9RxggbZBjPVhpWN_-T9JBw-_XtgFZFsluf0ggrmD84nIctcJAJgo49qRSeugrq9YRn10jIT1loMP9Q5jmnHj2Beul13Oev16yzeB36oig0cfqAM29zhuGT82LnHrdB5xdGuraU3wgF-3Go4qkQKkh43Wu3urAOcEZxTG7gl0P0M7WAMDhdEZD0qakLJ_m3yk-rK70Qvl4ZRtNotslfUlQdV41v4yOUnXJpvI4dfqKLAk5MnIeUhqxzp_N65KTZQw02NODemOaxqMtXEE3jk3NicGTfEBg__bx__s.1688.com%2fselloffer%2foffer_search.htm&x5step=1 關鍵字「」,site_search,,,2026-09-09T04:04:45Z,
P1_no_url,9791809096,隔日到貨🔥 ins風 韓版 鏡子 化妝鏡 折疊鏡 隨身鏡 簡約 可愛 女學生必備 小鏡子,112086652090,5.歪耳狗,5,no_url,https://cf.shopee.tw/file/ee6dfc0624176009f7d9ca56af713b1d_tn,,,,,blocked_captcha,,,,,,,blocked_captcha 卡在 https://s.1688.com//selloffer/offer_search.htm/_____tmd_____/punish?x5secdata=xfC7TB66An8jlPhVB5lrVHzO5xNYUIFv7k__P49OuOV3FkEsSBaa0O8n39oH6aULS_hIambjqi1mAYx9nOjPNTdZ1PFKRaDmXZXlZ33ec41FWJIduzDKdiV4k9pkDtFbcwsFSTZ5XmG1z5IiWork0ehHZvfME9iY0FD26jg2Q3AGtmjye0zeP1umUuHfbXa_eiQ_zPnRkRyfNi6RRV0K0bMxwsphiTEXgKGjZqVvptD4iKJvXuqXvJyOIhs0Ia9zU7zBezCeXui5FqL2LXVGa8se3JEAmGZ5bNWFaTfW9oeU_61d3Pn3YPjeXKvJePKsPvd5kxpyFLafne3b7-2nLPHrmxkQ1iRmAfXA2D8NOmWEnEjHbjbWZWEPYlajqetk5LarvD7qCpYeryCD5ZScMkFaXfW5LyMtvbBZjE81KcVaS5in8bcwunIt_nwbcDWN6fv-IC9QbBx6aDm2NzO3jeC9BPpGZ57_QEyOgzbviV-9Uf_2J3dq0VoNfhjq5YMJNj1Nt2pivRs-mNOw7Hwx-5ELcDFshNMcEa7LJuSWNP5ZK_BXvmQsT2EypYxVuY8uaqCne-6XEhcdNTyhxgL0ARFGx7zp_gHeks2Wa9CfKRcMf1xpBmMQCLUcZxW9RxggbZBjPVhpWN_-T9JBw-_XtgFZFsluf0ggrmD84nIctcJAJgo49qRSeugrq9YRn10jIT1loMP9Q5jmnHj2Beul13Oev16yzeB36oig0cfqAM29zhuGT82LnHrdB5xdGuraU3wgF-3Go4qkQKkh43Wu3urAOcEZxTG7gl0P0M7WAMDhdEZD0qakLJ_m3yk-rK70Qvl4ZRtNotslfUlQdV41v4yOUnXJpvI4dfqKLAk5MnIeUhqxzp_N65KTZQw02NODemOaxqMtXEE3jk3NicGTfEBg__bx__s.1688.com%2fselloffer%2foffer_search.htm&x5step=1 關鍵字「」,site_search,,,2026-09-09T04:04:45Z,
AI2_off_shelf,24052473753,隔日到貨🔥 口紅化妝包 化妝包 收納包 B20 便攜 洗漱包 小包 包包 日韓 少女,214787944849,少女口紅化妝包,90,url_suspect,https://cf.shopee.tw/file/tw-11134207-7r98r-los5n8nm4gvw8b_tn,https://detail.1688.com/offer/734419757382.html,734419757382,,off_shelf,no_candidate,,,,,,,口紅化妝包原頁已下架。店名滕尧，店舖首頁／商品列表沒抓到同款口紅收納包（列表頁幾乎空白）。,planC_reuse,,口红化妆包 少女,2026-09-09T02:51:57Z,planC_no_candidate
AI2_dead,19666639659,隔日到貨🔥 杯套 杯袋 飲料提袋 飲料袋 環保袋 手搖飲料袋 飲料袋 提袋 方便 便攜 棉麻 飲料杯套 帆布袋,165266189287,愛心熊,60,url_suspect,https://cf.shopee.tw/file/sg-11134201-22120-kgca09l5ankv48_tn,https://detail.1688.com/offer/644276542345.html,644276542345,,dead,with_candidate,https://detail.1688.com/offer/977900422023.html,977900422023,爱心熊,5933116172304,爱心熊,中,resume同檔補配：款名「爱心熊」；型號字面命中；SKU名對上,site_search,,杯套 爱心熊 愛心熊,2026-09-09T03:49:08Z,
AI2_dead,19666639659,隔日到貨🔥 杯套 杯袋 飲料提袋 飲料袋 環保袋 手搖飲料袋 飲料袋 提袋 方便 便攜 棉麻 飲料杯套 帆布袋,165266189285,米菲兔,30,url_suspect,https://cf.shopee.tw/file/sg-11134201-22120-bovd2pg5ankvd9_tn,https://detail.1688.com/offer/644276542345.html,644276542345,,dead,with_candidate,https://detail.1688.com/offer/977900422023.html,977900422023,米菲兔,5933116172305,米菲兔,高,resume同檔補配：顏色對上；款名「米菲/菲兔」；型號字面命中；SKU名對上,site_search,,杯套 爱心熊 愛心熊,2026-09-09T03:49:08Z,
AI2_dead,19666639659,隔日到貨🔥 杯套 杯袋 飲料提袋 飲料袋 環保袋 手搖飲料袋 飲料袋 提袋 方便 便攜 棉麻 飲料杯套 帆布袋,165266189288,米色MES,20,url_suspect,https://cf.shopee.tw/file/sg-11134201-22120-g61mx044ankv9d_tn,https://detail.1688.com/offer/644276542345.html,644276542345,,dead,with_candidate,https://detail.1688.com/offer/977900422023.html,977900422023,米色mes petits amis,5933116172301,米色mes petits amis,高,resume全站搜「杯套 爱心熊 愛心熊」：顏色對上；款名「色mes/mes/es」；型號字面命中；品類不太像,site_search,,杯套 爱心熊 愛心熊,2026-09-09T03:43:41Z,
AI2_dead,19666639659,隔日到貨🔥 杯套 杯袋 飲料提袋 飲料袋 環保袋 手搖飲料袋 飲料袋 提袋 方便 便攜 棉麻 飲料杯套 帆布袋,165266189292,Hello,20,url_suspect,https://cf.shopee.tw/file/sg-11134201-22120-wf7vaap5ankv8b_tn,https://detail.1688.com/offer/644276542345.html,644276542345,,dead,with_candidate,https://detail.1688.com/offer/977900422023.html,977900422023,hello,5933116172302,hello,高,resume同檔補配：款名「hello/he/ll」；型號字面命中；SKU名對上,site_search,,杯套 爱心熊 愛心熊,2026-09-09T03:49:08Z,
AI2_dead,26902988030,隔日到貨🔥 韓國 ins風 毛絨卡套 證件夾 證件套 識別證 證件 掛繩 卡片夾 名牌夾 名牌套 卡套 悠遊卡卡,168260538655,開心兔,10,url_suspect,https://cf.shopee.tw/file/tw-11134207-7r990-lwkwdh940kz4ed_tn,https://detail.1688.com/offer/731077655765.html,731077655765,,dead,no_candidate,,,,,,,開心兔毛絨卡套 404。沒有同商品活頁，也沒開到開心兔卡套。,planC_reuse,,毛绒卡套 开心兔,2026-09-09T02:51:57Z,planC_no_candidate
AI2_dead,12464289714,隔日到貨🔥 Apple Pencil 1代/2代 薄款 矽膠筆套 ipad筆套 筆尖套 撞色套組 適用 筆尖套,141225386624,"薰衣紫,2代",10,url_suspect,https://cf.shopee.tw/file/1de6d30a2007bcbe210e7486c62df53a_tn,https://detail.1688.com/offer/621170303718.html,621170303718,,dead,no_candidate,,,,,,,Apple Pencil 筆套原 404。只開到筆尖套（薰衣草灰），不是 2 代筆身矽膠套薰衣紫。,planC_reuse,,Apple Pencil 笔套 硅胶 薰衣紫 2代,2026-09-09T02:51:57Z,planC_no_candidate
AI2_dead,14351597697,隔日到貨🔥 20w 保護套 充電頭保護套 快充專用 保護套 iPhone 蘋果充電頭專用 充電器周邊,87208687292,"8. 綠熊,20W快充頭（5W豆腐頭不適用)",10,url_suspect,https://cf.shopee.tw/file/7a79313d32778f102122441148037da3_tn,https://detail.1688.com/offer/662375994319.html,662375994319,,dead,no_candidate,,,,,,,綠熊 20W 充電頭套：肥猪有黃熊／藍熊／綠小新四件套，沒有「綠熊」頭套；原 662375994319 404。,planC_reuse,,20w 充电头保护套 绿熊,2026-09-09T02:51:57Z,planC_no_candidate
AI2_dead,19666639659,隔日到貨🔥 杯套 杯袋 飲料提袋 飲料袋 環保袋 手搖飲料袋 飲料袋 提袋 方便 便攜 棉麻 飲料杯套 帆布袋,165266189289,貓和主人,10,url_suspect,https://cf.shopee.tw/file/sg-11134201-22120-komfyu84ankv32_tn,https://detail.1688.com/offer/644276542345.html,644276542345,,dead,with_candidate,https://detail.1688.com/offer/977900422023.html,977900422023,猫和主人,5933116172303,猫和主人,高,resume同檔補配：款名「猫和主人/主人/猫和」；型號字面命中；SKU名對上,site_search,,杯套 爱心熊 愛心熊,2026-09-09T03:49:08Z,
AI2_dead,15096771610,隔日到貨🔥 矽膠手環 手機殼手環 適用所有手機殼 手機殼吊飾 手環扣 手腕帶 手機掛件 掛飾 鍊條 手機掛繩 手機掛鉤,39270698622,奶白,10,url_suspect,https://cf.shopee.tw/file/tw-11134207-23030-w4fzoylb39nve2_tn,https://detail.1688.com/offer/674019917510.html,674019917510,,dead,no_candidate,,,,,,,矽膠手環奶白：同上。,planC_reuse,,硅胶手环 手机壳 奶白,2026-09-09T02:51:57Z,planC_no_candidate
AI2_dead,15096771610,隔日到貨🔥 矽膠手環 手機殼手環 適用所有手機殼 手機殼吊飾 手環扣 手腕帶 手機掛件 掛飾 鍊條 手機掛繩 手機掛鉤,39270698625,果粉,10,url_suspect,https://cf.shopee.tw/file/tw-11134207-23030-7l3fjutb39nv8f_tn,https://detail.1688.com/offer/674019917510.html,674019917510,,dead,no_candidate,,,,,,,矽膠手環果粉：原 674019917510 404，沒有替代手環活頁。,planC_reuse,,硅胶手环 手机壳 果粉,2026-09-09T02:51:57Z,planC_no_candidate
AI2_dead,20488473843,隔日到貨🔥 ins爆款 充電器保護套 20W 適用蘋果 線套 咬線器 集線器 iPhone 充電線套 充電套,204276976414,1. 套裝 - 綠色香腸嘴 （鐳射線套）,10,url_suspect,https://cf.shopee.tw/file/tw-11134207-7qul4-lghmkk7mk9wq2a_tn,https://detail.1688.com/offer/715793566068.html,715793566068,,dead,with_candidate,https://detail.1688.com/offer/703936399842.html,703936399842,火腿肠(4件套),4951712716630,火腿肠(4件套)大小头+1.4米绕线绳+硅胶扎带,低,原香腸嘴 offer 715793566068 404。肥猪同店四件套有「火腿肠」（大小頭+繞線），品類是充電頭套+線套，火腿腸≈香腸嘴，但沒標綠／粉、也不是鐳射線套。,planC_reuse,,充電器保護套 20W 咬線器 香肠嘴／碳球（走同店活頁，未走全站搜尋）,2026-09-09T02:27:09Z,planC_reuse
AI2_dead,20488473843,隔日到貨🔥 ins爆款 充電器保護套 20W 適用蘋果 線套 咬線器 集線器 iPhone 充電線套 充電套,204276976417,4. 套裝 - 粉色香腸嘴（粉色線套）,10,url_suspect,https://cf.shopee.tw/file/tw-11134207-7qul2-lghmksg8i8169f_tn,https://detail.1688.com/offer/715793566068.html,715793566068,,dead,with_candidate,https://detail.1688.com/offer/703936399842.html,703936399842,火腿肠(4件套),4951712716630,火腿肠(4件套)大小头+1.4米绕线绳+硅胶扎带,低,原香腸嘴 offer 715793566068 404。肥猪同店四件套有「火腿肠」（大小頭+繞線），品類是充電頭套+線套，火腿腸≈香腸嘴，但沒標綠／粉、也不是鐳射線套。,planC_reuse,,充電器保護套 20W 咬線器 香肠嘴／碳球（走同店活頁，未走全站搜尋）,2026-09-09T02:27:09Z,planC_reuse
AI2_dead,20488473843,隔日到貨🔥 ins爆款 充電器保護套 20W 適用蘋果 線套 咬線器 集線器 iPhone 充電線套 充電套,235303163998,14. 套裝 - 發芽碳球,10,url_suspect,https://cf.shopee.tw/file/tw-11134207-7qula-lhud8a6ld4262e_tn,https://detail.1688.com/offer/702421478513.html,702421478513,,dead,with_candidate,https://detail.1688.com/offer/703936399842.html,703936399842,发芽煤球(4件套),4951712716679,发芽煤球(4件套)大小头+1.4米绕线绳+硅胶扎带,中,原 702421478513 404。肥猪充電套裝活頁有「发芽煤球」四件套（大小頭+繞線），煤球≈碳球、發芽也對。,planC_reuse,,同商品充電套裝兄弟檔 703936399842（派大星同源店）開詳情,2026-09-09T02:27:09Z,shelved_round1
AI2_dead,6448815216,隔日到貨🔥 韓版 ins 🍒 慵懶帆布包 斜背包 B22 學院風 側背包 肩背包 帆布 郵差包 原宿 單肩包 休閒,70758055780,白色,10,url_suspect,https://cf.shopee.tw/file/8846ef73430c8eba18f248dd42535ae6_tn,https://detail.1688.com/offer/578246788500.html,578246788500,,dead,blocked_captcha,,,,,,,blocked_captcha 卡在 https://s.1688.com//selloffer/offer_search.htm/_____tmd_____/punish?x5secdata=xfC7TB66An8jlPhVB5lrVHzO5xNYUIFv7k__P49OuOV3FkEsSBaa0O8n39oH6aULS_hIambjqi1mAYx9nOjPNTdZ1PFKRaDmXZXlZ33ec41FWJIduzDKdiV4k9pkDtFbcwsFSTZ5XmG1z5IiWork0ehHZvfME9iY0FD26jg2Q3AGtmjye0zeP1umUuHfbXa_eiQ_zPnRkRyfNi6RRV0K0bMxwsphiTEXgKGjZqVvptD4iKJvXuqXvJyOIhs0Ia9zU7zBezCeXui5FqL2LXVGa8se3JEAmGZ5bNWFaTfW9oeU_61d3Pn3YPjeXKvJePKsPvd5kxpyFLafne3b7-2nLPHrmxkQ1iRmAfXA2D8NOmWEnEjHbjbWZWEPYlajqetk5LarvD7qCpYeryCD5ZScMkFaXfW5LyMtvbBZjE81KcVaS5in8bcwunIt_nwbcDWN6fv-IC9QbBx6aDm2NzO3jeC9BPpGZ57_QEyOgzbviV-9Uf_2J3dq0VoNfhjq5YMJNj1Nt2pivRs-mNOw7Hwx-5ELcDFshNMcEa7LJuSWNP5ZK_BXvmQsT2EypYxVuY8uaqCne-6XEhcdNTyhxgL0ARFGx7zp_gHeks2Wa9CfKRcMf1xpBmMQCLUcZxW9RxggbZBjPVhpWN_-T9JBw-_XtgFZFsluf0ggrmD84nIctcJAJgo49qRSeugrq9YRn10jIT1loMP9Q5jmnHj2Beul13Oev16yzeB36oig0cfqAM29zhuGT82LnHrdB5xdGuraU3wgF-3Go4qkQKkh43Wu3urAOcEZxTG7gl0P0M7WAMDhdEZD0qakLJ_m3yk-rK70Qvl4ZRtNotslfUlQdV41v4yOUnXJpvI4dfqKLAk5MnIeUhqxzp_N65KTZQw02NODemOaxqMtXEE3jk3NicGTfEBg__bx__s.1688.com%2fselloffer%2foffer_search.htm&x5step=1 關鍵字「」,site_search,,,2026-09-09T04:04:45Z,
AI2_dead,19666639659,隔日到貨🔥 杯套 杯袋 飲料提袋 飲料袋 環保袋 手搖飲料袋 飲料袋 提袋 方便 便攜 棉麻 飲料杯套 帆布袋,165266189286,Have a warm day,10,url_suspect,https://cf.shopee.tw/file/sg-11134201-22120-gpshrdj5ankv29_tn,https://detail.1688.com/offer/644276542345.html,644276542345,,dead,with_candidate,https://detail.1688.com/offer/977900422023.html,977900422023,have a warm day in your heart,5933116172300,have a warm day in your heart,高,resume同檔補配：款名「haveawarmday/ar/ay」；型號字面命中；SKU名對上,site_search,,杯套 爱心熊 愛心熊,2026-09-09T03:49:08Z,
AI2_dead,20488473843,隔日到貨🔥 ins爆款 充電器保護套 20W 適用蘋果 線套 咬線器 集線器 iPhone 充電線套 充電套,204276976416,3. 套裝 - 粉色香腸嘴 （鐳射線套）,10,url_suspect,https://cf.shopee.tw/file/tw-11134207-7qul1-lghmksg8gtgqaa_tn,https://detail.1688.com/offer/715793566068.html,715793566068,,dead,with_candidate,https://detail.1688.com/offer/703936399842.html,703936399842,火腿肠(4件套),4951712716630,火腿肠(4件套)大小头+1.4米绕线绳+硅胶扎带,低,原香腸嘴 offer 715793566068 404。肥猪同店四件套有「火腿肠」（大小頭+繞線），品類是充電頭套+線套，火腿腸≈香腸嘴，但沒標綠／粉、也不是鐳射線套。,planC_reuse,,充電器保護套 20W 咬線器 香肠嘴／碳球（走同店活頁，未走全站搜尋）,2026-09-09T02:27:09Z,planC_reuse
AI2_dead,19666639659,隔日到貨🔥 杯套 杯袋 飲料提袋 飲料袋 環保袋 手搖飲料袋 飲料袋 提袋 方便 便攜 棉麻 飲料杯套 帆布袋,108909267604,沉思,10,url_suspect,https://cf.shopee.tw/file/tw-11134207-7qul9-licofuotawqq8a_tn,https://detail.1688.com/offer/644276542345.html,644276542345,,dead,with_candidate,https://detail.1688.com/offer/977900422023.html,977900422023,沉思杯套,5933116172309,沉思杯套,中,resume同檔補配：款名「沉思」；型號字面命中；SKU名對上,site_search,,杯套 爱心熊 愛心熊,2026-09-09T03:49:08Z,
AI2_dead,19666639659,隔日到貨🔥 杯套 杯袋 飲料提袋 飲料袋 環保袋 手搖飲料袋 飲料袋 提袋 方便 便攜 棉麻 飲料杯套 帆布袋,108909267605,摸頭,10,url_suspect,https://cf.shopee.tw/file/tw-11134207-7qul0-lgt3xmphf03018_tn,https://detail.1688.com/offer/644276542345.html,644276542345,,dead,with_candidate,https://detail.1688.com/offer/977900422023.html,977900422023,摸头杯套,5933116172310,摸头杯套,中,resume同檔補配：款名「摸头」；型號字面命中；SKU名對上,site_search,,杯套 爱心熊 愛心熊,2026-09-09T03:49:08Z,
AI2_dead,12439413079,隔日到貨🔥 iPhone 手機殼 17 16 15 14 13 12 11 XS XR SE3 X 保護殼 軟殼 蘋果,171110111462,"2.熊熊,11",5,url_suspect,https://cf.shopee.tw/file/267ed1f2ca0e8508e03806fcfa22fc12_tn,https://detail.1688.com/offer/647266157547.html,647266157547,,dead,with_candidate,https://detail.1688.com/offer/657336800632.html,657336800632,古董白 睡帽熊,4918342342355,古董白 睡帽熊>11 6.1,低,原熊熊殼 647266157547 404。塔下睡帽熊有 iPhone 11，僅「小熊殼」品類接近，花色不同。,planC_reuse,,塔下睡帽熊 657336800632 對機型 11,2026-09-09T02:27:09Z,planC_reuse
AI2_dead,15096771610,隔日到貨🔥 矽膠手環 手機殼手環 適用所有手機殼 手機殼吊飾 手環扣 手腕帶 手機掛件 掛飾 鍊條 手機掛繩 手機掛鉤,39270698621,藍灰,5,url_suspect,https://cf.shopee.tw/file/tw-11134207-23030-9cvmo4hb39nvb1_tn,https://detail.1688.com/offer/674019917510.html,674019917510,,dead,no_candidate,,,,,,,矽膠手環藍灰：同上。,planC_reuse,,硅胶手环 手机壳 蓝灰,2026-09-09T02:51:57Z,planC_no_candidate
AI2_dead,15276471498,隔日到貨🔥 iPhone 手機殼 14 13 12 11 pro Max XS XR SE 8plus 保護殼 軟殼,125316965871,"相框古董白,XS Max",5,url_suspect,https://cf.shopee.tw/file/sg-11134201-22110-vvqyy8wugdkv7b_tn,https://detail.1688.com/offer/641213194100.html,641213194100,,dead,no_candidate,,,,,,,相框古董白 XS Max：原 404。塔下活頁是睡帽熊／菲林兔，沒有相框古董白。,planC_reuse,,iPhone 手机壳 相框 古董白,2026-09-09T02:51:57Z,planC_no_candidate
AI2_dead,15276471498,隔日到貨🔥 iPhone 手機殼 14 13 12 11 pro Max XS XR SE 8plus 保護殼 軟殼,125316965872,"相框古董白,12 pro",5,url_suspect,https://cf.shopee.tw/file/sg-11134201-22110-vvqyy8wugdkv7b_tn,https://detail.1688.com/offer/641213194100.html,641213194100,,dead,no_candidate,,,,,,,相框古董白 12 pro：同上。,planC_reuse,,iPhone 手机壳 相框 古董白 12pro,2026-09-09T02:51:57Z,planC_no_candidate
AI2_dead,18066755908,隔日到貨🔥 ins 韓版網紅爆款 S14 大C純色棉襪 高筒襪 長襪 韓風熱銷 女襪 襪子 可愛襪 運動襪 秋冬襪,220416359804,咖啡,5,url_suspect,https://cf.shopee.tw/file/sg-11134201-22120-vprx1bnsookva0_tn,https://detail.1688.com/offer/680647200035.html,680647200035,,dead,blocked_captcha,,,,,,,blocked_captcha 卡在 https://s.1688.com//selloffer/offer_search.htm/_____tmd_____/punish?x5secdata=xfC7TB66An8jlPhVB5lrVHzO5xNYUIFv7k__P49OuOV3FkEsSBaa0O8n39oH6aULS_hIambjqi1mAYx9nOjPNTdZ1PFKRaDmXZXlZ33ec41FWJIduzDKdiV4k9pkDtFbcwsFSTZ5XmG1z5IiWork0ehHZvfME9iY0FD26jg2Q3AGtmjye0zeP1umUuHfbXa_eiQ_zPnRkRyfNi6RRV0K0bMxwsphiTEXgKGjZqVvptD4iKJvXuqXvJyOIhs0Ia9zU7zBezCeXui5FqL2LXVGa8se3JEAmGZ5bNWFaTfW9oeU_61d3Pn3YPjeXKvJePKsPvd5kxpyFLafne3b7-2nLPHrmxkQ1iRmAfXA2D8NOmWEnEjHbjbWZWEPYlajqetk5LarvD7qCpYeryCD5ZScMkFaXfW5LyMtvbBZjE81KcVaS5in8bcwunIt_nwbcDWN6fv-IC9QbBx6aDm2NzO3jeC9BPpGZ57_QEyOgzbviV-9Uf_2J3dq0VoNfhjq5YMJNj1Nt2pivRs-mNOw7Hwx-5ELcDFshNMcEa7LJuSWNP5ZK_BXvmQsT2EypYxVuY8uaqCne-6XEhcdNTyhxgL0ARFGx7zp_gHeks2Wa9CfKRcMf1xpBmMQCLUcZxW9RxggbZBjPVhpWN_-T9JBw-_XtgFZFsluf0ggrmD84nIctcJAJgo49qRSeugrq9YRn10jIT1loMP9Q5jmnHj2Beul13Oev16yzeB36oig0cfqAM29zhuGT82LnHrdB5xdGuraU3wgF-3Go4qkQKkh43Wu3urAOcEZxTG7gl0P0M7WAMDhdEZD0qakLJ_m3yk-rK70Qvl4ZRtNotslfUlQdV41v4yOUnXJpvI4dfqKLAk5MnIeUhqxzp_N65KTZQw02NODemOaxqMtXEE3jk3NicGTfEBg__bx__s.1688.com%2fselloffer%2foffer_search.htm&x5step=1 關鍵字「」,site_search,,,2026-09-09T04:04:45Z,
AI2_dead,20488473843,隔日到貨🔥 ins爆款 充電器保護套 20W 適用蘋果 線套 咬線器 集線器 iPhone 充電線套 充電套,204277011264,8. 套裝 - 藍大愛心,5,url_suspect,https://cf.shopee.tw/file/tw-11134207-7qukx-lghmvsuifegxe3_tn,https://detail.1688.com/offer/691886666407.html,691886666407,,dead,no_candidate,,,,,,,藍大愛心充電套裝：布叮有小花愛心咬線器，不是大愛心頭套+線套。原 691886666407 404。,planC_reuse,,充电器保护套 20W 蓝大爱心,2026-09-09T02:51:57Z,planC_no_candidate
AI2_dead,22568487237,隔日到貨🔥 iPhone 手機殼 15 14 13 12 11 pro Max XS XR SE 保護殼 軟殼,214612360860,"下午茶點,15",5,url_suspect,https://cf.shopee.tw/file/tw-11134207-7qul6-lh1nkdbtyzop15_tn,https://detail.1688.com/offer/716952591571.html,716952591571,,dead,no_candidate,,,,,,,下午茶點 15：原 404，活頁沒這花色。,planC_reuse,,iPhone 手机壳 下午茶,2026-09-09T02:51:57Z,planC_no_candidate
AI2_off_shelf,8743346211,隔日到貨🔥 iPhone 手機殼 15 14 13 12 11 pro Max XS XR SE 保護殼 軟殼,64914252592,11 pro,5,url_suspect,https://deo.shopeemobile.com/shopee/shopee-seller-live-sg/mmf_portal_seller_root_dir/static/modules/product-list/image/default-item-model-image.2601159.png,https://detail.1688.com/offer/635124351042.html,635124351042,,off_shelf,with_candidate,https://detail.1688.com/offer/657336800632.html,657336800632,古董白 睡帽熊,4918342342354,古董白 睡帽熊>11pro 5.8,低,原側邊小熊殼已下架。同店塔下還有「睡帽熊」11pro 活頁，都是小熊軟殼，但花色不是側邊小熊。,planC_reuse,,原下架頁「查看該店其他商品」→ 塔下 657336800632 睡帽熊,2026-09-09T02:27:09Z,planC_reuse
AI2_dead,9150720936,隔日到貨🔥 韓風熱銷款🏆 太空人 吊飾 鑰匙扣 鑰匙圈 汽車鑰匙圈 公仔 掛飾 吊墜 掛鉤 吊環 墜飾,91757189453,1. 藍色太空人,5,url_suspect,https://cf.shopee.tw/file/b092b22c55a7c6371270bf30f8b1f441_tn,https://detail.1688.com/offer/612901941751.html,612901941751,,dead,no_candidate,,,,,,,藍色太空人鑰匙扣 404。見到的「蓝色宇航员」是 AirPods 套（肥猪），不是鑰匙扣。,planC_reuse,,太空人 钥匙扣 蓝色,2026-09-09T02:51:57Z,planC_no_candidate
AI2_dead,9150720936,隔日到貨🔥 韓風熱銷款🏆 太空人 吊飾 鑰匙扣 鑰匙圈 汽車鑰匙圈 公仔 掛飾 吊墜 掛鉤 吊環 墜飾,91757189465,10. 小熊,5,url_suspect,https://cf.shopee.tw/file/39674d5ef8f0a99d7e854eba07240bcc_tn,https://detail.1688.com/offer/612901941751.html,612901941751,,dead,no_candidate,,,,,,,太空人系列「小熊」鑰匙扣：同上，沒開到鑰匙扣活頁。,planC_reuse,,太空人 钥匙扣 小熊,2026-09-09T02:51:57Z,planC_no_candidate
AI2_dead,11515936363,隔日到貨🔥 韓風熱銷款🏆 韓國ins 吊飾 鑰匙扣 鑰匙圈 文青 汽車鑰匙 公仔 掛飾 吊墜 掛鉤 吊環 墜飾,46254013217,7. 笑臉牛奶鑰匙圈,5,url_suspect,https://cf.shopee.tw/file/99c871f61ef8f771196a9f9316f2006a_tn,https://detail.1688.com/offer/617123543564.html,617123543564,,dead,blocked_captcha,,,,,,,blocked_captcha 卡在 https://s.1688.com//selloffer/offer_search.htm/_____tmd_____/punish?x5secdata=xfC7TB66An8jlPhVB5lrVHzO5xNYUIFv7k__P49OuOV3FkEsSBaa0O8n39oH6aULS_hIambjqi1mAYx9nOjPNTdZ1PFKRaDmXZXlZ33ec41FWJIduzDKdiV4k9pkDtFbcwsFSTZ5XmG1z5IiWork0ehHZvfME9iY0FD26jg2Q3AGtmjye0zeP1umUuHfbXa_eiQ_zPnRkRyfNi6RRV0K0bMxwsphiTEXgKGjZqVvptD4iKJvXuqXvJyOIhs0Ia9zU7zBezCeXui5FqL2LXVGa8se3JEAmGZ5bNWFaTfW9oeU_61d3Pn3YPjeXKvJePKsPvd5kxpyFLafne3b7-2nLPHrmxkQ1iRmAfXA2D8NOmWEnEjHbjbWZWEPYlajqetk5LarvD7qCpYeryCD5ZScMkFaXfW5LyMtvbBZjE81KcVaS5in8bcwunIt_nwbcDWN6fv-IC9QbBx6aDm2NzO3jeC9BPpGZ57_QEyOgzbviV-9Uf_2J3dq0VoNfhjq5YMJNj1Nt2pivRs-mNOw7Hwx-5ELcDFshNMcEa7LJuSWNP5ZK_BXvmQsT2EypYxVuY8uaqCne-6XEhcdNTyhxgL0ARFGx7zp_gHeks2Wa9CfKRcMf1xpBmMQCLUcZxW9RxggbZBjPVhpWN_-T9JBw-_XtgFZFsluf0ggrmD84nIctcJAJgo49qRSeugrq9YRn10jIT1loMP9Q5jmnHj2Beul13Oev16yzeB36oig0cfqAM29zhuGT82LnHrdB5xdGuraU3wgF-3Go4qkQKkh43Wu3urAOcEZxTG7gl0P0M7WAMDhdEZD0qakLJ_m3yk-rK70Qvl4ZRtNotslfUlQdV41v4yOUnXJpvI4dfqKLAk5MnIeUhqxzp_N65KTZQw02NODemOaxqMtXEE3jk3NicGTfEBg__bx__s.1688.com%2fselloffer%2foffer_search.htm&x5step=1 關鍵字「」,site_search,,,2026-09-09T04:04:45Z,
AI2_dead,11515936363,隔日到貨🔥 韓風熱銷款🏆 韓國ins 吊飾 鑰匙扣 鑰匙圈 文青 汽車鑰匙 公仔 掛飾 吊墜 掛鉤 吊環 墜飾,46254013218,8. 棕色考拉鑰匙圈,5,url_suspect,https://cf.shopee.tw/file/b25a48dd1b2908e8480dcc10144ba2e0_tn,https://detail.1688.com/offer/617123543564.html,617123543564,,dead,blocked_captcha,,,,,,,blocked_captcha 卡在 https://s.1688.com//selloffer/offer_search.htm/_____tmd_____/punish?x5secdata=xfC7TB66An8jlPhVB5lrVHzO5xNYUIFv7k__P49OuOV3FkEsSBaa0O8n39oH6aULS_hIambjqi1mAYx9nOjPNTdZ1PFKRaDmXZXlZ33ec41FWJIduzDKdiV4k9pkDtFbcwsFSTZ5XmG1z5IiWork0ehHZvfME9iY0FD26jg2Q3AGtmjye0zeP1umUuHfbXa_eiQ_zPnRkRyfNi6RRV0K0bMxwsphiTEXgKGjZqVvptD4iKJvXuqXvJyOIhs0Ia9zU7zBezCeXui5FqL2LXVGa8se3JEAmGZ5bNWFaTfW9oeU_61d3Pn3YPjeXKvJePKsPvd5kxpyFLafne3b7-2nLPHrmxkQ1iRmAfXA2D8NOmWEnEjHbjbWZWEPYlajqetk5LarvD7qCpYeryCD5ZScMkFaXfW5LyMtvbBZjE81KcVaS5in8bcwunIt_nwbcDWN6fv-IC9QbBx6aDm2NzO3jeC9BPpGZ57_QEyOgzbviV-9Uf_2J3dq0VoNfhjq5YMJNj1Nt2pivRs-mNOw7Hwx-5ELcDFshNMcEa7LJuSWNP5ZK_BXvmQsT2EypYxVuY8uaqCne-6XEhcdNTyhxgL0ARFGx7zp_gHeks2Wa9CfKRcMf1xpBmMQCLUcZxW9RxggbZBjPVhpWN_-T9JBw-_XtgFZFsluf0ggrmD84nIctcJAJgo49qRSeugrq9YRn10jIT1loMP9Q5jmnHj2Beul13Oev16yzeB36oig0cfqAM29zhuGT82LnHrdB5xdGuraU3wgF-3Go4qkQKkh43Wu3urAOcEZxTG7gl0P0M7WAMDhdEZD0qakLJ_m3yk-rK70Qvl4ZRtNotslfUlQdV41v4yOUnXJpvI4dfqKLAk5MnIeUhqxzp_N65KTZQw02NODemOaxqMtXEE3jk3NicGTfEBg__bx__s.1688.com%2fselloffer%2foffer_search.htm&x5step=1 關鍵字「」,site_search,,,2026-09-09T04:04:45Z,
AI2_dead,11515936363,隔日到貨🔥 韓風熱銷款🏆 韓國ins 吊飾 鑰匙扣 鑰匙圈 文青 汽車鑰匙 公仔 掛飾 吊墜 掛鉤 吊環 墜飾,46254013220,17. 黃色太陽花鑰匙圈,5,url_suspect,https://cf.shopee.tw/file/9beaa5c6deb62fd095962576bd711d3a_tn,https://detail.1688.com/offer/622441480241.html,622441480241,,dead,blocked_captcha,,,,,,,blocked_captcha 卡在 https://s.1688.com//selloffer/offer_search.htm/_____tmd_____/punish?x5secdata=xfC7TB66An8jlPhVB5lrVHzO5xNYUIFv7k__P49OuOV3FkEsSBaa0O8n39oH6aULS_hIambjqi1mAYx9nOjPNTdZ1PFKRaDmXZXlZ33ec41FWJIduzDKdiV4k9pkDtFbcwsFSTZ5XmG1z5IiWork0ehHZvfME9iY0FD26jg2Q3AGtmjye0zeP1umUuHfbXa_eiQ_zPnRkRyfNi6RRV0K0bMxwsphiTEXgKGjZqVvptD4iKJvXuqXvJyOIhs0Ia9zU7zBezCeXui5FqL2LXVGa8se3JEAmGZ5bNWFaTfW9oeU_61d3Pn3YPjeXKvJePKsPvd5kxpyFLafne3b7-2nLPHrmxkQ1iRmAfXA2D8NOmWEnEjHbjbWZWEPYlajqetk5LarvD7qCpYeryCD5ZScMkFaXfW5LyMtvbBZjE81KcVaS5in8bcwunIt_nwbcDWN6fv-IC9QbBx6aDm2NzO3jeC9BPpGZ57_QEyOgzbviV-9Uf_2J3dq0VoNfhjq5YMJNj1Nt2pivRs-mNOw7Hwx-5ELcDFshNMcEa7LJuSWNP5ZK_BXvmQsT2EypYxVuY8uaqCne-6XEhcdNTyhxgL0ARFGx7zp_gHeks2Wa9CfKRcMf1xpBmMQCLUcZxW9RxggbZBjPVhpWN_-T9JBw-_XtgFZFsluf0ggrmD84nIctcJAJgo49qRSeugrq9YRn10jIT1loMP9Q5jmnHj2Beul13Oev16yzeB36oig0cfqAM29zhuGT82LnHrdB5xdGuraU3wgF-3Go4qkQKkh43Wu3urAOcEZxTG7gl0P0M7WAMDhdEZD0qakLJ_m3yk-rK70Qvl4ZRtNotslfUlQdV41v4yOUnXJpvI4dfqKLAk5MnIeUhqxzp_N65KTZQw02NODemOaxqMtXEE3jk3NicGTfEBg__bx__s.1688.com%2fselloffer%2foffer_search.htm&x5step=1 關鍵字「」,site_search,,,2026-09-09T04:04:45Z,
AI2_dead,11515936363,隔日到貨🔥 韓風熱銷款🏆 韓國ins 吊飾 鑰匙扣 鑰匙圈 文青 汽車鑰匙 公仔 掛飾 吊墜 掛鉤 吊環 墜飾,46254013221,18. 白色呆呆熊鑰匙圈,5,url_suspect,https://cf.shopee.tw/file/4145f9dcab2bde2c95fd33c503df7d81_tn,https://detail.1688.com/offer/622441480241.html,622441480241,,dead,blocked_captcha,,,,,,,blocked_captcha 卡在 https://s.1688.com//selloffer/offer_search.htm/_____tmd_____/punish?x5secdata=xfC7TB66An8jlPhVB5lrVHzO5xNYUIFv7k__P49OuOV3FkEsSBaa0O8n39oH6aULS_hIambjqi1mAYx9nOjPNTdZ1PFKRaDmXZXlZ33ec41FWJIduzDKdiV4k9pkDtFbcwsFSTZ5XmG1z5IiWork0ehHZvfME9iY0FD26jg2Q3AGtmjye0zeP1umUuHfbXa_eiQ_zPnRkRyfNi6RRV0K0bMxwsphiTEXgKGjZqVvptD4iKJvXuqXvJyOIhs0Ia9zU7zBezCeXui5FqL2LXVGa8se3JEAmGZ5bNWFaTfW9oeU_61d3Pn3YPjeXKvJePKsPvd5kxpyFLafne3b7-2nLPHrmxkQ1iRmAfXA2D8NOmWEnEjHbjbWZWEPYlajqetk5LarvD7qCpYeryCD5ZScMkFaXfW5LyMtvbBZjE81KcVaS5in8bcwunIt_nwbcDWN6fv-IC9QbBx6aDm2NzO3jeC9BPpGZ57_QEyOgzbviV-9Uf_2J3dq0VoNfhjq5YMJNj1Nt2pivRs-mNOw7Hwx-5ELcDFshNMcEa7LJuSWNP5ZK_BXvmQsT2EypYxVuY8uaqCne-6XEhcdNTyhxgL0ARFGx7zp_gHeks2Wa9CfKRcMf1xpBmMQCLUcZxW9RxggbZBjPVhpWN_-T9JBw-_XtgFZFsluf0ggrmD84nIctcJAJgo49qRSeugrq9YRn10jIT1loMP9Q5jmnHj2Beul13Oev16yzeB36oig0cfqAM29zhuGT82LnHrdB5xdGuraU3wgF-3Go4qkQKkh43Wu3urAOcEZxTG7gl0P0M7WAMDhdEZD0qakLJ_m3yk-rK70Qvl4ZRtNotslfUlQdV41v4yOUnXJpvI4dfqKLAk5MnIeUhqxzp_N65KTZQw02NODemOaxqMtXEE3jk3NicGTfEBg__bx__s.1688.com%2fselloffer%2foffer_search.htm&x5step=1 關鍵字「」,site_search,,,2026-09-09T04:04:45Z,
AI2_dead,11515936363,隔日到貨🔥 韓風熱銷款🏆 韓國ins 吊飾 鑰匙扣 鑰匙圈 文青 汽車鑰匙 公仔 掛飾 吊墜 掛鉤 吊環 墜飾,46254013224,6. 黃色花鑰匙圈,5,url_suspect,https://cf.shopee.tw/file/543303a0e77a5b496dd125c873d5d604_tn,https://detail.1688.com/offer/601777449827.html,601777449827,,dead,blocked_captcha,,,,,,,blocked_captcha 卡在 https://s.1688.com//selloffer/offer_search.htm/_____tmd_____/punish?x5secdata=xfC7TB66An8jlPhVB5lrVHzO5xNYUIFv7k__P49OuOV3FkEsSBaa0O8n39oH6aULS_hIambjqi1mAYx9nOjPNTdZ1PFKRaDmXZXlZ33ec41FWJIduzDKdiV4k9pkDtFbcwsFSTZ5XmG1z5IiWork0ehHZvfME9iY0FD26jg2Q3AGtmjye0zeP1umUuHfbXa_eiQ_zPnRkRyfNi6RRV0K0bMxwsphiTEXgKGjZqVvptD4iKJvXuqXvJyOIhs0Ia9zU7zBezCeXui5FqL2LXVGa8se3JEAmGZ5bNWFaTfW9oeU_61d3Pn3YPjeXKvJePKsPvd5kxpyFLafne3b7-2nLPHrmxkQ1iRmAfXA2D8NOmWEnEjHbjbWZWEPYlajqetk5LarvD7qCpYeryCD5ZScMkFaXfW5LyMtvbBZjE81KcVaS5in8bcwunIt_nwbcDWN6fv-IC9QbBx6aDm2NzO3jeC9BPpGZ57_QEyOgzbviV-9Uf_2J3dq0VoNfhjq5YMJNj1Nt2pivRs-mNOw7Hwx-5ELcDFshNMcEa7LJuSWNP5ZK_BXvmQsT2EypYxVuY8uaqCne-6XEhcdNTyhxgL0ARFGx7zp_gHeks2Wa9CfKRcMf1xpBmMQCLUcZxW9RxggbZBjPVhpWN_-T9JBw-_XtgFZFsluf0ggrmD84nIctcJAJgo49qRSeugrq9YRn10jIT1loMP9Q5jmnHj2Beul13Oev16yzeB36oig0cfqAM29zhuGT82LnHrdB5xdGuraU3wgF-3Go4qkQKkh43Wu3urAOcEZxTG7gl0P0M7WAMDhdEZD0qakLJ_m3yk-rK70Qvl4ZRtNotslfUlQdV41v4yOUnXJpvI4dfqKLAk5MnIeUhqxzp_N65KTZQw02NODemOaxqMtXEE3jk3NicGTfEBg__bx__s.1688.com%2fselloffer%2foffer_search.htm&x5step=1 關鍵字「」,site_search,,,2026-09-09T04:04:45Z,
AI2_dead,11515936363,隔日到貨🔥 韓風熱銷款🏆 韓國ins 吊飾 鑰匙扣 鑰匙圈 文青 汽車鑰匙 公仔 掛飾 吊墜 掛鉤 吊環 墜飾,46254013226,5. 紫色花鑰匙圈,5,url_suspect,https://cf.shopee.tw/file/479eedc4d680e06cc120c90df7cb4f53_tn,https://detail.1688.com/offer/601777449827.html,601777449827,,dead,blocked_captcha,,,,,,,blocked_captcha 卡在 https://s.1688.com//selloffer/offer_search.htm/_____tmd_____/punish?x5secdata=xfC7TB66An8jlPhVB5lrVHzO5xNYUIFv7k__P49OuOV3FkEsSBaa0O8n39oH6aULS_hIambjqi1mAYx9nOjPNTdZ1PFKRaDmXZXlZ33ec41FWJIduzDKdiV4k9pkDtFbcwsFSTZ5XmG1z5IiWork0ehHZvfME9iY0FD26jg2Q3AGtmjye0zeP1umUuHfbXa_eiQ_zPnRkRyfNi6RRV0K0bMxwsphiTEXgKGjZqVvptD4iKJvXuqXvJyOIhs0Ia9zU7zBezCeXui5FqL2LXVGa8se3JEAmGZ5bNWFaTfW9oeU_61d3Pn3YPjeXKvJePKsPvd5kxpyFLafne3b7-2nLPHrmxkQ1iRmAfXA2D8NOmWEnEjHbjbWZWEPYlajqetk5LarvD7qCpYeryCD5ZScMkFaXfW5LyMtvbBZjE81KcVaS5in8bcwunIt_nwbcDWN6fv-IC9QbBx6aDm2NzO3jeC9BPpGZ57_QEyOgzbviV-9Uf_2J3dq0VoNfhjq5YMJNj1Nt2pivRs-mNOw7Hwx-5ELcDFshNMcEa7LJuSWNP5ZK_BXvmQsT2EypYxVuY8uaqCne-6XEhcdNTyhxgL0ARFGx7zp_gHeks2Wa9CfKRcMf1xpBmMQCLUcZxW9RxggbZBjPVhpWN_-T9JBw-_XtgFZFsluf0ggrmD84nIctcJAJgo49qRSeugrq9YRn10jIT1loMP9Q5jmnHj2Beul13Oev16yzeB36oig0cfqAM29zhuGT82LnHrdB5xdGuraU3wgF-3Go4qkQKkh43Wu3urAOcEZxTG7gl0P0M7WAMDhdEZD0qakLJ_m3yk-rK70Qvl4ZRtNotslfUlQdV41v4yOUnXJpvI4dfqKLAk5MnIeUhqxzp_N65KTZQw02NODemOaxqMtXEE3jk3NicGTfEBg__bx__s.1688.com%2fselloffer%2foffer_search.htm&x5step=1 關鍵字「」,site_search,,,2026-09-09T04:04:45Z,
AI2_dead,11515936363,隔日到貨🔥 韓風熱銷款🏆 韓國ins 吊飾 鑰匙扣 鑰匙圈 文青 汽車鑰匙 公仔 掛飾 吊墜 掛鉤 吊環 墜飾,46254013227,9. umu布丁鑰匙圈,5,url_suspect,https://cf.shopee.tw/file/984e928efdfa2136d0e9960b8dd341bd_tn,https://detail.1688.com/offer/617123543564.html,617123543564,,dead,blocked_captcha,,,,,,,blocked_captcha 卡在 https://s.1688.com//selloffer/offer_search.htm/_____tmd_____/punish?x5secdata=xfC7TB66An8jlPhVB5lrVHzO5xNYUIFv7k__P49OuOV3FkEsSBaa0O8n39oH6aULS_hIambjqi1mAYx9nOjPNTdZ1PFKRaDmXZXlZ33ec41FWJIduzDKdiV4k9pkDtFbcwsFSTZ5XmG1z5IiWork0ehHZvfME9iY0FD26jg2Q3AGtmjye0zeP1umUuHfbXa_eiQ_zPnRkRyfNi6RRV0K0bMxwsphiTEXgKGjZqVvptD4iKJvXuqXvJyOIhs0Ia9zU7zBezCeXui5FqL2LXVGa8se3JEAmGZ5bNWFaTfW9oeU_61d3Pn3YPjeXKvJePKsPvd5kxpyFLafne3b7-2nLPHrmxkQ1iRmAfXA2D8NOmWEnEjHbjbWZWEPYlajqetk5LarvD7qCpYeryCD5ZScMkFaXfW5LyMtvbBZjE81KcVaS5in8bcwunIt_nwbcDWN6fv-IC9QbBx6aDm2NzO3jeC9BPpGZ57_QEyOgzbviV-9Uf_2J3dq0VoNfhjq5YMJNj1Nt2pivRs-mNOw7Hwx-5ELcDFshNMcEa7LJuSWNP5ZK_BXvmQsT2EypYxVuY8uaqCne-6XEhcdNTyhxgL0ARFGx7zp_gHeks2Wa9CfKRcMf1xpBmMQCLUcZxW9RxggbZBjPVhpWN_-T9JBw-_XtgFZFsluf0ggrmD84nIctcJAJgo49qRSeugrq9YRn10jIT1loMP9Q5jmnHj2Beul13Oev16yzeB36oig0cfqAM29zhuGT82LnHrdB5xdGuraU3wgF-3Go4qkQKkh43Wu3urAOcEZxTG7gl0P0M7WAMDhdEZD0qakLJ_m3yk-rK70Qvl4ZRtNotslfUlQdV41v4yOUnXJpvI4dfqKLAk5MnIeUhqxzp_N65KTZQw02NODemOaxqMtXEE3jk3NicGTfEBg__bx__s.1688.com%2fselloffer%2foffer_search.htm&x5step=1 關鍵字「」,site_search,,,2026-09-09T04:04:45Z,
AI2_dead,11515936363,隔日到貨🔥 韓風熱銷款🏆 韓國ins 吊飾 鑰匙扣 鑰匙圈 文青 汽車鑰匙 公仔 掛飾 吊墜 掛鉤 吊環 墜飾,56254013140,21. 黃色表情吐舌頭鑰匙圈,5,url_suspect,https://cf.shopee.tw/file/1e887871285d7bf3cb4962cd2f9b36d4_tn,https://detail.1688.com/offer/622441480241.html,622441480241,,dead,blocked_captcha,,,,,,,blocked_captcha 卡在 https://s.1688.com//selloffer/offer_search.htm/_____tmd_____/punish?x5secdata=xfC7TB66An8jlPhVB5lrVHzO5xNYUIFv7k__P49OuOV3FkEsSBaa0O8n39oH6aULS_hIambjqi1mAYx9nOjPNTdZ1PFKRaDmXZXlZ33ec41FWJIduzDKdiV4k9pkDtFbcwsFSTZ5XmG1z5IiWork0ehHZvfME9iY0FD26jg2Q3AGtmjye0zeP1umUuHfbXa_eiQ_zPnRkRyfNi6RRV0K0bMxwsphiTEXgKGjZqVvptD4iKJvXuqXvJyOIhs0Ia9zU7zBezCeXui5FqL2LXVGa8se3JEAmGZ5bNWFaTfW9oeU_61d3Pn3YPjeXKvJePKsPvd5kxpyFLafne3b7-2nLPHrmxkQ1iRmAfXA2D8NOmWEnEjHbjbWZWEPYlajqetk5LarvD7qCpYeryCD5ZScMkFaXfW5LyMtvbBZjE81KcVaS5in8bcwunIt_nwbcDWN6fv-IC9QbBx6aDm2NzO3jeC9BPpGZ57_QEyOgzbviV-9Uf_2J3dq0VoNfhjq5YMJNj1Nt2pivRs-mNOw7Hwx-5ELcDFshNMcEa7LJuSWNP5ZK_BXvmQsT2EypYxVuY8uaqCne-6XEhcdNTyhxgL0ARFGx7zp_gHeks2Wa9CfKRcMf1xpBmMQCLUcZxW9RxggbZBjPVhpWN_-T9JBw-_XtgFZFsluf0ggrmD84nIctcJAJgo49qRSeugrq9YRn10jIT1loMP9Q5jmnHj2Beul13Oev16yzeB36oig0cfqAM29zhuGT82LnHrdB5xdGuraU3wgF-3Go4qkQKkh43Wu3urAOcEZxTG7gl0P0M7WAMDhdEZD0qakLJ_m3yk-rK70Qvl4ZRtNotslfUlQdV41v4yOUnXJpvI4dfqKLAk5MnIeUhqxzp_N65KTZQw02NODemOaxqMtXEE3jk3NicGTfEBg__bx__s.1688.com%2fselloffer%2foffer_search.htm&x5step=1 關鍵字「」,site_search,,,2026-09-09T04:04:45Z,
AI2_dead,12439413079,隔日到貨🔥 iPhone 手機殼 17 16 15 14 13 12 11 XS XR SE3 X 保護殼 軟殼 蘋果,171110111469,"2.熊熊,12",5,url_suspect,https://cf.shopee.tw/file/267ed1f2ca0e8508e03806fcfa22fc12_tn,https://detail.1688.com/offer/647266157547.html,647266157547,,dead,no_candidate,,,,,,,原自動配到「可口可乐」僅機型數字撞上、款名完全不對，改標找不到。同店 676437553164：機型對上,same_shop,,,2026-09-09T02:54:54Z,
AI2_dead,12439413079,隔日到貨🔥 iPhone 手機殼 17 16 15 14 13 12 11 XS XR SE3 X 保護殼 軟殼 蘋果,171110111480,"2.熊熊,7 / 8 / SE2 / SE3",5,url_suspect,https://cf.shopee.tw/file/267ed1f2ca0e8508e03806fcfa22fc12_tn,https://detail.1688.com/offer/647266157547.html,647266157547,,dead,blocked_captcha,,,,,,,blocked_captcha 卡在 https://s.1688.com//selloffer/offer_search.htm/_____tmd_____/punish?x5secdata=xfC7TB66An8jlPhVB5lrVHzO5xNYUIFv7k__P49OuOV3FkEsSBaa0O8n39oH6aULS_hIambjqi1mAYx9nOjPNTdZ1PFKRaDmXZXlZ33ec41FWJIduzDKdiV4k9pkDtFbcwsFSTZ5XmG1z5IiWork0ehHZvfME9iY0FD26jg2Q3AGtmjye0zeP1umUuHfbXa_eiQ_zPnRkRyfNi6RRV0K0bMxwsphiTEXgKGjZqVvptD4iKJvXuqXvJyOIhs0Ia9zU7zBezCeXui5FqL2LXVGa8se3JEAmGZ5bNWFaTfW9oeU_61d3Pn3YPjeXKvJePKsPvd5kxpyFLafne3b7-2nLPHrmxkQ1iRmAfXA2D8NOmWEnEjHbjbWZWEPYlajqetk5LarvD7qCpYeryCD5ZScMkFaXfW5LyMtvbBZjE81KcVaS5in8bcwunIt_nwbcDWN6fv-IC9QbBx6aDm2NzO3jeC9BPpGZ57_QEyOgzbviV-9Uf_2J3dq0VoNfhjq5YMJNj1Nt2pivRs-mNOw7Hwx-5ELcDFshNMcEa7LJuSWNP5ZK_BXvmQsT2EypYxVuY8uaqCne-6XEhcdNTyhxgL0ARFGx7zp_gHeks2Wa9CfKRcMf1xpBmMQCLUcZxW9RxggbZBjPVhpWN_-T9JBw-_XtgFZFsluf0ggrmD84nIctcJAJgo49qRSeugrq9YRn10jIT1loMP9Q5jmnHj2Beul13Oev16yzeB36oig0cfqAM29zhuGT82LnHrdB5xdGuraU3wgF-3Go4qkQKkh43Wu3urAOcEZxTG7gl0P0M7WAMDhdEZD0qakLJ_m3yk-rK70Qvl4ZRtNotslfUlQdV41v4yOUnXJpvI4dfqKLAk5MnIeUhqxzp_N65KTZQw02NODemOaxqMtXEE3jk3NicGTfEBg__bx__s.1688.com%2fselloffer%2foffer_search.htm&x5step=1 關鍵字「」,site_search,,,2026-09-09T04:04:45Z,
AI2_dead,12439413079,隔日到貨🔥 iPhone 手機殼 17 16 15 14 13 12 11 XS XR SE3 X 保護殼 軟殼 蘋果,171110111483,"2.熊熊,XR",5,url_suspect,https://cf.shopee.tw/file/267ed1f2ca0e8508e03806fcfa22fc12_tn,https://detail.1688.com/offer/647266157547.html,647266157547,,dead,blocked_captcha,,,,,,,blocked_captcha 卡在 https://s.1688.com//selloffer/offer_search.htm/_____tmd_____/punish?x5secdata=xfC7TB66An8jlPhVB5lrVHzO5xNYUIFv7k__P49OuOV3FkEsSBaa0O8n39oH6aULS_hIambjqi1mAYx9nOjPNTdZ1PFKRaDmXZXlZ33ec41FWJIduzDKdiV4k9pkDtFbcwsFSTZ5XmG1z5IiWork0ehHZvfME9iY0FD26jg2Q3AGtmjye0zeP1umUuHfbXa_eiQ_zPnRkRyfNi6RRV0K0bMxwsphiTEXgKGjZqVvptD4iKJvXuqXvJyOIhs0Ia9zU7zBezCeXui5FqL2LXVGa8se3JEAmGZ5bNWFaTfW9oeU_61d3Pn3YPjeXKvJePKsPvd5kxpyFLafne3b7-2nLPHrmxkQ1iRmAfXA2D8NOmWEnEjHbjbWZWEPYlajqetk5LarvD7qCpYeryCD5ZScMkFaXfW5LyMtvbBZjE81KcVaS5in8bcwunIt_nwbcDWN6fv-IC9QbBx6aDm2NzO3jeC9BPpGZ57_QEyOgzbviV-9Uf_2J3dq0VoNfhjq5YMJNj1Nt2pivRs-mNOw7Hwx-5ELcDFshNMcEa7LJuSWNP5ZK_BXvmQsT2EypYxVuY8uaqCne-6XEhcdNTyhxgL0ARFGx7zp_gHeks2Wa9CfKRcMf1xpBmMQCLUcZxW9RxggbZBjPVhpWN_-T9JBw-_XtgFZFsluf0ggrmD84nIctcJAJgo49qRSeugrq9YRn10jIT1loMP9Q5jmnHj2Beul13Oev16yzeB36oig0cfqAM29zhuGT82LnHrdB5xdGuraU3wgF-3Go4qkQKkh43Wu3urAOcEZxTG7gl0P0M7WAMDhdEZD0qakLJ_m3yk-rK70Qvl4ZRtNotslfUlQdV41v4yOUnXJpvI4dfqKLAk5MnIeUhqxzp_N65KTZQw02NODemOaxqMtXEE3jk3NicGTfEBg__bx__s.1688.com%2fselloffer%2foffer_search.htm&x5step=1 關鍵字「」,site_search,,,2026-09-09T04:04:45Z,
AI2_dead,12439413079,隔日到貨🔥 iPhone 手機殼 17 16 15 14 13 12 11 XS XR SE3 X 保護殼 軟殼 蘋果,171110111488,"2.熊熊,13",5,url_suspect,https://cf.shopee.tw/file/267ed1f2ca0e8508e03806fcfa22fc12_tn,https://detail.1688.com/offer/647266157547.html,647266157547,,dead,blocked_captcha,,,,,,,blocked_captcha 卡在 https://s.1688.com//selloffer/offer_search.htm/_____tmd_____/punish?x5secdata=xfC7TB66An8jlPhVB5lrVHzO5xNYUIFv7k__P49OuOV3FkEsSBaa0O8n39oH6aULS_hIambjqi1mAYx9nOjPNTdZ1PFKRaDmXZXlZ33ec41FWJIduzDKdiV4k9pkDtFbcwsFSTZ5XmG1z5IiWork0ehHZvfME9iY0FD26jg2Q3AGtmjye0zeP1umUuHfbXa_eiQ_zPnRkRyfNi6RRV0K0bMxwsphiTEXgKGjZqVvptD4iKJvXuqXvJyOIhs0Ia9zU7zBezCeXui5FqL2LXVGa8se3JEAmGZ5bNWFaTfW9oeU_61d3Pn3YPjeXKvJePKsPvd5kxpyFLafne3b7-2nLPHrmxkQ1iRmAfXA2D8NOmWEnEjHbjbWZWEPYlajqetk5LarvD7qCpYeryCD5ZScMkFaXfW5LyMtvbBZjE81KcVaS5in8bcwunIt_nwbcDWN6fv-IC9QbBx6aDm2NzO3jeC9BPpGZ57_QEyOgzbviV-9Uf_2J3dq0VoNfhjq5YMJNj1Nt2pivRs-mNOw7Hwx-5ELcDFshNMcEa7LJuSWNP5ZK_BXvmQsT2EypYxVuY8uaqCne-6XEhcdNTyhxgL0ARFGx7zp_gHeks2Wa9CfKRcMf1xpBmMQCLUcZxW9RxggbZBjPVhpWN_-T9JBw-_XtgFZFsluf0ggrmD84nIctcJAJgo49qRSeugrq9YRn10jIT1loMP9Q5jmnHj2Beul13Oev16yzeB36oig0cfqAM29zhuGT82LnHrdB5xdGuraU3wgF-3Go4qkQKkh43Wu3urAOcEZxTG7gl0P0M7WAMDhdEZD0qakLJ_m3yk-rK70Qvl4ZRtNotslfUlQdV41v4yOUnXJpvI4dfqKLAk5MnIeUhqxzp_N65KTZQw02NODemOaxqMtXEE3jk3NicGTfEBg__bx__s.1688.com%2fselloffer%2foffer_search.htm&x5step=1 關鍵字「」,site_search,,,2026-09-09T04:04:45Z,
AI2_dead,12439413079,隔日到貨🔥 iPhone 手機殼 17 16 15 14 13 12 11 XS XR SE3 X 保護殼 軟殼 蘋果,171110111491,"2.熊熊,7Plus / 8Plus",5,url_suspect,https://cf.shopee.tw/file/267ed1f2ca0e8508e03806fcfa22fc12_tn,https://detail.1688.com/offer/647266157547.html,647266157547,,dead,blocked_captcha,,,,,,,blocked_captcha 卡在 https://s.1688.com//selloffer/offer_search.htm/_____tmd_____/punish?x5secdata=xfC7TB66An8jlPhVB5lrVHzO5xNYUIFv7k__P49OuOV3FkEsSBaa0O8n39oH6aULS_hIambjqi1mAYx9nOjPNTdZ1PFKRaDmXZXlZ33ec41FWJIduzDKdiV4k9pkDtFbcwsFSTZ5XmG1z5IiWork0ehHZvfME9iY0FD26jg2Q3AGtmjye0zeP1umUuHfbXa_eiQ_zPnRkRyfNi6RRV0K0bMxwsphiTEXgKGjZqVvptD4iKJvXuqXvJyOIhs0Ia9zU7zBezCeXui5FqL2LXVGa8se3JEAmGZ5bNWFaTfW9oeU_61d3Pn3YPjeXKvJePKsPvd5kxpyFLafne3b7-2nLPHrmxkQ1iRmAfXA2D8NOmWEnEjHbjbWZWEPYlajqetk5LarvD7qCpYeryCD5ZScMkFaXfW5LyMtvbBZjE81KcVaS5in8bcwunIt_nwbcDWN6fv-IC9QbBx6aDm2NzO3jeC9BPpGZ57_QEyOgzbviV-9Uf_2J3dq0VoNfhjq5YMJNj1Nt2pivRs-mNOw7Hwx-5ELcDFshNMcEa7LJuSWNP5ZK_BXvmQsT2EypYxVuY8uaqCne-6XEhcdNTyhxgL0ARFGx7zp_gHeks2Wa9CfKRcMf1xpBmMQCLUcZxW9RxggbZBjPVhpWN_-T9JBw-_XtgFZFsluf0ggrmD84nIctcJAJgo49qRSeugrq9YRn10jIT1loMP9Q5jmnHj2Beul13Oev16yzeB36oig0cfqAM29zhuGT82LnHrdB5xdGuraU3wgF-3Go4qkQKkh43Wu3urAOcEZxTG7gl0P0M7WAMDhdEZD0qakLJ_m3yk-rK70Qvl4ZRtNotslfUlQdV41v4yOUnXJpvI4dfqKLAk5MnIeUhqxzp_N65KTZQw02NODemOaxqMtXEE3jk3NicGTfEBg__bx__s.1688.com%2fselloffer%2foffer_search.htm&x5step=1 關鍵字「」,site_search,,,2026-09-09T04:04:45Z,
AI2_dead,12464289714,隔日到貨🔥 Apple Pencil 1代/2代 薄款 矽膠筆套 ipad筆套 筆尖套 撞色套組 適用 筆尖套,141225386622,"櫻花粉,1代",5,url_suspect,https://cf.shopee.tw/file/53fa90f93280cef9923f71bc73499016_tn,https://detail.1688.com/offer/621170303718.html,621170303718,,dead,blocked_captcha,,,,,,,blocked_captcha 卡在 https://s.1688.com//selloffer/offer_search.htm/_____tmd_____/punish?x5secdata=xfC7TB66An8jlPhVB5lrVHzO5xNYUIFv7k__P49OuOV3FkEsSBaa0O8n39oH6aULS_hIambjqi1mAYx9nOjPNTdZ1PFKRaDmXZXlZ33ec41FWJIduzDKdiV4k9pkDtFbcwsFSTZ5XmG1z5IiWork0ehHZvfME9iY0FD26jg2Q3AGtmjye0zeP1umUuHfbXa_eiQ_zPnRkRyfNi6RRV0K0bMxwsphiTEXgKGjZqVvptD4iKJvXuqXvJyOIhs0Ia9zU7zBezCeXui5FqL2LXVGa8se3JEAmGZ5bNWFaTfW9oeU_61d3Pn3YPjeXKvJePKsPvd5kxpyFLafne3b7-2nLPHrmxkQ1iRmAfXA2D8NOmWEnEjHbjbWZWEPYlajqetk5LarvD7qCpYeryCD5ZScMkFaXfW5LyMtvbBZjE81KcVaS5in8bcwunIt_nwbcDWN6fv-IC9QbBx6aDm2NzO3jeC9BPpGZ57_QEyOgzbviV-9Uf_2J3dq0VoNfhjq5YMJNj1Nt2pivRs-mNOw7Hwx-5ELcDFshNMcEa7LJuSWNP5ZK_BXvmQsT2EypYxVuY8uaqCne-6XEhcdNTyhxgL0ARFGx7zp_gHeks2Wa9CfKRcMf1xpBmMQCLUcZxW9RxggbZBjPVhpWN_-T9JBw-_XtgFZFsluf0ggrmD84nIctcJAJgo49qRSeugrq9YRn10jIT1loMP9Q5jmnHj2Beul13Oev16yzeB36oig0cfqAM29zhuGT82LnHrdB5xdGuraU3wgF-3Go4qkQKkh43Wu3urAOcEZxTG7gl0P0M7WAMDhdEZD0qakLJ_m3yk-rK70Qvl4ZRtNotslfUlQdV41v4yOUnXJpvI4dfqKLAk5MnIeUhqxzp_N65KTZQw02NODemOaxqMtXEE3jk3NicGTfEBg__bx__s.1688.com%2fselloffer%2foffer_search.htm&x5step=1 關鍵字「」,site_search,,,2026-09-09T04:04:45Z,
AI2_dead,12464289714,隔日到貨🔥 Apple Pencil 1代/2代 薄款 矽膠筆套 ipad筆套 筆尖套 撞色套組 適用 筆尖套,141225386623,"薰衣紫,1代",5,url_suspect,https://cf.shopee.tw/file/1de6d30a2007bcbe210e7486c62df53a_tn,https://detail.1688.com/offer/621170303718.html,621170303718,,dead,blocked_captcha,,,,,,,blocked_captcha 卡在 https://s.1688.com//selloffer/offer_search.htm/_____tmd_____/punish?x5secdata=xfC7TB66An8jlPhVB5lrVHzO5xNYUIFv7k__P49OuOV3FkEsSBaa0O8n39oH6aULS_hIambjqi1mAYx9nOjPNTdZ1PFKRaDmXZXlZ33ec41FWJIduzDKdiV4k9pkDtFbcwsFSTZ5XmG1z5IiWork0ehHZvfME9iY0FD26jg2Q3AGtmjye0zeP1umUuHfbXa_eiQ_zPnRkRyfNi6RRV0K0bMxwsphiTEXgKGjZqVvptD4iKJvXuqXvJyOIhs0Ia9zU7zBezCeXui5FqL2LXVGa8se3JEAmGZ5bNWFaTfW9oeU_61d3Pn3YPjeXKvJePKsPvd5kxpyFLafne3b7-2nLPHrmxkQ1iRmAfXA2D8NOmWEnEjHbjbWZWEPYlajqetk5LarvD7qCpYeryCD5ZScMkFaXfW5LyMtvbBZjE81KcVaS5in8bcwunIt_nwbcDWN6fv-IC9QbBx6aDm2NzO3jeC9BPpGZ57_QEyOgzbviV-9Uf_2J3dq0VoNfhjq5YMJNj1Nt2pivRs-mNOw7Hwx-5ELcDFshNMcEa7LJuSWNP5ZK_BXvmQsT2EypYxVuY8uaqCne-6XEhcdNTyhxgL0ARFGx7zp_gHeks2Wa9CfKRcMf1xpBmMQCLUcZxW9RxggbZBjPVhpWN_-T9JBw-_XtgFZFsluf0ggrmD84nIctcJAJgo49qRSeugrq9YRn10jIT1loMP9Q5jmnHj2Beul13Oev16yzeB36oig0cfqAM29zhuGT82LnHrdB5xdGuraU3wgF-3Go4qkQKkh43Wu3urAOcEZxTG7gl0P0M7WAMDhdEZD0qakLJ_m3yk-rK70Qvl4ZRtNotslfUlQdV41v4yOUnXJpvI4dfqKLAk5MnIeUhqxzp_N65KTZQw02NODemOaxqMtXEE3jk3NicGTfEBg__bx__s.1688.com%2fselloffer%2foffer_search.htm&x5step=1 關鍵字「」,site_search,,,2026-09-09T04:04:45Z,
AI2_dead,12464289714,隔日到貨🔥 Apple Pencil 1代/2代 薄款 矽膠筆套 ipad筆套 筆尖套 撞色套組 適用 筆尖套,141225386629,"黃鉛筆,1代",5,url_suspect,https://cf.shopee.tw/file/1c973533640f79bc7c590970209be844_tn,https://detail.1688.com/offer/621170303718.html,621170303718,,dead,blocked_captcha,,,,,,,blocked_captcha 卡在 https://s.1688.com//selloffer/offer_search.htm/_____tmd_____/punish?x5secdata=xfC7TB66An8jlPhVB5lrVHzO5xNYUIFv7k__P49OuOV3FkEsSBaa0O8n39oH6aULS_hIambjqi1mAYx9nOjPNTdZ1PFKRaDmXZXlZ33ec41FWJIduzDKdiV4k9pkDtFbcwsFSTZ5XmG1z5IiWork0ehHZvfME9iY0FD26jg2Q3AGtmjye0zeP1umUuHfbXa_eiQ_zPnRkRyfNi6RRV0K0bMxwsphiTEXgKGjZqVvptD4iKJvXuqXvJyOIhs0Ia9zU7zBezCeXui5FqL2LXVGa8se3JEAmGZ5bNWFaTfW9oeU_61d3Pn3YPjeXKvJePKsPvd5kxpyFLafne3b7-2nLPHrmxkQ1iRmAfXA2D8NOmWEnEjHbjbWZWEPYlajqetk5LarvD7qCpYeryCD5ZScMkFaXfW5LyMtvbBZjE81KcVaS5in8bcwunIt_nwbcDWN6fv-IC9QbBx6aDm2NzO3jeC9BPpGZ57_QEyOgzbviV-9Uf_2J3dq0VoNfhjq5YMJNj1Nt2pivRs-mNOw7Hwx-5ELcDFshNMcEa7LJuSWNP5ZK_BXvmQsT2EypYxVuY8uaqCne-6XEhcdNTyhxgL0ARFGx7zp_gHeks2Wa9CfKRcMf1xpBmMQCLUcZxW9RxggbZBjPVhpWN_-T9JBw-_XtgFZFsluf0ggrmD84nIctcJAJgo49qRSeugrq9YRn10jIT1loMP9Q5jmnHj2Beul13Oev16yzeB36oig0cfqAM29zhuGT82LnHrdB5xdGuraU3wgF-3Go4qkQKkh43Wu3urAOcEZxTG7gl0P0M7WAMDhdEZD0qakLJ_m3yk-rK70Qvl4ZRtNotslfUlQdV41v4yOUnXJpvI4dfqKLAk5MnIeUhqxzp_N65KTZQw02NODemOaxqMtXEE3jk3NicGTfEBg__bx__s.1688.com%2fselloffer%2foffer_search.htm&x5step=1 關鍵字「」,site_search,,,2026-09-09T04:04:45Z,
AI2_dead,14351597697,隔日到貨🔥 20w 保護套 充電頭保護套 快充專用 保護套 iPhone 蘋果充電頭專用 充電器周邊,87208687289,"4. 玉桂狗,20W快充頭（5W豆腐頭不適用)",5,url_suspect,https://cf.shopee.tw/file/ceea3237d7a64a91119090356f95cb29_tn,https://detail.1688.com/offer/662375994319.html,662375994319,,dead,blocked_captcha,,,,,,,blocked_captcha 卡在 https://s.1688.com//selloffer/offer_search.htm/_____tmd_____/punish?x5secdata=xfC7TB66An8jlPhVB5lrVHzO5xNYUIFv7k__P49OuOV3FkEsSBaa0O8n39oH6aULS_hIambjqi1mAYx9nOjPNTdZ1PFKRaDmXZXlZ33ec41FWJIduzDKdiV4k9pkDtFbcwsFSTZ5XmG1z5IiWork0ehHZvfME9iY0FD26jg2Q3AGtmjye0zeP1umUuHfbXa_eiQ_zPnRkRyfNi6RRV0K0bMxwsphiTEXgKGjZqVvptD4iKJvXuqXvJyOIhs0Ia9zU7zBezCeXui5FqL2LXVGa8se3JEAmGZ5bNWFaTfW9oeU_61d3Pn3YPjeXKvJePKsPvd5kxpyFLafne3b7-2nLPHrmxkQ1iRmAfXA2D8NOmWEnEjHbjbWZWEPYlajqetk5LarvD7qCpYeryCD5ZScMkFaXfW5LyMtvbBZjE81KcVaS5in8bcwunIt_nwbcDWN6fv-IC9QbBx6aDm2NzO3jeC9BPpGZ57_QEyOgzbviV-9Uf_2J3dq0VoNfhjq5YMJNj1Nt2pivRs-mNOw7Hwx-5ELcDFshNMcEa7LJuSWNP5ZK_BXvmQsT2EypYxVuY8uaqCne-6XEhcdNTyhxgL0ARFGx7zp_gHeks2Wa9CfKRcMf1xpBmMQCLUcZxW9RxggbZBjPVhpWN_-T9JBw-_XtgFZFsluf0ggrmD84nIctcJAJgo49qRSeugrq9YRn10jIT1loMP9Q5jmnHj2Beul13Oev16yzeB36oig0cfqAM29zhuGT82LnHrdB5xdGuraU3wgF-3Go4qkQKkh43Wu3urAOcEZxTG7gl0P0M7WAMDhdEZD0qakLJ_m3yk-rK70Qvl4ZRtNotslfUlQdV41v4yOUnXJpvI4dfqKLAk5MnIeUhqxzp_N65KTZQw02NODemOaxqMtXEE3jk3NicGTfEBg__bx__s.1688.com%2fselloffer%2foffer_search.htm&x5step=1 關鍵字「」,site_search,,,2026-09-09T04:04:45Z,
AI2_dead,14351597697,隔日到貨🔥 20w 保護套 充電頭保護套 快充專用 保護套 iPhone 蘋果充電頭專用 充電器周邊,87208687294,"3. 貪吃龍,20W快充頭（5W豆腐頭不適用)",5,url_suspect,https://cf.shopee.tw/file/2128301312be840852760638f43a9217_tn,https://detail.1688.com/offer/662375994319.html,662375994319,,dead,blocked_captcha,,,,,,,blocked_captcha 卡在 https://s.1688.com//selloffer/offer_search.htm/_____tmd_____/punish?x5secdata=xfC7TB66An8jlPhVB5lrVHzO5xNYUIFv7k__P49OuOV3FkEsSBaa0O8n39oH6aULS_hIambjqi1mAYx9nOjPNTdZ1PFKRaDmXZXlZ33ec41FWJIduzDKdiV4k9pkDtFbcwsFSTZ5XmG1z5IiWork0ehHZvfME9iY0FD26jg2Q3AGtmjye0zeP1umUuHfbXa_eiQ_zPnRkRyfNi6RRV0K0bMxwsphiTEXgKGjZqVvptD4iKJvXuqXvJyOIhs0Ia9zU7zBezCeXui5FqL2LXVGa8se3JEAmGZ5bNWFaTfW9oeU_61d3Pn3YPjeXKvJePKsPvd5kxpyFLafne3b7-2nLPHrmxkQ1iRmAfXA2D8NOmWEnEjHbjbWZWEPYlajqetk5LarvD7qCpYeryCD5ZScMkFaXfW5LyMtvbBZjE81KcVaS5in8bcwunIt_nwbcDWN6fv-IC9QbBx6aDm2NzO3jeC9BPpGZ57_QEyOgzbviV-9Uf_2J3dq0VoNfhjq5YMJNj1Nt2pivRs-mNOw7Hwx-5ELcDFshNMcEa7LJuSWNP5ZK_BXvmQsT2EypYxVuY8uaqCne-6XEhcdNTyhxgL0ARFGx7zp_gHeks2Wa9CfKRcMf1xpBmMQCLUcZxW9RxggbZBjPVhpWN_-T9JBw-_XtgFZFsluf0ggrmD84nIctcJAJgo49qRSeugrq9YRn10jIT1loMP9Q5jmnHj2Beul13Oev16yzeB36oig0cfqAM29zhuGT82LnHrdB5xdGuraU3wgF-3Go4qkQKkh43Wu3urAOcEZxTG7gl0P0M7WAMDhdEZD0qakLJ_m3yk-rK70Qvl4ZRtNotslfUlQdV41v4yOUnXJpvI4dfqKLAk5MnIeUhqxzp_N65KTZQw02NODemOaxqMtXEE3jk3NicGTfEBg__bx__s.1688.com%2fselloffer%2foffer_search.htm&x5step=1 關鍵字「」,site_search,,,2026-09-09T04:04:45Z,
AI2_dead,14351597697,隔日到貨🔥 20w 保護套 充電頭保護套 快充專用 保護套 iPhone 蘋果充電頭專用 充電器周邊,87208687296,"1. 睡熊,20W快充頭（5W豆腐頭不適用)",5,url_suspect,https://cf.shopee.tw/file/3196e5e3a90384def3beda8746d29db1_tn,https://detail.1688.com/offer/662375994319.html,662375994319,,dead,blocked_captcha,,,,,,,blocked_captcha 卡在 https://s.1688.com//selloffer/offer_search.htm/_____tmd_____/punish?x5secdata=xfC7TB66An8jlPhVB5lrVHzO5xNYUIFv7k__P49OuOV3FkEsSBaa0O8n39oH6aULS_hIambjqi1mAYx9nOjPNTdZ1PFKRaDmXZXlZ33ec41FWJIduzDKdiV4k9pkDtFbcwsFSTZ5XmG1z5IiWork0ehHZvfME9iY0FD26jg2Q3AGtmjye0zeP1umUuHfbXa_eiQ_zPnRkRyfNi6RRV0K0bMxwsphiTEXgKGjZqVvptD4iKJvXuqXvJyOIhs0Ia9zU7zBezCeXui5FqL2LXVGa8se3JEAmGZ5bNWFaTfW9oeU_61d3Pn3YPjeXKvJePKsPvd5kxpyFLafne3b7-2nLPHrmxkQ1iRmAfXA2D8NOmWEnEjHbjbWZWEPYlajqetk5LarvD7qCpYeryCD5ZScMkFaXfW5LyMtvbBZjE81KcVaS5in8bcwunIt_nwbcDWN6fv-IC9QbBx6aDm2NzO3jeC9BPpGZ57_QEyOgzbviV-9Uf_2J3dq0VoNfhjq5YMJNj1Nt2pivRs-mNOw7Hwx-5ELcDFshNMcEa7LJuSWNP5ZK_BXvmQsT2EypYxVuY8uaqCne-6XEhcdNTyhxgL0ARFGx7zp_gHeks2Wa9CfKRcMf1xpBmMQCLUcZxW9RxggbZBjPVhpWN_-T9JBw-_XtgFZFsluf0ggrmD84nIctcJAJgo49qRSeugrq9YRn10jIT1loMP9Q5jmnHj2Beul13Oev16yzeB36oig0cfqAM29zhuGT82LnHrdB5xdGuraU3wgF-3Go4qkQKkh43Wu3urAOcEZxTG7gl0P0M7WAMDhdEZD0qakLJ_m3yk-rK70Qvl4ZRtNotslfUlQdV41v4yOUnXJpvI4dfqKLAk5MnIeUhqxzp_N65KTZQw02NODemOaxqMtXEE3jk3NicGTfEBg__bx__s.1688.com%2fselloffer%2foffer_search.htm&x5step=1 關鍵字「」,site_search,,,2026-09-09T04:04:45Z,
AI2_dead,15096771610,隔日到貨🔥 矽膠手環 手機殼手環 適用所有手機殼 手機殼吊飾 手環扣 手腕帶 手機掛件 掛飾 鍊條 手機掛繩 手機掛鉤,39270698620,淡青,5,url_suspect,https://cf.shopee.tw/file/tw-11134207-23030-5tlnqdfb39nvb8_tn,https://detail.1688.com/offer/674019917510.html,674019917510,,dead,blocked_captcha,,,,,,,blocked_captcha 卡在 https://s.1688.com//selloffer/offer_search.htm/_____tmd_____/punish?x5secdata=xfC7TB66An8jlPhVB5lrVHzO5xNYUIFv7k__P49OuOV3FkEsSBaa0O8n39oH6aULS_hIambjqi1mAYx9nOjPNTdZ1PFKRaDmXZXlZ33ec41FWJIduzDKdiV4k9pkDtFbcwsFSTZ5XmG1z5IiWork0ehHZvfME9iY0FD26jg2Q3AGtmjye0zeP1umUuHfbXa_eiQ_zPnRkRyfNi6RRV0K0bMxwsphiTEXgKGjZqVvptD4iKJvXuqXvJyOIhs0Ia9zU7zBezCeXui5FqL2LXVGa8se3JEAmGZ5bNWFaTfW9oeU_61d3Pn3YPjeXKvJePKsPvd5kxpyFLafne3b7-2nLPHrmxkQ1iRmAfXA2D8NOmWEnEjHbjbWZWEPYlajqetk5LarvD7qCpYeryCD5ZScMkFaXfW5LyMtvbBZjE81KcVaS5in8bcwunIt_nwbcDWN6fv-IC9QbBx6aDm2NzO3jeC9BPpGZ57_QEyOgzbviV-9Uf_2J3dq0VoNfhjq5YMJNj1Nt2pivRs-mNOw7Hwx-5ELcDFshNMcEa7LJuSWNP5ZK_BXvmQsT2EypYxVuY8uaqCne-6XEhcdNTyhxgL0ARFGx7zp_gHeks2Wa9CfKRcMf1xpBmMQCLUcZxW9RxggbZBjPVhpWN_-T9JBw-_XtgFZFsluf0ggrmD84nIctcJAJgo49qRSeugrq9YRn10jIT1loMP9Q5jmnHj2Beul13Oev16yzeB36oig0cfqAM29zhuGT82LnHrdB5xdGuraU3wgF-3Go4qkQKkh43Wu3urAOcEZxTG7gl0P0M7WAMDhdEZD0qakLJ_m3yk-rK70Qvl4ZRtNotslfUlQdV41v4yOUnXJpvI4dfqKLAk5MnIeUhqxzp_N65KTZQw02NODemOaxqMtXEE3jk3NicGTfEBg__bx__s.1688.com%2fselloffer%2foffer_search.htm&x5step=1 關鍵字「」,site_search,,,2026-09-09T04:04:45Z,
AI2_dead,15096771610,隔日到貨🔥 矽膠手環 手機殼手環 適用所有手機殼 手機殼吊飾 手環扣 手腕帶 手機掛件 掛飾 鍊條 手機掛繩 手機掛鉤,39270698623,黑色,5,url_suspect,https://cf.shopee.tw/file/tw-11134207-23030-52j8qwpb39nvd3_tn,https://detail.1688.com/offer/674019917510.html,674019917510,,dead,blocked_captcha,,,,,,,blocked_captcha 卡在 https://s.1688.com//selloffer/offer_search.htm/_____tmd_____/punish?x5secdata=xfC7TB66An8jlPhVB5lrVHzO5xNYUIFv7k__P49OuOV3FkEsSBaa0O8n39oH6aULS_hIambjqi1mAYx9nOjPNTdZ1PFKRaDmXZXlZ33ec41FWJIduzDKdiV4k9pkDtFbcwsFSTZ5XmG1z5IiWork0ehHZvfME9iY0FD26jg2Q3AGtmjye0zeP1umUuHfbXa_eiQ_zPnRkRyfNi6RRV0K0bMxwsphiTEXgKGjZqVvptD4iKJvXuqXvJyOIhs0Ia9zU7zBezCeXui5FqL2LXVGa8se3JEAmGZ5bNWFaTfW9oeU_61d3Pn3YPjeXKvJePKsPvd5kxpyFLafne3b7-2nLPHrmxkQ1iRmAfXA2D8NOmWEnEjHbjbWZWEPYlajqetk5LarvD7qCpYeryCD5ZScMkFaXfW5LyMtvbBZjE81KcVaS5in8bcwunIt_nwbcDWN6fv-IC9QbBx6aDm2NzO3jeC9BPpGZ57_QEyOgzbviV-9Uf_2J3dq0VoNfhjq5YMJNj1Nt2pivRs-mNOw7Hwx-5ELcDFshNMcEa7LJuSWNP5ZK_BXvmQsT2EypYxVuY8uaqCne-6XEhcdNTyhxgL0ARFGx7zp_gHeks2Wa9CfKRcMf1xpBmMQCLUcZxW9RxggbZBjPVhpWN_-T9JBw-_XtgFZFsluf0ggrmD84nIctcJAJgo49qRSeugrq9YRn10jIT1loMP9Q5jmnHj2Beul13Oev16yzeB36oig0cfqAM29zhuGT82LnHrdB5xdGuraU3wgF-3Go4qkQKkh43Wu3urAOcEZxTG7gl0P0M7WAMDhdEZD0qakLJ_m3yk-rK70Qvl4ZRtNotslfUlQdV41v4yOUnXJpvI4dfqKLAk5MnIeUhqxzp_N65KTZQw02NODemOaxqMtXEE3jk3NicGTfEBg__bx__s.1688.com%2fselloffer%2foffer_search.htm&x5step=1 關鍵字「」,site_search,,,2026-09-09T04:04:45Z,
AI2_dead,15276471498,隔日到貨🔥 iPhone 手機殼 14 13 12 11 pro Max XS XR SE 8plus 保護殼 軟殼,125316965862,"相框古董白,XR",5,url_suspect,https://cf.shopee.tw/file/sg-11134201-22110-vvqyy8wugdkv7b_tn,https://detail.1688.com/offer/641213194100.html,641213194100,,dead,blocked_captcha,,,,,,,blocked_captcha 卡在 https://s.1688.com//selloffer/offer_search.htm/_____tmd_____/punish?x5secdata=xfC7TB66An8jlPhVB5lrVHzO5xNYUIFv7k__P49OuOV3FkEsSBaa0O8n39oH6aULS_hIambjqi1mAYx9nOjPNTdZ1PFKRaDmXZXlZ33ec41FWJIduzDKdiV4k9pkDtFbcwsFSTZ5XmG1z5IiWork0ehHZvfME9iY0FD26jg2Q3AGtmjye0zeP1umUuHfbXa_eiQ_zPnRkRyfNi6RRV0K0bMxwsphiTEXgKGjZqVvptD4iKJvXuqXvJyOIhs0Ia9zU7zBezCeXui5FqL2LXVGa8se3JEAmGZ5bNWFaTfW9oeU_61d3Pn3YPjeXKvJePKsPvd5kxpyFLafne3b7-2nLPHrmxkQ1iRmAfXA2D8NOmWEnEjHbjbWZWEPYlajqetk5LarvD7qCpYeryCD5ZScMkFaXfW5LyMtvbBZjE81KcVaS5in8bcwunIt_nwbcDWN6fv-IC9QbBx6aDm2NzO3jeC9BPpGZ57_QEyOgzbviV-9Uf_2J3dq0VoNfhjq5YMJNj1Nt2pivRs-mNOw7Hwx-5ELcDFshNMcEa7LJuSWNP5ZK_BXvmQsT2EypYxVuY8uaqCne-6XEhcdNTyhxgL0ARFGx7zp_gHeks2Wa9CfKRcMf1xpBmMQCLUcZxW9RxggbZBjPVhpWN_-T9JBw-_XtgFZFsluf0ggrmD84nIctcJAJgo49qRSeugrq9YRn10jIT1loMP9Q5jmnHj2Beul13Oev16yzeB36oig0cfqAM29zhuGT82LnHrdB5xdGuraU3wgF-3Go4qkQKkh43Wu3urAOcEZxTG7gl0P0M7WAMDhdEZD0qakLJ_m3yk-rK70Qvl4ZRtNotslfUlQdV41v4yOUnXJpvI4dfqKLAk5MnIeUhqxzp_N65KTZQw02NODemOaxqMtXEE3jk3NicGTfEBg__bx__s.1688.com%2fselloffer%2foffer_search.htm&x5step=1 關鍵字「」,site_search,,,2026-09-09T04:04:45Z,
AI2_dead,15276471498,隔日到貨🔥 iPhone 手機殼 14 13 12 11 pro Max XS XR SE 8plus 保護殼 軟殼,125316965865,"相框古董白,12",5,url_suspect,https://cf.shopee.tw/file/sg-11134201-22110-vvqyy8wugdkv7b_tn,https://detail.1688.com/offer/641213194100.html,641213194100,,dead,blocked_captcha,,,,,,,blocked_captcha 卡在 https://s.1688.com//selloffer/offer_search.htm/_____tmd_____/punish?x5secdata=xfC7TB66An8jlPhVB5lrVHzO5xNYUIFv7k__P49OuOV3FkEsSBaa0O8n39oH6aULS_hIambjqi1mAYx9nOjPNTdZ1PFKRaDmXZXlZ33ec41FWJIduzDKdiV4k9pkDtFbcwsFSTZ5XmG1z5IiWork0ehHZvfME9iY0FD26jg2Q3AGtmjye0zeP1umUuHfbXa_eiQ_zPnRkRyfNi6RRV0K0bMxwsphiTEXgKGjZqVvptD4iKJvXuqXvJyOIhs0Ia9zU7zBezCeXui5FqL2LXVGa8se3JEAmGZ5bNWFaTfW9oeU_61d3Pn3YPjeXKvJePKsPvd5kxpyFLafne3b7-2nLPHrmxkQ1iRmAfXA2D8NOmWEnEjHbjbWZWEPYlajqetk5LarvD7qCpYeryCD5ZScMkFaXfW5LyMtvbBZjE81KcVaS5in8bcwunIt_nwbcDWN6fv-IC9QbBx6aDm2NzO3jeC9BPpGZ57_QEyOgzbviV-9Uf_2J3dq0VoNfhjq5YMJNj1Nt2pivRs-mNOw7Hwx-5ELcDFshNMcEa7LJuSWNP5ZK_BXvmQsT2EypYxVuY8uaqCne-6XEhcdNTyhxgL0ARFGx7zp_gHeks2Wa9CfKRcMf1xpBmMQCLUcZxW9RxggbZBjPVhpWN_-T9JBw-_XtgFZFsluf0ggrmD84nIctcJAJgo49qRSeugrq9YRn10jIT1loMP9Q5jmnHj2Beul13Oev16yzeB36oig0cfqAM29zhuGT82LnHrdB5xdGuraU3wgF-3Go4qkQKkh43Wu3urAOcEZxTG7gl0P0M7WAMDhdEZD0qakLJ_m3yk-rK70Qvl4ZRtNotslfUlQdV41v4yOUnXJpvI4dfqKLAk5MnIeUhqxzp_N65KTZQw02NODemOaxqMtXEE3jk3NicGTfEBg__bx__s.1688.com%2fselloffer%2foffer_search.htm&x5step=1 關鍵字「」,site_search,,,2026-09-09T04:04:45Z,
AI2_dead,15276471498,隔日到貨🔥 iPhone 手機殼 14 13 12 11 pro Max XS XR SE 8plus 保護殼 軟殼,125316965869,"相框古董白,11",5,url_suspect,https://cf.shopee.tw/file/sg-11134201-22110-vvqyy8wugdkv7b_tn,https://detail.1688.com/offer/641213194100.html,641213194100,,dead,blocked_captcha,,,,,,,blocked_captcha 卡在 https://s.1688.com//selloffer/offer_search.htm/_____tmd_____/punish?x5secdata=xfC7TB66An8jlPhVB5lrVHzO5xNYUIFv7k__P49OuOV3FkEsSBaa0O8n39oH6aULS_hIambjqi1mAYx9nOjPNTdZ1PFKRaDmXZXlZ33ec41FWJIduzDKdiV4k9pkDtFbcwsFSTZ5XmG1z5IiWork0ehHZvfME9iY0FD26jg2Q3AGtmjye0zeP1umUuHfbXa_eiQ_zPnRkRyfNi6RRV0K0bMxwsphiTEXgKGjZqVvptD4iKJvXuqXvJyOIhs0Ia9zU7zBezCeXui5FqL2LXVGa8se3JEAmGZ5bNWFaTfW9oeU_61d3Pn3YPjeXKvJePKsPvd5kxpyFLafne3b7-2nLPHrmxkQ1iRmAfXA2D8NOmWEnEjHbjbWZWEPYlajqetk5LarvD7qCpYeryCD5ZScMkFaXfW5LyMtvbBZjE81KcVaS5in8bcwunIt_nwbcDWN6fv-IC9QbBx6aDm2NzO3jeC9BPpGZ57_QEyOgzbviV-9Uf_2J3dq0VoNfhjq5YMJNj1Nt2pivRs-mNOw7Hwx-5ELcDFshNMcEa7LJuSWNP5ZK_BXvmQsT2EypYxVuY8uaqCne-6XEhcdNTyhxgL0ARFGx7zp_gHeks2Wa9CfKRcMf1xpBmMQCLUcZxW9RxggbZBjPVhpWN_-T9JBw-_XtgFZFsluf0ggrmD84nIctcJAJgo49qRSeugrq9YRn10jIT1loMP9Q5jmnHj2Beul13Oev16yzeB36oig0cfqAM29zhuGT82LnHrdB5xdGuraU3wgF-3Go4qkQKkh43Wu3urAOcEZxTG7gl0P0M7WAMDhdEZD0qakLJ_m3yk-rK70Qvl4ZRtNotslfUlQdV41v4yOUnXJpvI4dfqKLAk5MnIeUhqxzp_N65KTZQw02NODemOaxqMtXEE3jk3NicGTfEBg__bx__s.1688.com%2fselloffer%2foffer_search.htm&x5step=1 關鍵字「」,site_search,,,2026-09-09T04:04:45Z,
AI2_dead,15276471498,隔日到貨🔥 iPhone 手機殼 14 13 12 11 pro Max XS XR SE 8plus 保護殼 軟殼,143906266035,"相框古董白,7 / 8 / SE2 / SE3",5,url_suspect,https://cf.shopee.tw/file/sg-11134201-22110-vvqyy8wugdkv7b_tn,https://detail.1688.com/offer/641213194100.html,641213194100,,dead,blocked_captcha,,,,,,,blocked_captcha 卡在 https://s.1688.com//selloffer/offer_search.htm/_____tmd_____/punish?x5secdata=xfC7TB66An8jlPhVB5lrVHzO5xNYUIFv7k__P49OuOV3FkEsSBaa0O8n39oH6aULS_hIambjqi1mAYx9nOjPNTdZ1PFKRaDmXZXlZ33ec41FWJIduzDKdiV4k9pkDtFbcwsFSTZ5XmG1z5IiWork0ehHZvfME9iY0FD26jg2Q3AGtmjye0zeP1umUuHfbXa_eiQ_zPnRkRyfNi6RRV0K0bMxwsphiTEXgKGjZqVvptD4iKJvXuqXvJyOIhs0Ia9zU7zBezCeXui5FqL2LXVGa8se3JEAmGZ5bNWFaTfW9oeU_61d3Pn3YPjeXKvJePKsPvd5kxpyFLafne3b7-2nLPHrmxkQ1iRmAfXA2D8NOmWEnEjHbjbWZWEPYlajqetk5LarvD7qCpYeryCD5ZScMkFaXfW5LyMtvbBZjE81KcVaS5in8bcwunIt_nwbcDWN6fv-IC9QbBx6aDm2NzO3jeC9BPpGZ57_QEyOgzbviV-9Uf_2J3dq0VoNfhjq5YMJNj1Nt2pivRs-mNOw7Hwx-5ELcDFshNMcEa7LJuSWNP5ZK_BXvmQsT2EypYxVuY8uaqCne-6XEhcdNTyhxgL0ARFGx7zp_gHeks2Wa9CfKRcMf1xpBmMQCLUcZxW9RxggbZBjPVhpWN_-T9JBw-_XtgFZFsluf0ggrmD84nIctcJAJgo49qRSeugrq9YRn10jIT1loMP9Q5jmnHj2Beul13Oev16yzeB36oig0cfqAM29zhuGT82LnHrdB5xdGuraU3wgF-3Go4qkQKkh43Wu3urAOcEZxTG7gl0P0M7WAMDhdEZD0qakLJ_m3yk-rK70Qvl4ZRtNotslfUlQdV41v4yOUnXJpvI4dfqKLAk5MnIeUhqxzp_N65KTZQw02NODemOaxqMtXEE3jk3NicGTfEBg__bx__s.1688.com%2fselloffer%2foffer_search.htm&x5step=1 關鍵字「」,site_search,,,2026-09-09T04:04:45Z,
AI2_dead,18066755908,隔日到貨🔥 ins 韓版網紅爆款 S14 大C純色棉襪 高筒襪 長襪 韓風熱銷 女襪 襪子 可愛襪 運動襪 秋冬襪,220416359801,黑色,5,url_suspect,https://cf.shopee.tw/file/sg-11134201-22120-yu15eacsookv7f_tn,https://detail.1688.com/offer/680647200035.html,680647200035,,dead,blocked_captcha,,,,,,,blocked_captcha 卡在 https://s.1688.com//selloffer/offer_search.htm/_____tmd_____/punish?x5secdata=xfC7TB66An8jlPhVB5lrVHzO5xNYUIFv7k__P49OuOV3FkEsSBaa0O8n39oH6aULS_hIambjqi1mAYx9nOjPNTdZ1PFKRaDmXZXlZ33ec41FWJIduzDKdiV4k9pkDtFbcwsFSTZ5XmG1z5IiWork0ehHZvfME9iY0FD26jg2Q3AGtmjye0zeP1umUuHfbXa_eiQ_zPnRkRyfNi6RRV0K0bMxwsphiTEXgKGjZqVvptD4iKJvXuqXvJyOIhs0Ia9zU7zBezCeXui5FqL2LXVGa8se3JEAmGZ5bNWFaTfW9oeU_61d3Pn3YPjeXKvJePKsPvd5kxpyFLafne3b7-2nLPHrmxkQ1iRmAfXA2D8NOmWEnEjHbjbWZWEPYlajqetk5LarvD7qCpYeryCD5ZScMkFaXfW5LyMtvbBZjE81KcVaS5in8bcwunIt_nwbcDWN6fv-IC9QbBx6aDm2NzO3jeC9BPpGZ57_QEyOgzbviV-9Uf_2J3dq0VoNfhjq5YMJNj1Nt2pivRs-mNOw7Hwx-5ELcDFshNMcEa7LJuSWNP5ZK_BXvmQsT2EypYxVuY8uaqCne-6XEhcdNTyhxgL0ARFGx7zp_gHeks2Wa9CfKRcMf1xpBmMQCLUcZxW9RxggbZBjPVhpWN_-T9JBw-_XtgFZFsluf0ggrmD84nIctcJAJgo49qRSeugrq9YRn10jIT1loMP9Q5jmnHj2Beul13Oev16yzeB36oig0cfqAM29zhuGT82LnHrdB5xdGuraU3wgF-3Go4qkQKkh43Wu3urAOcEZxTG7gl0P0M7WAMDhdEZD0qakLJ_m3yk-rK70Qvl4ZRtNotslfUlQdV41v4yOUnXJpvI4dfqKLAk5MnIeUhqxzp_N65KTZQw02NODemOaxqMtXEE3jk3NicGTfEBg__bx__s.1688.com%2fselloffer%2foffer_search.htm&x5step=1 關鍵字「」,site_search,,,2026-09-09T04:04:45Z,
AI2_dead,18066755908,隔日到貨🔥 ins 韓版網紅爆款 S14 大C純色棉襪 高筒襪 長襪 韓風熱銷 女襪 襪子 可愛襪 運動襪 秋冬襪,220416359802,白色,5,url_suspect,https://cf.shopee.tw/file/sg-11134201-22120-4vl41dgsookva2_tn,https://detail.1688.com/offer/680647200035.html,680647200035,,dead,blocked_captcha,,,,,,,blocked_captcha 卡在 https://s.1688.com//selloffer/offer_search.htm/_____tmd_____/punish?x5secdata=xfC7TB66An8jlPhVB5lrVHzO5xNYUIFv7k__P49OuOV3FkEsSBaa0O8n39oH6aULS_hIambjqi1mAYx9nOjPNTdZ1PFKRaDmXZXlZ33ec41FWJIduzDKdiV4k9pkDtFbcwsFSTZ5XmG1z5IiWork0ehHZvfME9iY0FD26jg2Q3AGtmjye0zeP1umUuHfbXa_eiQ_zPnRkRyfNi6RRV0K0bMxwsphiTEXgKGjZqVvptD4iKJvXuqXvJyOIhs0Ia9zU7zBezCeXui5FqL2LXVGa8se3JEAmGZ5bNWFaTfW9oeU_61d3Pn3YPjeXKvJePKsPvd5kxpyFLafne3b7-2nLPHrmxkQ1iRmAfXA2D8NOmWEnEjHbjbWZWEPYlajqetk5LarvD7qCpYeryCD5ZScMkFaXfW5LyMtvbBZjE81KcVaS5in8bcwunIt_nwbcDWN6fv-IC9QbBx6aDm2NzO3jeC9BPpGZ57_QEyOgzbviV-9Uf_2J3dq0VoNfhjq5YMJNj1Nt2pivRs-mNOw7Hwx-5ELcDFshNMcEa7LJuSWNP5ZK_BXvmQsT2EypYxVuY8uaqCne-6XEhcdNTyhxgL0ARFGx7zp_gHeks2Wa9CfKRcMf1xpBmMQCLUcZxW9RxggbZBjPVhpWN_-T9JBw-_XtgFZFsluf0ggrmD84nIctcJAJgo49qRSeugrq9YRn10jIT1loMP9Q5jmnHj2Beul13Oev16yzeB36oig0cfqAM29zhuGT82LnHrdB5xdGuraU3wgF-3Go4qkQKkh43Wu3urAOcEZxTG7gl0P0M7WAMDhdEZD0qakLJ_m3yk-rK70Qvl4ZRtNotslfUlQdV41v4yOUnXJpvI4dfqKLAk5MnIeUhqxzp_N65KTZQw02NODemOaxqMtXEE3jk3NicGTfEBg__bx__s.1688.com%2fselloffer%2foffer_search.htm&x5step=1 關鍵字「」,site_search,,,2026-09-09T04:04:45Z,
AI2_dead,18301138599,隔日到貨🔥 iPhone 手機殼 14 13 12 11 pro Max XS XR SE 8plus 保護殼 軟殼,125620599513,"漸變行星,13",5,url_suspect,https://cf.shopee.tw/file/3cc006289e2eda31df45178ec0c8b873_tn,https://detail.1688.com/offer/658920430384.html,658920430384,,dead,blocked_captcha,,,,,,,blocked_captcha 卡在 https://s.1688.com//selloffer/offer_search.htm/_____tmd_____/punish?x5secdata=xfC7TB66An8jlPhVB5lrVHzO5xNYUIFv7k__P49OuOV3FkEsSBaa0O8n39oH6aULS_hIambjqi1mAYx9nOjPNTdZ1PFKRaDmXZXlZ33ec41FWJIduzDKdiV4k9pkDtFbcwsFSTZ5XmG1z5IiWork0ehHZvfME9iY0FD26jg2Q3AGtmjye0zeP1umUuHfbXa_eiQ_zPnRkRyfNi6RRV0K0bMxwsphiTEXgKGjZqVvptD4iKJvXuqXvJyOIhs0Ia9zU7zBezCeXui5FqL2LXVGa8se3JEAmGZ5bNWFaTfW9oeU_61d3Pn3YPjeXKvJePKsPvd5kxpyFLafne3b7-2nLPHrmxkQ1iRmAfXA2D8NOmWEnEjHbjbWZWEPYlajqetk5LarvD7qCpYeryCD5ZScMkFaXfW5LyMtvbBZjE81KcVaS5in8bcwunIt_nwbcDWN6fv-IC9QbBx6aDm2NzO3jeC9BPpGZ57_QEyOgzbviV-9Uf_2J3dq0VoNfhjq5YMJNj1Nt2pivRs-mNOw7Hwx-5ELcDFshNMcEa7LJuSWNP5ZK_BXvmQsT2EypYxVuY8uaqCne-6XEhcdNTyhxgL0ARFGx7zp_gHeks2Wa9CfKRcMf1xpBmMQCLUcZxW9RxggbZBjPVhpWN_-T9JBw-_XtgFZFsluf0ggrmD84nIctcJAJgo49qRSeugrq9YRn10jIT1loMP9Q5jmnHj2Beul13Oev16yzeB36oig0cfqAM29zhuGT82LnHrdB5xdGuraU3wgF-3Go4qkQKkh43Wu3urAOcEZxTG7gl0P0M7WAMDhdEZD0qakLJ_m3yk-rK70Qvl4ZRtNotslfUlQdV41v4yOUnXJpvI4dfqKLAk5MnIeUhqxzp_N65KTZQw02NODemOaxqMtXEE3jk3NicGTfEBg__bx__s.1688.com%2fselloffer%2foffer_search.htm&x5step=1 關鍵字「」,site_search,,,2026-09-09T04:04:45Z,
AI2_dead,18301138599,隔日到貨🔥 iPhone 手機殼 14 13 12 11 pro Max XS XR SE 8plus 保護殼 軟殼,125620599516,"漸變行星,11",5,url_suspect,https://cf.shopee.tw/file/3cc006289e2eda31df45178ec0c8b873_tn,https://detail.1688.com/offer/658920430384.html,658920430384,,dead,blocked_captcha,,,,,,,blocked_captcha 卡在 https://s.1688.com//selloffer/offer_search.htm/_____tmd_____/punish?x5secdata=xfC7TB66An8jlPhVB5lrVHzO5xNYUIFv7k__P49OuOV3FkEsSBaa0O8n39oH6aULS_hIambjqi1mAYx9nOjPNTdZ1PFKRaDmXZXlZ33ec41FWJIduzDKdiV4k9pkDtFbcwsFSTZ5XmG1z5IiWork0ehHZvfME9iY0FD26jg2Q3AGtmjye0zeP1umUuHfbXa_eiQ_zPnRkRyfNi6RRV0K0bMxwsphiTEXgKGjZqVvptD4iKJvXuqXvJyOIhs0Ia9zU7zBezCeXui5FqL2LXVGa8se3JEAmGZ5bNWFaTfW9oeU_61d3Pn3YPjeXKvJePKsPvd5kxpyFLafne3b7-2nLPHrmxkQ1iRmAfXA2D8NOmWEnEjHbjbWZWEPYlajqetk5LarvD7qCpYeryCD5ZScMkFaXfW5LyMtvbBZjE81KcVaS5in8bcwunIt_nwbcDWN6fv-IC9QbBx6aDm2NzO3jeC9BPpGZ57_QEyOgzbviV-9Uf_2J3dq0VoNfhjq5YMJNj1Nt2pivRs-mNOw7Hwx-5ELcDFshNMcEa7LJuSWNP5ZK_BXvmQsT2EypYxVuY8uaqCne-6XEhcdNTyhxgL0ARFGx7zp_gHeks2Wa9CfKRcMf1xpBmMQCLUcZxW9RxggbZBjPVhpWN_-T9JBw-_XtgFZFsluf0ggrmD84nIctcJAJgo49qRSeugrq9YRn10jIT1loMP9Q5jmnHj2Beul13Oev16yzeB36oig0cfqAM29zhuGT82LnHrdB5xdGuraU3wgF-3Go4qkQKkh43Wu3urAOcEZxTG7gl0P0M7WAMDhdEZD0qakLJ_m3yk-rK70Qvl4ZRtNotslfUlQdV41v4yOUnXJpvI4dfqKLAk5MnIeUhqxzp_N65KTZQw02NODemOaxqMtXEE3jk3NicGTfEBg__bx__s.1688.com%2fselloffer%2foffer_search.htm&x5step=1 關鍵字「」,site_search,,,2026-09-09T04:04:45Z,
AI2_dead,18301138599,隔日到貨🔥 iPhone 手機殼 14 13 12 11 pro Max XS XR SE 8plus 保護殼 軟殼,125620599518,"漸變行星,12",5,url_suspect,https://cf.shopee.tw/file/3cc006289e2eda31df45178ec0c8b873_tn,https://detail.1688.com/offer/658920430384.html,658920430384,,dead,blocked_captcha,,,,,,,blocked_captcha 卡在 https://s.1688.com//selloffer/offer_search.htm/_____tmd_____/punish?x5secdata=xfC7TB66An8jlPhVB5lrVHzO5xNYUIFv7k__P49OuOV3FkEsSBaa0O8n39oH6aULS_hIambjqi1mAYx9nOjPNTdZ1PFKRaDmXZXlZ33ec41FWJIduzDKdiV4k9pkDtFbcwsFSTZ5XmG1z5IiWork0ehHZvfME9iY0FD26jg2Q3AGtmjye0zeP1umUuHfbXa_eiQ_zPnRkRyfNi6RRV0K0bMxwsphiTEXgKGjZqVvptD4iKJvXuqXvJyOIhs0Ia9zU7zBezCeXui5FqL2LXVGa8se3JEAmGZ5bNWFaTfW9oeU_61d3Pn3YPjeXKvJePKsPvd5kxpyFLafne3b7-2nLPHrmxkQ1iRmAfXA2D8NOmWEnEjHbjbWZWEPYlajqetk5LarvD7qCpYeryCD5ZScMkFaXfW5LyMtvbBZjE81KcVaS5in8bcwunIt_nwbcDWN6fv-IC9QbBx6aDm2NzO3jeC9BPpGZ57_QEyOgzbviV-9Uf_2J3dq0VoNfhjq5YMJNj1Nt2pivRs-mNOw7Hwx-5ELcDFshNMcEa7LJuSWNP5ZK_BXvmQsT2EypYxVuY8uaqCne-6XEhcdNTyhxgL0ARFGx7zp_gHeks2Wa9CfKRcMf1xpBmMQCLUcZxW9RxggbZBjPVhpWN_-T9JBw-_XtgFZFsluf0ggrmD84nIctcJAJgo49qRSeugrq9YRn10jIT1loMP9Q5jmnHj2Beul13Oev16yzeB36oig0cfqAM29zhuGT82LnHrdB5xdGuraU3wgF-3Go4qkQKkh43Wu3urAOcEZxTG7gl0P0M7WAMDhdEZD0qakLJ_m3yk-rK70Qvl4ZRtNotslfUlQdV41v4yOUnXJpvI4dfqKLAk5MnIeUhqxzp_N65KTZQw02NODemOaxqMtXEE3jk3NicGTfEBg__bx__s.1688.com%2fselloffer%2foffer_search.htm&x5step=1 關鍵字「」,site_search,,,2026-09-09T04:04:45Z,
AI2_dead,19666639659,隔日到貨🔥 杯套 杯袋 飲料提袋 飲料袋 環保袋 手搖飲料袋 飲料袋 提袋 方便 便攜 棉麻 飲料杯套 帆布袋,108909267603,煮茶,5,url_suspect,https://cf.shopee.tw/file/tw-11134207-7qul2-lgt3yx9x8bvw14_tn,https://detail.1688.com/offer/644276542345.html,644276542345,,dead,with_candidate,https://detail.1688.com/offer/977900422023.html,977900422023,煮茶杯套,5933116172311,煮茶杯套,中,resume同檔補配：款名「煮茶」；型號字面命中；SKU名對上,site_search,,杯套 爱心熊 愛心熊,2026-09-09T03:49:08Z,
AI2_dead,19666639659,隔日到貨🔥 杯套 杯袋 飲料提袋 飲料袋 環保袋 手搖飲料袋 飲料袋 提袋 方便 便攜 棉麻 飲料杯套 帆布袋,165266189290,情人節,5,url_suspect,https://cf.shopee.tw/file/sg-11134201-22120-1m39gdb5ankv1e_tn,https://detail.1688.com/offer/644276542345.html,644276542345,,dead,with_candidate,https://detail.1688.com/offer/977900422023.html,977900422023,情人节,5933116172316,情人节,中,resume同檔補配：款名「情人节」；型號字面命中；SKU名對上,site_search,,杯套 爱心熊 愛心熊,2026-09-09T03:49:08Z,
AI2_dead,19666639659,隔日到貨🔥 杯套 杯袋 飲料提袋 飲料袋 環保袋 手搖飲料袋 飲料袋 提袋 方便 便攜 棉麻 飲料杯套 帆布袋,165266189291,靠樹,5,url_suspect,https://cf.shopee.tw/file/sg-11134201-22120-nwkfb3d5ankv9e_tn,https://detail.1688.com/offer/644276542345.html,644276542345,,dead,with_candidate,https://detail.1688.com/offer/977900422023.html,977900422023,靠树,5933116172307,靠树,中,resume同檔補配：款名「靠树」；型號字面命中；SKU名對上,site_search,,杯套 爱心熊 愛心熊,2026-09-09T03:49:08Z,
AI2_dead,19666639659,隔日到貨🔥 杯套 杯袋 飲料提袋 飲料袋 環保袋 手搖飲料袋 飲料袋 提袋 方便 便攜 棉麻 飲料杯套 帆布袋,165266189293,男孩,5,url_suspect,https://cf.shopee.tw/file/sg-11134201-22120-gfrzta24ankve7_tn,https://detail.1688.com/offer/644276542345.html,644276542345,,dead,with_candidate,https://detail.1688.com/offer/977900422023.html,977900422023,男孩,5933116172312,男孩,中,resume同檔補配：款名「男孩」；型號字面命中；SKU名對上,site_search,,杯套 爱心熊 愛心熊,2026-09-09T03:49:08Z,
AI2_dead,20488473843,隔日到貨🔥 ins爆款 充電器保護套 20W 適用蘋果 線套 咬線器 集線器 iPhone 充電線套 充電套,204276976415,2. 套裝 - 綠色香腸嘴（綠色線套）,5,url_suspect,https://cf.shopee.tw/file/tw-11134207-7qul8-lghmkk7mloh6d2_tn,https://detail.1688.com/offer/715793566068.html,715793566068,,dead,blocked_captcha,,,,,,,blocked_captcha 卡在 https://s.1688.com//selloffer/offer_search.htm/_____tmd_____/punish?x5secdata=xfC7TB66An8jlPhVB5lrVHzO5xNYUIFv7k__P49OuOV3FkEsSBaa0O8n39oH6aULS_hIambjqi1mAYx9nOjPNTdZ1PFKRaDmXZXlZ33ec41FWJIduzDKdiV4k9pkDtFbcwsFSTZ5XmG1z5IiWork0ehHZvfME9iY0FD26jg2Q3AGtmjye0zeP1umUuHfbXa_eiQ_zPnRkRyfNi6RRV0K0bMxwsphiTEXgKGjZqVvptD4iKJvXuqXvJyOIhs0Ia9zU7zBezCeXui5FqL2LXVGa8se3JEAmGZ5bNWFaTfW9oeU_61d3Pn3YPjeXKvJePKsPvd5kxpyFLafne3b7-2nLPHrmxkQ1iRmAfXA2D8NOmWEnEjHbjbWZWEPYlajqetk5LarvD7qCpYeryCD5ZScMkFaXfW5LyMtvbBZjE81KcVaS5in8bcwunIt_nwbcDWN6fv-IC9QbBx6aDm2NzO3jeC9BPpGZ57_QEyOgzbviV-9Uf_2J3dq0VoNfhjq5YMJNj1Nt2pivRs-mNOw7Hwx-5ELcDFshNMcEa7LJuSWNP5ZK_BXvmQsT2EypYxVuY8uaqCne-6XEhcdNTyhxgL0ARFGx7zp_gHeks2Wa9CfKRcMf1xpBmMQCLUcZxW9RxggbZBjPVhpWN_-T9JBw-_XtgFZFsluf0ggrmD84nIctcJAJgo49qRSeugrq9YRn10jIT1loMP9Q5jmnHj2Beul13Oev16yzeB36oig0cfqAM29zhuGT82LnHrdB5xdGuraU3wgF-3Go4qkQKkh43Wu3urAOcEZxTG7gl0P0M7WAMDhdEZD0qakLJ_m3yk-rK70Qvl4ZRtNotslfUlQdV41v4yOUnXJpvI4dfqKLAk5MnIeUhqxzp_N65KTZQw02NODemOaxqMtXEE3jk3NicGTfEBg__bx__s.1688.com%2fselloffer%2foffer_search.htm&x5step=1 關鍵字「」,site_search,,,2026-09-09T04:04:45Z,
AI2_dead,20488473843,隔日到貨🔥 ins爆款 充電器保護套 20W 適用蘋果 線套 咬線器 集線器 iPhone 充電線套 充電套,204277011262,5. 套裝 - 淺黃大愛心,5,url_suspect,https://cf.shopee.tw/file/tw-11134207-7qul6-lghmvju5kni9e5_tn,https://detail.1688.com/offer/691886666407.html,691886666407,,dead,with_candidate,https://detail.1688.com/offer/800368644953.html,800368644953,黄色碎花裙小猫,5620147366334,黄色碎花裙小猫,低,相關檔 800368644953：顏色對上,same_shop,,,2026-09-09T02:35:46Z,
AI2_dead,20488473843,隔日到貨🔥 ins爆款 充電器保護套 20W 適用蘋果 線套 咬線器 集線器 iPhone 充電線套 充電套,204277011266,9. 套裝 - 黑大愛心,5,url_suspect,https://cf.shopee.tw/file/tw-11134207-7qul4-lghmw1ub85j5f0_tn,https://detail.1688.com/offer/691886666407.html,691886666407,,dead,blocked_captcha,,,,,,,blocked_captcha 卡在 https://s.1688.com//selloffer/offer_search.htm/_____tmd_____/punish?x5secdata=xfC7TB66An8jlPhVB5lrVHzO5xNYUIFv7k__P49OuOV3FkEsSBaa0O8n39oH6aULS_hIambjqi1mAYx9nOjPNTdZ1PFKRaDmXZXlZ33ec41FWJIduzDKdiV4k9pkDtFbcwsFSTZ5XmG1z5IiWork0ehHZvfME9iY0FD26jg2Q3AGtmjye0zeP1umUuHfbXa_eiQ_zPnRkRyfNi6RRV0K0bMxwsphiTEXgKGjZqVvptD4iKJvXuqXvJyOIhs0Ia9zU7zBezCeXui5FqL2LXVGa8se3JEAmGZ5bNWFaTfW9oeU_61d3Pn3YPjeXKvJePKsPvd5kxpyFLafne3b7-2nLPHrmxkQ1iRmAfXA2D8NOmWEnEjHbjbWZWEPYlajqetk5LarvD7qCpYeryCD5ZScMkFaXfW5LyMtvbBZjE81KcVaS5in8bcwunIt_nwbcDWN6fv-IC9QbBx6aDm2NzO3jeC9BPpGZ57_QEyOgzbviV-9Uf_2J3dq0VoNfhjq5YMJNj1Nt2pivRs-mNOw7Hwx-5ELcDFshNMcEa7LJuSWNP5ZK_BXvmQsT2EypYxVuY8uaqCne-6XEhcdNTyhxgL0ARFGx7zp_gHeks2Wa9CfKRcMf1xpBmMQCLUcZxW9RxggbZBjPVhpWN_-T9JBw-_XtgFZFsluf0ggrmD84nIctcJAJgo49qRSeugrq9YRn10jIT1loMP9Q5jmnHj2Beul13Oev16yzeB36oig0cfqAM29zhuGT82LnHrdB5xdGuraU3wgF-3Go4qkQKkh43Wu3urAOcEZxTG7gl0P0M7WAMDhdEZD0qakLJ_m3yk-rK70Qvl4ZRtNotslfUlQdV41v4yOUnXJpvI4dfqKLAk5MnIeUhqxzp_N65KTZQw02NODemOaxqMtXEE3jk3NicGTfEBg__bx__s.1688.com%2fselloffer%2foffer_search.htm&x5step=1 關鍵字「」,site_search,,,2026-09-09T04:04:45Z,
AI2_dead,20488473843,隔日到貨🔥 ins爆款 充電器保護套 20W 適用蘋果 線套 咬線器 集線器 iPhone 充電線套 充電套,204277011267,10. 套裝 - 粉大愛心,5,url_suspect,https://cf.shopee.tw/file/tw-11134207-7qul9-lghmw1ub9k3led_tn,https://detail.1688.com/offer/691886666407.html,691886666407,,dead,with_candidate,https://detail.1688.com/offer/709498139595.html,709498139595,裸粉色郁金香,5146025130522,裸粉色郁金香,低,兄弟／原檔 709498139595：顏色對上,same_shop,,,2026-09-09T02:35:46Z,
AI2_dead,20488473843,隔日到貨🔥 ins爆款 充電器保護套 20W 適用蘋果 線套 咬線器 集線器 iPhone 充電線套 充電套,204277011274,6. 套裝 - 草綠大愛心,5,url_suspect,https://cf.shopee.tw/file/tw-11134207-7qul8-lghmvju5m22pa2_tn,https://detail.1688.com/offer/691886666407.html,691886666407,,dead,blocked_captcha,,,,,,,blocked_captcha 卡在 https://s.1688.com//selloffer/offer_search.htm/_____tmd_____/punish?x5secdata=xfC7TB66An8jlPhVB5lrVHzO5xNYUIFv7k__P49OuOV3FkEsSBaa0O8n39oH6aULS_hIambjqi1mAYx9nOjPNTdZ1PFKRaDmXZXlZ33ec41FWJIduzDKdiV4k9pkDtFbcwsFSTZ5XmG1z5IiWork0ehHZvfME9iY0FD26jg2Q3AGtmjye0zeP1umUuHfbXa_eiQ_zPnRkRyfNi6RRV0K0bMxwsphiTEXgKGjZqVvptD4iKJvXuqXvJyOIhs0Ia9zU7zBezCeXui5FqL2LXVGa8se3JEAmGZ5bNWFaTfW9oeU_61d3Pn3YPjeXKvJePKsPvd5kxpyFLafne3b7-2nLPHrmxkQ1iRmAfXA2D8NOmWEnEjHbjbWZWEPYlajqetk5LarvD7qCpYeryCD5ZScMkFaXfW5LyMtvbBZjE81KcVaS5in8bcwunIt_nwbcDWN6fv-IC9QbBx6aDm2NzO3jeC9BPpGZ57_QEyOgzbviV-9Uf_2J3dq0VoNfhjq5YMJNj1Nt2pivRs-mNOw7Hwx-5ELcDFshNMcEa7LJuSWNP5ZK_BXvmQsT2EypYxVuY8uaqCne-6XEhcdNTyhxgL0ARFGx7zp_gHeks2Wa9CfKRcMf1xpBmMQCLUcZxW9RxggbZBjPVhpWN_-T9JBw-_XtgFZFsluf0ggrmD84nIctcJAJgo49qRSeugrq9YRn10jIT1loMP9Q5jmnHj2Beul13Oev16yzeB36oig0cfqAM29zhuGT82LnHrdB5xdGuraU3wgF-3Go4qkQKkh43Wu3urAOcEZxTG7gl0P0M7WAMDhdEZD0qakLJ_m3yk-rK70Qvl4ZRtNotslfUlQdV41v4yOUnXJpvI4dfqKLAk5MnIeUhqxzp_N65KTZQw02NODemOaxqMtXEE3jk3NicGTfEBg__bx__s.1688.com%2fselloffer%2foffer_search.htm&x5step=1 關鍵字「」,site_search,,,2026-09-09T04:04:45Z,
AI2_dead,20488473843,隔日到貨🔥 ins爆款 充電器保護套 20W 適用蘋果 線套 咬線器 集線器 iPhone 充電線套 充電套,235303163997,11. 套裝 - 灰衣海綿寶,5,url_suspect,https://cf.shopee.tw/file/tw-11134207-7qul8-lhud83xui0268d_tn,https://detail.1688.com/offer/702421478513.html,702421478513,,dead,no_candidate,,,,,,,原自動配到「1」僅機型數字撞上、款名完全不對，改標找不到。相關檔 930065514031：機型對上,same_shop,,,2026-09-09T02:54:54Z,
AI2_dead,20488473843,隔日到貨🔥 ins爆款 充電器保護套 20W 適用蘋果 線套 咬線器 集線器 iPhone 充電線套 充電套,235303164000,12. 套裝 - 恐龍閃電,5,url_suspect,https://cf.shopee.tw/file/tw-11134207-7quky-lhud8a6leimm58_tn,https://detail.1688.com/offer/702421478513.html,702421478513,,dead,blocked_captcha,,,,,,,blocked_captcha 卡在 https://s.1688.com//selloffer/offer_search.htm/_____tmd_____/punish?x5secdata=xfC7TB66An8jlPhVB5lrVHzO5xNYUIFv7k__P49OuOV3FkEsSBaa0O8n39oH6aULS_hIambjqi1mAYx9nOjPNTdZ1PFKRaDmXZXlZ33ec41FWJIduzDKdiV4k9pkDtFbcwsFSTZ5XmG1z5IiWork0ehHZvfME9iY0FD26jg2Q3AGtmjye0zeP1umUuHfbXa_eiQ_zPnRkRyfNi6RRV0K0bMxwsphiTEXgKGjZqVvptD4iKJvXuqXvJyOIhs0Ia9zU7zBezCeXui5FqL2LXVGa8se3JEAmGZ5bNWFaTfW9oeU_61d3Pn3YPjeXKvJePKsPvd5kxpyFLafne3b7-2nLPHrmxkQ1iRmAfXA2D8NOmWEnEjHbjbWZWEPYlajqetk5LarvD7qCpYeryCD5ZScMkFaXfW5LyMtvbBZjE81KcVaS5in8bcwunIt_nwbcDWN6fv-IC9QbBx6aDm2NzO3jeC9BPpGZ57_QEyOgzbviV-9Uf_2J3dq0VoNfhjq5YMJNj1Nt2pivRs-mNOw7Hwx-5ELcDFshNMcEa7LJuSWNP5ZK_BXvmQsT2EypYxVuY8uaqCne-6XEhcdNTyhxgL0ARFGx7zp_gHeks2Wa9CfKRcMf1xpBmMQCLUcZxW9RxggbZBjPVhpWN_-T9JBw-_XtgFZFsluf0ggrmD84nIctcJAJgo49qRSeugrq9YRn10jIT1loMP9Q5jmnHj2Beul13Oev16yzeB36oig0cfqAM29zhuGT82LnHrdB5xdGuraU3wgF-3Go4qkQKkh43Wu3urAOcEZxTG7gl0P0M7WAMDhdEZD0qakLJ_m3yk-rK70Qvl4ZRtNotslfUlQdV41v4yOUnXJpvI4dfqKLAk5MnIeUhqxzp_N65KTZQw02NODemOaxqMtXEE3jk3NicGTfEBg__bx__s.1688.com%2fselloffer%2foffer_search.htm&x5step=1 關鍵字「」,site_search,,,2026-09-09T04:04:45Z,
AI2_dead,20488473843,隔日到貨🔥 ins爆款 充電器保護套 20W 適用蘋果 線套 咬線器 集線器 iPhone 充電線套 充電套,69316974495,咬線器 - 粉色香腸嘴 (2個裝),5,url_suspect,https://cf.shopee.tw/file/tw-11134207-7qul2-lhudlambv2j440_tn,https://detail.1688.com/offer/715793566068.html,715793566068,,dead,with_candidate,https://detail.1688.com/offer/709498139595.html,709498139595,裸粉色郁金香,5146025130522,裸粉色郁金香,低,兄弟／原檔 709498139595：顏色對上,same_shop,,,2026-09-09T02:35:46Z,
AI2_dead,20488473843,隔日到貨🔥 ins爆款 充電器保護套 20W 適用蘋果 線套 咬線器 集線器 iPhone 充電線套 充電套,69316974496,咬線器 - 黑邊黃熊 (2個裝),5,url_suspect,https://cf.shopee.tw/file/tw-11134207-7qul4-lhudm1a2ullaed_tn,https://detail.1688.com/offer/716467310974.html,716467310974,,dead,with_candidate,https://detail.1688.com/offer/800368644953.html,800368644953,黄色碎花裙小猫,5620147366334,黄色碎花裙小猫,低,相關檔 800368644953：顏色對上,same_shop,,,2026-09-09T02:35:46Z,
AI2_dead,26902988030,隔日到貨🔥 韓國 ins風 毛絨卡套 證件夾 證件套 識別證 證件 掛繩 卡片夾 名牌夾 名牌套 卡套 悠遊卡卡,168260538657,泰迪熊,5,url_suspect,https://cf.shopee.tw/file/tw-11134207-7r98z-lwkwdmwrtd0w86_tn,https://detail.1688.com/offer/731077655765.html,731077655765,,dead,blocked_captcha,,,,,,,blocked_captcha 卡在 https://s.1688.com//selloffer/offer_search.htm/_____tmd_____/punish?x5secdata=xfC7TB66An8jlPhVB5lrVHzO5xNYUIFv7k__P49OuOV3FkEsSBaa0O8n39oH6aULS_hIambjqi1mAYx9nOjPNTdZ1PFKRaDmXZXlZ33ec41FWJIduzDKdiV4k9pkDtFbcwsFSTZ5XmG1z5IiWork0ehHZvfME9iY0FD26jg2Q3AGtmjye0zeP1umUuHfbXa_eiQ_zPnRkRyfNi6RRV0K0bMxwsphiTEXgKGjZqVvptD4iKJvXuqXvJyOIhs0Ia9zU7zBezCeXui5FqL2LXVGa8se3JEAmGZ5bNWFaTfW9oeU_61d3Pn3YPjeXKvJePKsPvd5kxpyFLafne3b7-2nLPHrmxkQ1iRmAfXA2D8NOmWEnEjHbjbWZWEPYlajqetk5LarvD7qCpYeryCD5ZScMkFaXfW5LyMtvbBZjE81KcVaS5in8bcwunIt_nwbcDWN6fv-IC9QbBx6aDm2NzO3jeC9BPpGZ57_QEyOgzbviV-9Uf_2J3dq0VoNfhjq5YMJNj1Nt2pivRs-mNOw7Hwx-5ELcDFshNMcEa7LJuSWNP5ZK_BXvmQsT2EypYxVuY8uaqCne-6XEhcdNTyhxgL0ARFGx7zp_gHeks2Wa9CfKRcMf1xpBmMQCLUcZxW9RxggbZBjPVhpWN_-T9JBw-_XtgFZFsluf0ggrmD84nIctcJAJgo49qRSeugrq9YRn10jIT1loMP9Q5jmnHj2Beul13Oev16yzeB36oig0cfqAM29zhuGT82LnHrdB5xdGuraU3wgF-3Go4qkQKkh43Wu3urAOcEZxTG7gl0P0M7WAMDhdEZD0qakLJ_m3yk-rK70Qvl4ZRtNotslfUlQdV41v4yOUnXJpvI4dfqKLAk5MnIeUhqxzp_N65KTZQw02NODemOaxqMtXEE3jk3NicGTfEBg__bx__s.1688.com%2fselloffer%2foffer_search.htm&x5step=1 關鍵字「」,site_search,,,2026-09-09T04:04:45Z,
AI2_dead,28768482000,隔日到貨🔥 韓系內褲 女生內褲 純棉內褲 女生無痕內褲 粉嫩純色 舒適內褲 內褲 緊身 女內褲 無痕內褲,59490561955,"韓粉,L",5,url_suspect,https://cf.shopee.tw/file/tw-11134207-7rasc-m2xkc6ugtzm30c_tn,https://detail.1688.com/offer/600411913321.html,600411913321,,dead,blocked_captcha,,,,,,,blocked_captcha 卡在 https://s.1688.com//selloffer/offer_search.htm/_____tmd_____/punish?x5secdata=xfC7TB66An8jlPhVB5lrVHzO5xNYUIFv7k__P49OuOV3FkEsSBaa0O8n39oH6aULS_hIambjqi1mAYx9nOjPNTdZ1PFKRaDmXZXlZ33ec41FWJIduzDKdiV4k9pkDtFbcwsFSTZ5XmG1z5IiWork0ehHZvfME9iY0FD26jg2Q3AGtmjye0zeP1umUuHfbXa_eiQ_zPnRkRyfNi6RRV0K0bMxwsphiTEXgKGjZqVvptD4iKJvXuqXvJyOIhs0Ia9zU7zBezCeXui5FqL2LXVGa8se3JEAmGZ5bNWFaTfW9oeU_61d3Pn3YPjeXKvJePKsPvd5kxpyFLafne3b7-2nLPHrmxkQ1iRmAfXA2D8NOmWEnEjHbjbWZWEPYlajqetk5LarvD7qCpYeryCD5ZScMkFaXfW5LyMtvbBZjE81KcVaS5in8bcwunIt_nwbcDWN6fv-IC9QbBx6aDm2NzO3jeC9BPpGZ57_QEyOgzbviV-9Uf_2J3dq0VoNfhjq5YMJNj1Nt2pivRs-mNOw7Hwx-5ELcDFshNMcEa7LJuSWNP5ZK_BXvmQsT2EypYxVuY8uaqCne-6XEhcdNTyhxgL0ARFGx7zp_gHeks2Wa9CfKRcMf1xpBmMQCLUcZxW9RxggbZBjPVhpWN_-T9JBw-_XtgFZFsluf0ggrmD84nIctcJAJgo49qRSeugrq9YRn10jIT1loMP9Q5jmnHj2Beul13Oev16yzeB36oig0cfqAM29zhuGT82LnHrdB5xdGuraU3wgF-3Go4qkQKkh43Wu3urAOcEZxTG7gl0P0M7WAMDhdEZD0qakLJ_m3yk-rK70Qvl4ZRtNotslfUlQdV41v4yOUnXJpvI4dfqKLAk5MnIeUhqxzp_N65KTZQw02NODemOaxqMtXEE3jk3NicGTfEBg__bx__s.1688.com%2fselloffer%2foffer_search.htm&x5step=1 關鍵字「」,site_search,,,2026-09-09T04:04:45Z,
AI2_dead,28768482000,隔日到貨🔥 韓系內褲 女生內褲 純棉內褲 女生無痕內褲 粉嫩純色 舒適內褲 內褲 緊身 女內褲 無痕內褲,59490561957,"粉色,L",5,url_suspect,https://cf.shopee.tw/file/tw-11134207-7rasl-m2xkc6ugtzl732_tn,https://detail.1688.com/offer/600411913321.html,600411913321,,dead,blocked_captcha,,,,,,,blocked_captcha 卡在 https://s.1688.com//selloffer/offer_search.htm/_____tmd_____/punish?x5secdata=xfC7TB66An8jlPhVB5lrVHzO5xNYUIFv7k__P49OuOV3FkEsSBaa0O8n39oH6aULS_hIambjqi1mAYx9nOjPNTdZ1PFKRaDmXZXlZ33ec41FWJIduzDKdiV4k9pkDtFbcwsFSTZ5XmG1z5IiWork0ehHZvfME9iY0FD26jg2Q3AGtmjye0zeP1umUuHfbXa_eiQ_zPnRkRyfNi6RRV0K0bMxwsphiTEXgKGjZqVvptD4iKJvXuqXvJyOIhs0Ia9zU7zBezCeXui5FqL2LXVGa8se3JEAmGZ5bNWFaTfW9oeU_61d3Pn3YPjeXKvJePKsPvd5kxpyFLafne3b7-2nLPHrmxkQ1iRmAfXA2D8NOmWEnEjHbjbWZWEPYlajqetk5LarvD7qCpYeryCD5ZScMkFaXfW5LyMtvbBZjE81KcVaS5in8bcwunIt_nwbcDWN6fv-IC9QbBx6aDm2NzO3jeC9BPpGZ57_QEyOgzbviV-9Uf_2J3dq0VoNfhjq5YMJNj1Nt2pivRs-mNOw7Hwx-5ELcDFshNMcEa7LJuSWNP5ZK_BXvmQsT2EypYxVuY8uaqCne-6XEhcdNTyhxgL0ARFGx7zp_gHeks2Wa9CfKRcMf1xpBmMQCLUcZxW9RxggbZBjPVhpWN_-T9JBw-_XtgFZFsluf0ggrmD84nIctcJAJgo49qRSeugrq9YRn10jIT1loMP9Q5jmnHj2Beul13Oev16yzeB36oig0cfqAM29zhuGT82LnHrdB5xdGuraU3wgF-3Go4qkQKkh43Wu3urAOcEZxTG7gl0P0M7WAMDhdEZD0qakLJ_m3yk-rK70Qvl4ZRtNotslfUlQdV41v4yOUnXJpvI4dfqKLAk5MnIeUhqxzp_N65KTZQw02NODemOaxqMtXEE3jk3NicGTfEBg__bx__s.1688.com%2fselloffer%2foffer_search.htm&x5step=1 關鍵字「」,site_search,,,2026-09-09T04:04:45Z,
AI2_dead,28768482000,隔日到貨🔥 韓系內褲 女生內褲 純棉內褲 女生無痕內褲 粉嫩純色 舒適內褲 內褲 緊身 女內褲 無痕內褲,59490561959,"淺灰,L",5,url_suspect,https://cf.shopee.tw/file/tw-11134207-7rasl-m2xkc6uh9fuz63_tn,https://detail.1688.com/offer/600411913321.html,600411913321,,dead,blocked_captcha,,,,,,,blocked_captcha 卡在 https://s.1688.com//selloffer/offer_search.htm/_____tmd_____/punish?x5secdata=xfC7TB66An8jlPhVB5lrVHzO5xNYUIFv7k__P49OuOV3FkEsSBaa0O8n39oH6aULS_hIambjqi1mAYx9nOjPNTdZ1PFKRaDmXZXlZ33ec41FWJIduzDKdiV4k9pkDtFbcwsFSTZ5XmG1z5IiWork0ehHZvfME9iY0FD26jg2Q3AGtmjye0zeP1umUuHfbXa_eiQ_zPnRkRyfNi6RRV0K0bMxwsphiTEXgKGjZqVvptD4iKJvXuqXvJyOIhs0Ia9zU7zBezCeXui5FqL2LXVGa8se3JEAmGZ5bNWFaTfW9oeU_61d3Pn3YPjeXKvJePKsPvd5kxpyFLafne3b7-2nLPHrmxkQ1iRmAfXA2D8NOmWEnEjHbjbWZWEPYlajqetk5LarvD7qCpYeryCD5ZScMkFaXfW5LyMtvbBZjE81KcVaS5in8bcwunIt_nwbcDWN6fv-IC9QbBx6aDm2NzO3jeC9BPpGZ57_QEyOgzbviV-9Uf_2J3dq0VoNfhjq5YMJNj1Nt2pivRs-mNOw7Hwx-5ELcDFshNMcEa7LJuSWNP5ZK_BXvmQsT2EypYxVuY8uaqCne-6XEhcdNTyhxgL0ARFGx7zp_gHeks2Wa9CfKRcMf1xpBmMQCLUcZxW9RxggbZBjPVhpWN_-T9JBw-_XtgFZFsluf0ggrmD84nIctcJAJgo49qRSeugrq9YRn10jIT1loMP9Q5jmnHj2Beul13Oev16yzeB36oig0cfqAM29zhuGT82LnHrdB5xdGuraU3wgF-3Go4qkQKkh43Wu3urAOcEZxTG7gl0P0M7WAMDhdEZD0qakLJ_m3yk-rK70Qvl4ZRtNotslfUlQdV41v4yOUnXJpvI4dfqKLAk5MnIeUhqxzp_N65KTZQw02NODemOaxqMtXEE3jk3NicGTfEBg__bx__s.1688.com%2fselloffer%2foffer_search.htm&x5step=1 關鍵字「」,site_search,,,2026-09-09T04:04:45Z,
AI2_dead,28768482000,隔日到貨🔥 韓系內褲 女生內褲 純棉內褲 女生無痕內褲 粉嫩純色 舒適內褲 內褲 緊身 女內褲 無痕內褲,59490561960,"淺灰,XL",5,url_suspect,https://cf.shopee.tw/file/tw-11134207-7rasl-m2xkc6uh9fuz63_tn,https://detail.1688.com/offer/600411913321.html,600411913321,,dead,blocked_captcha,,,,,,,blocked_captcha 卡在 https://s.1688.com//selloffer/offer_search.htm/_____tmd_____/punish?x5secdata=xfC7TB66An8jlPhVB5lrVHzO5xNYUIFv7k__P49OuOV3FkEsSBaa0O8n39oH6aULS_hIambjqi1mAYx9nOjPNTdZ1PFKRaDmXZXlZ33ec41FWJIduzDKdiV4k9pkDtFbcwsFSTZ5XmG1z5IiWork0ehHZvfME9iY0FD26jg2Q3AGtmjye0zeP1umUuHfbXa_eiQ_zPnRkRyfNi6RRV0K0bMxwsphiTEXgKGjZqVvptD4iKJvXuqXvJyOIhs0Ia9zU7zBezCeXui5FqL2LXVGa8se3JEAmGZ5bNWFaTfW9oeU_61d3Pn3YPjeXKvJePKsPvd5kxpyFLafne3b7-2nLPHrmxkQ1iRmAfXA2D8NOmWEnEjHbjbWZWEPYlajqetk5LarvD7qCpYeryCD5ZScMkFaXfW5LyMtvbBZjE81KcVaS5in8bcwunIt_nwbcDWN6fv-IC9QbBx6aDm2NzO3jeC9BPpGZ57_QEyOgzbviV-9Uf_2J3dq0VoNfhjq5YMJNj1Nt2pivRs-mNOw7Hwx-5ELcDFshNMcEa7LJuSWNP5ZK_BXvmQsT2EypYxVuY8uaqCne-6XEhcdNTyhxgL0ARFGx7zp_gHeks2Wa9CfKRcMf1xpBmMQCLUcZxW9RxggbZBjPVhpWN_-T9JBw-_XtgFZFsluf0ggrmD84nIctcJAJgo49qRSeugrq9YRn10jIT1loMP9Q5jmnHj2Beul13Oev16yzeB36oig0cfqAM29zhuGT82LnHrdB5xdGuraU3wgF-3Go4qkQKkh43Wu3urAOcEZxTG7gl0P0M7WAMDhdEZD0qakLJ_m3yk-rK70Qvl4ZRtNotslfUlQdV41v4yOUnXJpvI4dfqKLAk5MnIeUhqxzp_N65KTZQw02NODemOaxqMtXEE3jk3NicGTfEBg__bx__s.1688.com%2fselloffer%2foffer_search.htm&x5step=1 關鍵字「」,site_search,,,2026-09-09T04:04:45Z,
AI2_dead,28768482000,隔日到貨🔥 韓系內褲 女生內褲 純棉內褲 女生無痕內褲 粉嫩純色 舒適內褲 內褲 緊身 女內褲 無痕內褲,59840552473,"灰藍,L",5,url_suspect,https://cf.shopee.tw/file/tw-11134207-7rasg-m2xkc6ugejd730_tn,https://detail.1688.com/offer/600411913321.html,600411913321,,dead,blocked_captcha,,,,,,,blocked_captcha 卡在 https://s.1688.com//selloffer/offer_search.htm/_____tmd_____/punish?x5secdata=xfC7TB66An8jlPhVB5lrVHzO5xNYUIFv7k__P49OuOV3FkEsSBaa0O8n39oH6aULS_hIambjqi1mAYx9nOjPNTdZ1PFKRaDmXZXlZ33ec41FWJIduzDKdiV4k9pkDtFbcwsFSTZ5XmG1z5IiWork0ehHZvfME9iY0FD26jg2Q3AGtmjye0zeP1umUuHfbXa_eiQ_zPnRkRyfNi6RRV0K0bMxwsphiTEXgKGjZqVvptD4iKJvXuqXvJyOIhs0Ia9zU7zBezCeXui5FqL2LXVGa8se3JEAmGZ5bNWFaTfW9oeU_61d3Pn3YPjeXKvJePKsPvd5kxpyFLafne3b7-2nLPHrmxkQ1iRmAfXA2D8NOmWEnEjHbjbWZWEPYlajqetk5LarvD7qCpYeryCD5ZScMkFaXfW5LyMtvbBZjE81KcVaS5in8bcwunIt_nwbcDWN6fv-IC9QbBx6aDm2NzO3jeC9BPpGZ57_QEyOgzbviV-9Uf_2J3dq0VoNfhjq5YMJNj1Nt2pivRs-mNOw7Hwx-5ELcDFshNMcEa7LJuSWNP5ZK_BXvmQsT2EypYxVuY8uaqCne-6XEhcdNTyhxgL0ARFGx7zp_gHeks2Wa9CfKRcMf1xpBmMQCLUcZxW9RxggbZBjPVhpWN_-T9JBw-_XtgFZFsluf0ggrmD84nIctcJAJgo49qRSeugrq9YRn10jIT1loMP9Q5jmnHj2Beul13Oev16yzeB36oig0cfqAM29zhuGT82LnHrdB5xdGuraU3wgF-3Go4qkQKkh43Wu3urAOcEZxTG7gl0P0M7WAMDhdEZD0qakLJ_m3yk-rK70Qvl4ZRtNotslfUlQdV41v4yOUnXJpvI4dfqKLAk5MnIeUhqxzp_N65KTZQw02NODemOaxqMtXEE3jk3NicGTfEBg__bx__s.1688.com%2fselloffer%2foffer_search.htm&x5step=1 關鍵字「」,site_search,,,2026-09-09T04:04:45Z,
AI2_dead,28768482000,隔日到貨🔥 韓系內褲 女生內褲 純棉內褲 女生無痕內褲 粉嫩純色 舒適內褲 內褲 緊身 女內褲 無痕內褲,59840552474,"灰藍,XL",5,url_suspect,https://cf.shopee.tw/file/tw-11134207-7rasg-m2xkc6ugejd730_tn,https://detail.1688.com/offer/600411913321.html,600411913321,,dead,blocked_captcha,,,,,,,blocked_captcha 卡在 https://s.1688.com//selloffer/offer_search.htm/_____tmd_____/punish?x5secdata=xfC7TB66An8jlPhVB5lrVHzO5xNYUIFv7k__P49OuOV3FkEsSBaa0O8n39oH6aULS_hIambjqi1mAYx9nOjPNTdZ1PFKRaDmXZXlZ33ec41FWJIduzDKdiV4k9pkDtFbcwsFSTZ5XmG1z5IiWork0ehHZvfME9iY0FD26jg2Q3AGtmjye0zeP1umUuHfbXa_eiQ_zPnRkRyfNi6RRV0K0bMxwsphiTEXgKGjZqVvptD4iKJvXuqXvJyOIhs0Ia9zU7zBezCeXui5FqL2LXVGa8se3JEAmGZ5bNWFaTfW9oeU_61d3Pn3YPjeXKvJePKsPvd5kxpyFLafne3b7-2nLPHrmxkQ1iRmAfXA2D8NOmWEnEjHbjbWZWEPYlajqetk5LarvD7qCpYeryCD5ZScMkFaXfW5LyMtvbBZjE81KcVaS5in8bcwunIt_nwbcDWN6fv-IC9QbBx6aDm2NzO3jeC9BPpGZ57_QEyOgzbviV-9Uf_2J3dq0VoNfhjq5YMJNj1Nt2pivRs-mNOw7Hwx-5ELcDFshNMcEa7LJuSWNP5ZK_BXvmQsT2EypYxVuY8uaqCne-6XEhcdNTyhxgL0ARFGx7zp_gHeks2Wa9CfKRcMf1xpBmMQCLUcZxW9RxggbZBjPVhpWN_-T9JBw-_XtgFZFsluf0ggrmD84nIctcJAJgo49qRSeugrq9YRn10jIT1loMP9Q5jmnHj2Beul13Oev16yzeB36oig0cfqAM29zhuGT82LnHrdB5xdGuraU3wgF-3Go4qkQKkh43Wu3urAOcEZxTG7gl0P0M7WAMDhdEZD0qakLJ_m3yk-rK70Qvl4ZRtNotslfUlQdV41v4yOUnXJpvI4dfqKLAk5MnIeUhqxzp_N65KTZQw02NODemOaxqMtXEE3jk3NicGTfEBg__bx__s.1688.com%2fselloffer%2foffer_search.htm&x5step=1 關鍵字「」,site_search,,,2026-09-09T04:04:45Z,
AI2_off_shelf,8743346211,隔日到貨🔥 iPhone 手機殼 15 14 13 12 11 pro Max XS XR SE 保護殼 軟殼,112842883240,13,5,url_suspect,https://deo.shopeemobile.com/shopee/shopee-seller-live-sg/mmf_portal_seller_root_dir/static/modules/product-list/image/default-item-model-image.2601159.png,https://detail.1688.com/offer/635124351042.html,635124351042,,off_shelf,blocked_captcha,,,,,,,blocked_captcha 卡在 https://s.1688.com//selloffer/offer_search.htm/_____tmd_____/punish?x5secdata=xfC7TB66An8jlPhVB5lrVHzO5xNYUIFv7k__P49OuOV3FkEsSBaa0O8n39oH6aULS_hIambjqi1mAYx9nOjPNTdZ1PFKRaDmXZXlZ33ec41FWJIduzDKdiV4k9pkDtFbcwsFSTZ5XmG1z5IiWork0ehHZvfME9iY0FD26jg2Q3AGtmjye0zeP1umUuHfbXa_eiQ_zPnRkRyfNi6RRV0K0bMxwsphiTEXgKGjZqVvptD4iKJvXuqXvJyOIhs0Ia9zU7zBezCeXui5FqL2LXVGa8se3JEAmGZ5bNWFaTfW9oeU_61d3Pn3YPjeXKvJePKsPvd5kxpyFLafne3b7-2nLPHrmxkQ1iRmAfXA2D8NOmWEnEjHbjbWZWEPYlajqetk5LarvD7qCpYeryCD5ZScMkFaXfW5LyMtvbBZjE81KcVaS5in8bcwunIt_nwbcDWN6fv-IC9QbBx6aDm2NzO3jeC9BPpGZ57_QEyOgzbviV-9Uf_2J3dq0VoNfhjq5YMJNj1Nt2pivRs-mNOw7Hwx-5ELcDFshNMcEa7LJuSWNP5ZK_BXvmQsT2EypYxVuY8uaqCne-6XEhcdNTyhxgL0ARFGx7zp_gHeks2Wa9CfKRcMf1xpBmMQCLUcZxW9RxggbZBjPVhpWN_-T9JBw-_XtgFZFsluf0ggrmD84nIctcJAJgo49qRSeugrq9YRn10jIT1loMP9Q5jmnHj2Beul13Oev16yzeB36oig0cfqAM29zhuGT82LnHrdB5xdGuraU3wgF-3Go4qkQKkh43Wu3urAOcEZxTG7gl0P0M7WAMDhdEZD0qakLJ_m3yk-rK70Qvl4ZRtNotslfUlQdV41v4yOUnXJpvI4dfqKLAk5MnIeUhqxzp_N65KTZQw02NODemOaxqMtXEE3jk3NicGTfEBg__bx__s.1688.com%2fselloffer%2foffer_search.htm&x5step=1 關鍵字「」,site_search,,,2026-09-09T04:04:45Z,
AI2_off_shelf,8743346211,隔日到貨🔥 iPhone 手機殼 15 14 13 12 11 pro Max XS XR SE 保護殼 軟殼,64914252591,11,5,url_suspect,https://deo.shopeemobile.com/shopee/shopee-seller-live-sg/mmf_portal_seller_root_dir/static/modules/product-list/image/default-item-model-image.2601159.png,https://detail.1688.com/offer/635124351042.html,635124351042,,off_shelf,blocked_captcha,,,,,,,blocked_captcha 卡在 https://s.1688.com//selloffer/offer_search.htm/_____tmd_____/punish?x5secdata=xfC7TB66An8jlPhVB5lrVHzO5xNYUIFv7k__P49OuOV3FkEsSBaa0O8n39oH6aULS_hIambjqi1mAYx9nOjPNTdZ1PFKRaDmXZXlZ33ec41FWJIduzDKdiV4k9pkDtFbcwsFSTZ5XmG1z5IiWork0ehHZvfME9iY0FD26jg2Q3AGtmjye0zeP1umUuHfbXa_eiQ_zPnRkRyfNi6RRV0K0bMxwsphiTEXgKGjZqVvptD4iKJvXuqXvJyOIhs0Ia9zU7zBezCeXui5FqL2LXVGa8se3JEAmGZ5bNWFaTfW9oeU_61d3Pn3YPjeXKvJePKsPvd5kxpyFLafne3b7-2nLPHrmxkQ1iRmAfXA2D8NOmWEnEjHbjbWZWEPYlajqetk5LarvD7qCpYeryCD5ZScMkFaXfW5LyMtvbBZjE81KcVaS5in8bcwunIt_nwbcDWN6fv-IC9QbBx6aDm2NzO3jeC9BPpGZ57_QEyOgzbviV-9Uf_2J3dq0VoNfhjq5YMJNj1Nt2pivRs-mNOw7Hwx-5ELcDFshNMcEa7LJuSWNP5ZK_BXvmQsT2EypYxVuY8uaqCne-6XEhcdNTyhxgL0ARFGx7zp_gHeks2Wa9CfKRcMf1xpBmMQCLUcZxW9RxggbZBjPVhpWN_-T9JBw-_XtgFZFsluf0ggrmD84nIctcJAJgo49qRSeugrq9YRn10jIT1loMP9Q5jmnHj2Beul13Oev16yzeB36oig0cfqAM29zhuGT82LnHrdB5xdGuraU3wgF-3Go4qkQKkh43Wu3urAOcEZxTG7gl0P0M7WAMDhdEZD0qakLJ_m3yk-rK70Qvl4ZRtNotslfUlQdV41v4yOUnXJpvI4dfqKLAk5MnIeUhqxzp_N65KTZQw02NODemOaxqMtXEE3jk3NicGTfEBg__bx__s.1688.com%2fselloffer%2foffer_search.htm&x5step=1 關鍵字「」,site_search,,,2026-09-09T04:04:45Z,
AI2_off_shelf,8743346211,隔日到貨🔥 iPhone 手機殼 15 14 13 12 11 pro Max XS XR SE 保護殼 軟殼,64914252595,7 / 8 / SE2 / SE3,5,url_suspect,https://deo.shopeemobile.com/shopee/shopee-seller-live-sg/mmf_portal_seller_root_dir/static/modules/product-list/image/default-item-model-image.2601159.png,https://detail.1688.com/offer/635124351042.html,635124351042,,off_shelf,blocked_captcha,,,,,,,blocked_captcha 卡在 https://s.1688.com//selloffer/offer_search.htm/_____tmd_____/punish?x5secdata=xfC7TB66An8jlPhVB5lrVHzO5xNYUIFv7k__P49OuOV3FkEsSBaa0O8n39oH6aULS_hIambjqi1mAYx9nOjPNTdZ1PFKRaDmXZXlZ33ec41FWJIduzDKdiV4k9pkDtFbcwsFSTZ5XmG1z5IiWork0ehHZvfME9iY0FD26jg2Q3AGtmjye0zeP1umUuHfbXa_eiQ_zPnRkRyfNi6RRV0K0bMxwsphiTEXgKGjZqVvptD4iKJvXuqXvJyOIhs0Ia9zU7zBezCeXui5FqL2LXVGa8se3JEAmGZ5bNWFaTfW9oeU_61d3Pn3YPjeXKvJePKsPvd5kxpyFLafne3b7-2nLPHrmxkQ1iRmAfXA2D8NOmWEnEjHbjbWZWEPYlajqetk5LarvD7qCpYeryCD5ZScMkFaXfW5LyMtvbBZjE81KcVaS5in8bcwunIt_nwbcDWN6fv-IC9QbBx6aDm2NzO3jeC9BPpGZ57_QEyOgzbviV-9Uf_2J3dq0VoNfhjq5YMJNj1Nt2pivRs-mNOw7Hwx-5ELcDFshNMcEa7LJuSWNP5ZK_BXvmQsT2EypYxVuY8uaqCne-6XEhcdNTyhxgL0ARFGx7zp_gHeks2Wa9CfKRcMf1xpBmMQCLUcZxW9RxggbZBjPVhpWN_-T9JBw-_XtgFZFsluf0ggrmD84nIctcJAJgo49qRSeugrq9YRn10jIT1loMP9Q5jmnHj2Beul13Oev16yzeB36oig0cfqAM29zhuGT82LnHrdB5xdGuraU3wgF-3Go4qkQKkh43Wu3urAOcEZxTG7gl0P0M7WAMDhdEZD0qakLJ_m3yk-rK70Qvl4ZRtNotslfUlQdV41v4yOUnXJpvI4dfqKLAk5MnIeUhqxzp_N65KTZQw02NODemOaxqMtXEE3jk3NicGTfEBg__bx__s.1688.com%2fselloffer%2foffer_search.htm&x5step=1 關鍵字「」,site_search,,,2026-09-09T04:04:45Z,
AI2_off_shelf,8743346211,隔日到貨🔥 iPhone 手機殼 15 14 13 12 11 pro Max XS XR SE 保護殼 軟殼,64914252596,7plus /8plus,5,url_suspect,https://deo.shopeemobile.com/shopee/shopee-seller-live-sg/mmf_portal_seller_root_dir/static/modules/product-list/image/default-item-model-image.2601159.png,https://detail.1688.com/offer/635124351042.html,635124351042,,off_shelf,blocked_captcha,,,,,,,blocked_captcha 卡在 https://s.1688.com//selloffer/offer_search.htm/_____tmd_____/punish?x5secdata=xfC7TB66An8jlPhVB5lrVHzO5xNYUIFv7k__P49OuOV3FkEsSBaa0O8n39oH6aULS_hIambjqi1mAYx9nOjPNTdZ1PFKRaDmXZXlZ33ec41FWJIduzDKdiV4k9pkDtFbcwsFSTZ5XmG1z5IiWork0ehHZvfME9iY0FD26jg2Q3AGtmjye0zeP1umUuHfbXa_eiQ_zPnRkRyfNi6RRV0K0bMxwsphiTEXgKGjZqVvptD4iKJvXuqXvJyOIhs0Ia9zU7zBezCeXui5FqL2LXVGa8se3JEAmGZ5bNWFaTfW9oeU_61d3Pn3YPjeXKvJePKsPvd5kxpyFLafne3b7-2nLPHrmxkQ1iRmAfXA2D8NOmWEnEjHbjbWZWEPYlajqetk5LarvD7qCpYeryCD5ZScMkFaXfW5LyMtvbBZjE81KcVaS5in8bcwunIt_nwbcDWN6fv-IC9QbBx6aDm2NzO3jeC9BPpGZ57_QEyOgzbviV-9Uf_2J3dq0VoNfhjq5YMJNj1Nt2pivRs-mNOw7Hwx-5ELcDFshNMcEa7LJuSWNP5ZK_BXvmQsT2EypYxVuY8uaqCne-6XEhcdNTyhxgL0ARFGx7zp_gHeks2Wa9CfKRcMf1xpBmMQCLUcZxW9RxggbZBjPVhpWN_-T9JBw-_XtgFZFsluf0ggrmD84nIctcJAJgo49qRSeugrq9YRn10jIT1loMP9Q5jmnHj2Beul13Oev16yzeB36oig0cfqAM29zhuGT82LnHrdB5xdGuraU3wgF-3Go4qkQKkh43Wu3urAOcEZxTG7gl0P0M7WAMDhdEZD0qakLJ_m3yk-rK70Qvl4ZRtNotslfUlQdV41v4yOUnXJpvI4dfqKLAk5MnIeUhqxzp_N65KTZQw02NODemOaxqMtXEE3jk3NicGTfEBg__bx__s.1688.com%2fselloffer%2foffer_search.htm&x5step=1 關鍵字「」,site_search,,,2026-09-09T04:04:45Z,
AI2_dead,9150720936,隔日到貨🔥 韓風熱銷款🏆 太空人 吊飾 鑰匙扣 鑰匙圈 汽車鑰匙圈 公仔 掛飾 吊墜 掛鉤 吊環 墜飾,91757189460,8. 粉兔,5,url_suspect,https://cf.shopee.tw/file/668219caf9ac05c07460063ff5a3a49a_tn,https://detail.1688.com/offer/600413297881.html,600413297881,,dead,blocked_captcha,,,,,,,blocked_captcha 卡在 https://s.1688.com//selloffer/offer_search.htm/_____tmd_____/punish?x5secdata=xfC7TB66An8jlPhVB5lrVHzO5xNYUIFv7k__P49OuOV3FkEsSBaa0O8n39oH6aULS_hIambjqi1mAYx9nOjPNTdZ1PFKRaDmXZXlZ33ec41FWJIduzDKdiV4k9pkDtFbcwsFSTZ5XmG1z5IiWork0ehHZvfME9iY0FD26jg2Q3AGtmjye0zeP1umUuHfbXa_eiQ_zPnRkRyfNi6RRV0K0bMxwsphiTEXgKGjZqVvptD4iKJvXuqXvJyOIhs0Ia9zU7zBezCeXui5FqL2LXVGa8se3JEAmGZ5bNWFaTfW9oeU_61d3Pn3YPjeXKvJePKsPvd5kxpyFLafne3b7-2nLPHrmxkQ1iRmAfXA2D8NOmWEnEjHbjbWZWEPYlajqetk5LarvD7qCpYeryCD5ZScMkFaXfW5LyMtvbBZjE81KcVaS5in8bcwunIt_nwbcDWN6fv-IC9QbBx6aDm2NzO3jeC9BPpGZ57_QEyOgzbviV-9Uf_2J3dq0VoNfhjq5YMJNj1Nt2pivRs-mNOw7Hwx-5ELcDFshNMcEa7LJuSWNP5ZK_BXvmQsT2EypYxVuY8uaqCne-6XEhcdNTyhxgL0ARFGx7zp_gHeks2Wa9CfKRcMf1xpBmMQCLUcZxW9RxggbZBjPVhpWN_-T9JBw-_XtgFZFsluf0ggrmD84nIctcJAJgo49qRSeugrq9YRn10jIT1loMP9Q5jmnHj2Beul13Oev16yzeB36oig0cfqAM29zhuGT82LnHrdB5xdGuraU3wgF-3Go4qkQKkh43Wu3urAOcEZxTG7gl0P0M7WAMDhdEZD0qakLJ_m3yk-rK70Qvl4ZRtNotslfUlQdV41v4yOUnXJpvI4dfqKLAk5MnIeUhqxzp_N65KTZQw02NODemOaxqMtXEE3jk3NicGTfEBg__bx__s.1688.com%2fselloffer%2foffer_search.htm&x5step=1 關鍵字「」,site_search,,,2026-09-09T04:04:45Z,
AI2_dead,9150720936,隔日到貨🔥 韓風熱銷款🏆 太空人 吊飾 鑰匙扣 鑰匙圈 汽車鑰匙圈 公仔 掛飾 吊墜 掛鉤 吊環 墜飾,91757189464,6. 恐龍,5,url_suspect,https://cf.shopee.tw/file/bd48265904e9ce31f119d03924a5e30c_tn,https://detail.1688.com/offer/600413297881.html,600413297881,,dead,blocked_captcha,,,,,,,blocked_captcha 卡在 https://s.1688.com//selloffer/offer_search.htm/_____tmd_____/punish?x5secdata=xfC7TB66An8jlPhVB5lrVHzO5xNYUIFv7k__P49OuOV3FkEsSBaa0O8n39oH6aULS_hIambjqi1mAYx9nOjPNTdZ1PFKRaDmXZXlZ33ec41FWJIduzDKdiV4k9pkDtFbcwsFSTZ5XmG1z5IiWork0ehHZvfME9iY0FD26jg2Q3AGtmjye0zeP1umUuHfbXa_eiQ_zPnRkRyfNi6RRV0K0bMxwsphiTEXgKGjZqVvptD4iKJvXuqXvJyOIhs0Ia9zU7zBezCeXui5FqL2LXVGa8se3JEAmGZ5bNWFaTfW9oeU_61d3Pn3YPjeXKvJePKsPvd5kxpyFLafne3b7-2nLPHrmxkQ1iRmAfXA2D8NOmWEnEjHbjbWZWEPYlajqetk5LarvD7qCpYeryCD5ZScMkFaXfW5LyMtvbBZjE81KcVaS5in8bcwunIt_nwbcDWN6fv-IC9QbBx6aDm2NzO3jeC9BPpGZ57_QEyOgzbviV-9Uf_2J3dq0VoNfhjq5YMJNj1Nt2pivRs-mNOw7Hwx-5ELcDFshNMcEa7LJuSWNP5ZK_BXvmQsT2EypYxVuY8uaqCne-6XEhcdNTyhxgL0ARFGx7zp_gHeks2Wa9CfKRcMf1xpBmMQCLUcZxW9RxggbZBjPVhpWN_-T9JBw-_XtgFZFsluf0ggrmD84nIctcJAJgo49qRSeugrq9YRn10jIT1loMP9Q5jmnHj2Beul13Oev16yzeB36oig0cfqAM29zhuGT82LnHrdB5xdGuraU3wgF-3Go4qkQKkh43Wu3urAOcEZxTG7gl0P0M7WAMDhdEZD0qakLJ_m3yk-rK70Qvl4ZRtNotslfUlQdV41v4yOUnXJpvI4dfqKLAk5MnIeUhqxzp_N65KTZQw02NODemOaxqMtXEE3jk3NicGTfEBg__bx__s.1688.com%2fselloffer%2foffer_search.htm&x5step=1 關鍵字「」,site_search,,,2026-09-09T04:04:45Z,
AI2_off_shelf,9228589144,隔日到貨🔥 iPhone 手機殼 15 14 13 12 11 pro Max XS XR SE 保護殼 軟殼,64271483250,"1.米白紅花小熊,11",5,url_suspect,https://cf.shopee.tw/file/1e02f79ae5ca78f0900dca786a4d0d11_tn,https://detail.1688.com/offer/635124351042.html,635124351042,,off_shelf,with_candidate,https://detail.1688.com/offer/670665892651.html,670665892651,电话库洛米,5992112498629,电话库洛米&gt;Airpods4,低,同店 670665892651：顏色對上,same_shop,,,2026-09-09T02:37:22Z,
AI2_dead,9791809096,隔日到貨🔥 ins風 韓版 鏡子 化妝鏡 折疊鏡 隨身鏡 簡約 可愛 女學生必備 小鏡子,112086652086,1.考拉,5,url_suspect,https://cf.shopee.tw/file/8df6228e143917390b3a62ab764c639e_tn,https://detail.1688.com/offer/707606084272.html,707606084272,,dead,blocked_captcha,,,,,,,blocked_captcha 卡在 https://s.1688.com//selloffer/offer_search.htm/_____tmd_____/punish?x5secdata=xfC7TB66An8jlPhVB5lrVHzO5xNYUIFv7k__P49OuOV3FkEsSBaa0O8n39oH6aULS_hIambjqi1mAYx9nOjPNTdZ1PFKRaDmXZXlZ33ec41FWJIduzDKdiV4k9pkDtFbcwsFSTZ5XmG1z5IiWork0ehHZvfME9iY0FD26jg2Q3AGtmjye0zeP1umUuHfbXa_eiQ_zPnRkRyfNi6RRV0K0bMxwsphiTEXgKGjZqVvptD4iKJvXuqXvJyOIhs0Ia9zU7zBezCeXui5FqL2LXVGa8se3JEAmGZ5bNWFaTfW9oeU_61d3Pn3YPjeXKvJePKsPvd5kxpyFLafne3b7-2nLPHrmxkQ1iRmAfXA2D8NOmWEnEjHbjbWZWEPYlajqetk5LarvD7qCpYeryCD5ZScMkFaXfW5LyMtvbBZjE81KcVaS5in8bcwunIt_nwbcDWN6fv-IC9QbBx6aDm2NzO3jeC9BPpGZ57_QEyOgzbviV-9Uf_2J3dq0VoNfhjq5YMJNj1Nt2pivRs-mNOw7Hwx-5ELcDFshNMcEa7LJuSWNP5ZK_BXvmQsT2EypYxVuY8uaqCne-6XEhcdNTyhxgL0ARFGx7zp_gHeks2Wa9CfKRcMf1xpBmMQCLUcZxW9RxggbZBjPVhpWN_-T9JBw-_XtgFZFsluf0ggrmD84nIctcJAJgo49qRSeugrq9YRn10jIT1loMP9Q5jmnHj2Beul13Oev16yzeB36oig0cfqAM29zhuGT82LnHrdB5xdGuraU3wgF-3Go4qkQKkh43Wu3urAOcEZxTG7gl0P0M7WAMDhdEZD0qakLJ_m3yk-rK70Qvl4ZRtNotslfUlQdV41v4yOUnXJpvI4dfqKLAk5MnIeUhqxzp_N65KTZQw02NODemOaxqMtXEE3jk3NicGTfEBg__bx__s.1688.com%2fselloffer%2foffer_search.htm&x5step=1 關鍵字「」,site_search,,,2026-09-09T04:04:45Z,
AI2_dead,9791809096,隔日到貨🔥 ins風 韓版 鏡子 化妝鏡 折疊鏡 隨身鏡 簡約 可愛 女學生必備 小鏡子,112086652088,3.開心狗,5,url_suspect,https://cf.shopee.tw/file/8b1650837e8576fe057d33641de3fca7_tn,https://detail.1688.com/offer/640066215865.html,640066215865,,dead,blocked_captcha,,,,,,,blocked_captcha 卡在 https://s.1688.com//selloffer/offer_search.htm/_____tmd_____/punish?x5secdata=xfC7TB66An8jlPhVB5lrVHzO5xNYUIFv7k__P49OuOV3FkEsSBaa0O8n39oH6aULS_hIambjqi1mAYx9nOjPNTdZ1PFKRaDmXZXlZ33ec41FWJIduzDKdiV4k9pkDtFbcwsFSTZ5XmG1z5IiWork0ehHZvfME9iY0FD26jg2Q3AGtmjye0zeP1umUuHfbXa_eiQ_zPnRkRyfNi6RRV0K0bMxwsphiTEXgKGjZqVvptD4iKJvXuqXvJyOIhs0Ia9zU7zBezCeXui5FqL2LXVGa8se3JEAmGZ5bNWFaTfW9oeU_61d3Pn3YPjeXKvJePKsPvd5kxpyFLafne3b7-2nLPHrmxkQ1iRmAfXA2D8NOmWEnEjHbjbWZWEPYlajqetk5LarvD7qCpYeryCD5ZScMkFaXfW5LyMtvbBZjE81KcVaS5in8bcwunIt_nwbcDWN6fv-IC9QbBx6aDm2NzO3jeC9BPpGZ57_QEyOgzbviV-9Uf_2J3dq0VoNfhjq5YMJNj1Nt2pivRs-mNOw7Hwx-5ELcDFshNMcEa7LJuSWNP5ZK_BXvmQsT2EypYxVuY8uaqCne-6XEhcdNTyhxgL0ARFGx7zp_gHeks2Wa9CfKRcMf1xpBmMQCLUcZxW9RxggbZBjPVhpWN_-T9JBw-_XtgFZFsluf0ggrmD84nIctcJAJgo49qRSeugrq9YRn10jIT1loMP9Q5jmnHj2Beul13Oev16yzeB36oig0cfqAM29zhuGT82LnHrdB5xdGuraU3wgF-3Go4qkQKkh43Wu3urAOcEZxTG7gl0P0M7WAMDhdEZD0qakLJ_m3yk-rK70Qvl4ZRtNotslfUlQdV41v4yOUnXJpvI4dfqKLAk5MnIeUhqxzp_N65KTZQw02NODemOaxqMtXEE3jk3NicGTfEBg__bx__s.1688.com%2fselloffer%2foffer_search.htm&x5step=1 關鍵字「」,site_search,,,2026-09-09T04:04:45Z,
AI2_dead,9791809096,隔日到貨🔥 ins風 韓版 鏡子 化妝鏡 折疊鏡 隨身鏡 簡約 可愛 女學生必備 小鏡子,112086652089,4.奶牛小熊,5,url_suspect,https://cf.shopee.tw/file/7dc7a6d30e3b066596f41e3caaf247d2_tn,https://detail.1688.com/offer/707606084272.html,707606084272,,dead,blocked_captcha,,,,,,,blocked_captcha 卡在 https://s.1688.com//selloffer/offer_search.htm/_____tmd_____/punish?x5secdata=xfC7TB66An8jlPhVB5lrVHzO5xNYUIFv7k__P49OuOV3FkEsSBaa0O8n39oH6aULS_hIambjqi1mAYx9nOjPNTdZ1PFKRaDmXZXlZ33ec41FWJIduzDKdiV4k9pkDtFbcwsFSTZ5XmG1z5IiWork0ehHZvfME9iY0FD26jg2Q3AGtmjye0zeP1umUuHfbXa_eiQ_zPnRkRyfNi6RRV0K0bMxwsphiTEXgKGjZqVvptD4iKJvXuqXvJyOIhs0Ia9zU7zBezCeXui5FqL2LXVGa8se3JEAmGZ5bNWFaTfW9oeU_61d3Pn3YPjeXKvJePKsPvd5kxpyFLafne3b7-2nLPHrmxkQ1iRmAfXA2D8NOmWEnEjHbjbWZWEPYlajqetk5LarvD7qCpYeryCD5ZScMkFaXfW5LyMtvbBZjE81KcVaS5in8bcwunIt_nwbcDWN6fv-IC9QbBx6aDm2NzO3jeC9BPpGZ57_QEyOgzbviV-9Uf_2J3dq0VoNfhjq5YMJNj1Nt2pivRs-mNOw7Hwx-5ELcDFshNMcEa7LJuSWNP5ZK_BXvmQsT2EypYxVuY8uaqCne-6XEhcdNTyhxgL0ARFGx7zp_gHeks2Wa9CfKRcMf1xpBmMQCLUcZxW9RxggbZBjPVhpWN_-T9JBw-_XtgFZFsluf0ggrmD84nIctcJAJgo49qRSeugrq9YRn10jIT1loMP9Q5jmnHj2Beul13Oev16yzeB36oig0cfqAM29zhuGT82LnHrdB5xdGuraU3wgF-3Go4qkQKkh43Wu3urAOcEZxTG7gl0P0M7WAMDhdEZD0qakLJ_m3yk-rK70Qvl4ZRtNotslfUlQdV41v4yOUnXJpvI4dfqKLAk5MnIeUhqxzp_N65KTZQw02NODemOaxqMtXEE3jk3NicGTfEBg__bx__s.1688.com%2fselloffer%2foffer_search.htm&x5step=1 關鍵字「」,site_search,,,2026-09-09T04:04:45Z,
AI2_dead,6448815216,隔日到貨🔥 韓版 ins 🍒 慵懶帆布包 斜背包 B22 學院風 側背包 肩背包 帆布 郵差包 原宿 單肩包 休閒,70758055779,黑色,5,mapping_suspect,https://cf.shopee.tw/file/7979ac57382d12b55619c0bb5a51fb56_tn,https://detail.1688.com/offer/578246788500.html,578246788500,,dead,blocked_captcha,,,,,,,blocked_captcha 卡在 https://s.1688.com//selloffer/offer_search.htm/_____tmd_____/punish?x5secdata=xfC7TB66An8jlPhVB5lrVHzO5xNYUIFv7k__P49OuOV3FkEsSBaa0O8n39oH6aULS_hIambjqi1mAYx9nOjPNTdZ1PFKRaDmXZXlZ33ec41FWJIduzDKdiV4k9pkDtFbcwsFSTZ5XmG1z5IiWork0ehHZvfME9iY0FD26jg2Q3AGtmjye0zeP1umUuHfbXa_eiQ_zPnRkRyfNi6RRV0K0bMxwsphiTEXgKGjZqVvptD4iKJvXuqXvJyOIhs0Ia9zU7zBezCeXui5FqL2LXVGa8se3JEAmGZ5bNWFaTfW9oeU_61d3Pn3YPjeXKvJePKsPvd5kxpyFLafne3b7-2nLPHrmxkQ1iRmAfXA2D8NOmWEnEjHbjbWZWEPYlajqetk5LarvD7qCpYeryCD5ZScMkFaXfW5LyMtvbBZjE81KcVaS5in8bcwunIt_nwbcDWN6fv-IC9QbBx6aDm2NzO3jeC9BPpGZ57_QEyOgzbviV-9Uf_2J3dq0VoNfhjq5YMJNj1Nt2pivRs-mNOw7Hwx-5ELcDFshNMcEa7LJuSWNP5ZK_BXvmQsT2EypYxVuY8uaqCne-6XEhcdNTyhxgL0ARFGx7zp_gHeks2Wa9CfKRcMf1xpBmMQCLUcZxW9RxggbZBjPVhpWN_-T9JBw-_XtgFZFsluf0ggrmD84nIctcJAJgo49qRSeugrq9YRn10jIT1loMP9Q5jmnHj2Beul13Oev16yzeB36oig0cfqAM29zhuGT82LnHrdB5xdGuraU3wgF-3Go4qkQKkh43Wu3urAOcEZxTG7gl0P0M7WAMDhdEZD0qakLJ_m3yk-rK70Qvl4ZRtNotslfUlQdV41v4yOUnXJpvI4dfqKLAk5MnIeUhqxzp_N65KTZQw02NODemOaxqMtXEE3jk3NicGTfEBg__bx__s.1688.com%2fselloffer%2foffer_search.htm&x5step=1 關鍵字「」,site_search,,,2026-09-09T04:04:45Z,
P3_mapping_suspect,23551074058,隔日到貨🔥 韓版簡約原宿後背包 學生背包 大容量 B52 背包 百搭 防潑水 尼龍 手提 雙肩包 背包 書包 潮流 後背,204499705550,白色,400,mapping_suspect,https://cf.shopee.tw/file/tw-11134207-7qul3-lkc7izpvumja96_tn,https://detail.1688.com/offer/695219979754.html,695219979754,,,with_candidate,https://detail.1688.com/offer/695219979754.html,695219979754,白色,5102026642396,白色&gt;含挂件,中,兄弟／原檔 695219979754：顏色對上；型號字面命中,history,,,2026-09-09T02:37:43Z,
P3_mapping_suspect,20465189991,隔日到貨🔥 韓版 ins 刺繡卡通襪 S15 女短襪 可愛動物襪 襪子 薄款棉 中筒襪 韓風 女襪 運動襪,156338784747,淺咖啡,140,mapping_suspect,https://cf.shopee.tw/file/sg-11134201-22110-4dm6p5vd2ckve4_tn,https://detail.1688.com/offer/616320098064.html,616320098064,,,blocked_captcha,,,,,,,blocked_captcha 卡在 https://s.1688.com//selloffer/offer_search.htm/_____tmd_____/punish?x5secdata=xfC7TB66An8jlPhVB5lrVHzO5xNYUIFv7k__P49OuOV3FkEsSBaa0O8n39oH6aULS_hIambjqi1mAYx9nOjPNTdZ1PFKRaDmXZXlZ33ec41FWJIduzDKdiV4k9pkDtFbcwsFSTZ5XmG1z5IiWork0ehHZvfME9iY0FD26jg2Q3AGtmjye0zeP1umUuHfbXa_eiQ_zPnRkRyfNi6RRV0K0bMxwsphiTEXgKGjZqVvptD4iKJvXuqXvJyOIhs0Ia9zU7zBezCeXui5FqL2LXVGa8se3JEAmGZ5bNWFaTfW9oeU_61d3Pn3YPjeXKvJePKsPvd5kxpyFLafne3b7-2nLPHrmxkQ1iRmAfXA2D8NOmWEnEjHbjbWZWEPYlajqetk5LarvD7qCpYeryCD5ZScMkFaXfW5LyMtvbBZjE81KcVaS5in8bcwunIt_nwbcDWN6fv-IC9QbBx6aDm2NzO3jeC9BPpGZ57_QEyOgzbviV-9Uf_2J3dq0VoNfhjq5YMJNj1Nt2pivRs-mNOw7Hwx-5ELcDFshNMcEa7LJuSWNP5ZK_BXvmQsT2EypYxVuY8uaqCne-6XEhcdNTyhxgL0ARFGx7zp_gHeks2Wa9CfKRcMf1xpBmMQCLUcZxW9RxggbZBjPVhpWN_-T9JBw-_XtgFZFsluf0ggrmD84nIctcJAJgo49qRSeugrq9YRn10jIT1loMP9Q5jmnHj2Beul13Oev16yzeB36oig0cfqAM29zhuGT82LnHrdB5xdGuraU3wgF-3Go4qkQKkh43Wu3urAOcEZxTG7gl0P0M7WAMDhdEZD0qakLJ_m3yk-rK70Qvl4ZRtNotslfUlQdV41v4yOUnXJpvI4dfqKLAk5MnIeUhqxzp_N65KTZQw02NODemOaxqMtXEE3jk3NicGTfEBg__bx__s.1688.com%2fselloffer%2foffer_search.htm&x5step=1 關鍵字「」,site_search,,,2026-09-09T04:04:45Z,
P3_mapping_suspect,20465189991,隔日到貨🔥 韓版 ins 刺繡卡通襪 S15 女短襪 可愛動物襪 襪子 薄款棉 中筒襪 韓風 女襪 運動襪,156338784744,黑色,120,mapping_suspect,https://cf.shopee.tw/file/sg-11134201-22110-78qf44z6xckv61_tn,https://detail.1688.com/offer/616320098064.html,616320098064,,,with_candidate,https://detail.1688.com/offer/616320098064.html,616320098064,黑色-猫头鹰,4516100527406,黑色-猫头鹰&gt;34-39码，可以挂,低,兄弟／原檔 616320098064：顏色對上；型號字面命中；品類不太像,history,,,2026-09-09T02:38:03Z,
P3_mapping_suspect,15595545007,隔日到貨🔥 Airpods 耳機清潔筆 耳機清潔 筆電清潔 鍵盤清潔 藍芽耳機清潔 手機配件 3C清潔,137218800599,白色,120,mapping_suspect,https://cf.shopee.tw/file/sg-11134201-22120-akwzbg84ookva2_tn,https://detail.1688.com/offer/680404213070.html,680404213070,,,with_candidate,https://detail.1688.com/offer/680404213070.html,680404213070,3in1-贰代清洁笔/白色-裸装,5681685228463,3in1-贰代清洁笔/白色-裸装,中,兄弟／原檔 680404213070：顏色對上；型號字面命中,history,,,2026-09-09T02:39:27Z,
P3_mapping_suspect,11375952575,隔日到貨🔥 小熊刺繡棉襪 S9 韓風熱銷 女襪 小熊襪 長襪 中筒襪 白長襪 女襪 襪子 襪子女 女生襪子,150555269620,奶油小熊,120,mapping_suspect,https://cf.shopee.tw/file/c1fbb2e60fa62a066074db825ea522a9_tn,https://detail.1688.com/offer/652296605011.html,652296605011,,,blocked_captcha,,,,,,,blocked_captcha 卡在 https://s.1688.com//selloffer/offer_search.htm/_____tmd_____/punish?x5secdata=xfC7TB66An8jlPhVB5lrVHzO5xNYUIFv7k__P49OuOV3FkEsSBaa0O8n39oH6aULS_hIambjqi1mAYx9nOjPNTdZ1PFKRaDmXZXlZ33ec41FWJIduzDKdiV4k9pkDtFbcwsFSTZ5XmG1z5IiWork0ehHZvfME9iY0FD26jg2Q3AGtmjye0zeP1umUuHfbXa_eiQ_zPnRkRyfNi6RRV0K0bMxwsphiTEXgKGjZqVvptD4iKJvXuqXvJyOIhs0Ia9zU7zBezCeXui5FqL2LXVGa8se3JEAmGZ5bNWFaTfW9oeU_61d3Pn3YPjeXKvJePKsPvd5kxpyFLafne3b7-2nLPHrmxkQ1iRmAfXA2D8NOmWEnEjHbjbWZWEPYlajqetk5LarvD7qCpYeryCD5ZScMkFaXfW5LyMtvbBZjE81KcVaS5in8bcwunIt_nwbcDWN6fv-IC9QbBx6aDm2NzO3jeC9BPpGZ57_QEyOgzbviV-9Uf_2J3dq0VoNfhjq5YMJNj1Nt2pivRs-mNOw7Hwx-5ELcDFshNMcEa7LJuSWNP5ZK_BXvmQsT2EypYxVuY8uaqCne-6XEhcdNTyhxgL0ARFGx7zp_gHeks2Wa9CfKRcMf1xpBmMQCLUcZxW9RxggbZBjPVhpWN_-T9JBw-_XtgFZFsluf0ggrmD84nIctcJAJgo49qRSeugrq9YRn10jIT1loMP9Q5jmnHj2Beul13Oev16yzeB36oig0cfqAM29zhuGT82LnHrdB5xdGuraU3wgF-3Go4qkQKkh43Wu3urAOcEZxTG7gl0P0M7WAMDhdEZD0qakLJ_m3yk-rK70Qvl4ZRtNotslfUlQdV41v4yOUnXJpvI4dfqKLAk5MnIeUhqxzp_N65KTZQw02NODemOaxqMtXEE3jk3NicGTfEBg__bx__s.1688.com%2fselloffer%2foffer_search.htm&x5step=1 關鍵字「」,site_search,,,2026-09-09T04:04:45Z,
P3_mapping_suspect,20465189991,隔日到貨🔥 韓版 ins 刺繡卡通襪 S15 女短襪 可愛動物襪 襪子 薄款棉 中筒襪 韓風 女襪 運動襪,156338784745,白色,100,mapping_suspect,https://cf.shopee.tw/file/sg-11134201-22110-ictc8god2ckve9_tn,https://detail.1688.com/offer/616320098064.html,616320098064,,,with_candidate,https://detail.1688.com/offer/616320098064.html,616320098064,白色-猫咪,4516100527407,白色-猫咪&gt;34-39码，可以挂,低,兄弟／原檔 616320098064：顏色對上；型號字面命中；品類不太像,history,,,2026-09-09T02:38:03Z,
P3_mapping_suspect,23551074058,隔日到貨🔥 韓版簡約原宿後背包 學生背包 大容量 B52 背包 百搭 防潑水 尼龍 手提 雙肩包 背包 書包 潮流 後背,206949496877,紫色,90,mapping_suspect,https://cf.shopee.tw/file/tw-11134207-7qukw-lkc7mamlub2u43_tn,https://detail.1688.com/offer/695219979754.html,695219979754,,,with_candidate,https://detail.1688.com/offer/695219979754.html,695219979754,紫色,5102026642404,紫色&gt;含挂件,中,兄弟／原檔 695219979754：顏色對上；型號字面命中,history,,,2026-09-09T02:37:43Z,
P3_mapping_suspect,23625462276,隔日到貨🔥 狗狗刺繡襪 女長襪 長襪 中筒襪 襪子 S30 襪子女 白長襪 女襪 女生襪子 白色襪子 白襪,107951396378,奶油,90,mapping_suspect,https://cf.shopee.tw/file/tw-11134207-23020-52jrahqvgonv57_tn,https://detail.1688.com/offer/680520294912.html,680520294912,,,with_candidate,https://detail.1688.com/offer/705617695947.html,705617695947,3-奶油+黑色x2,5508731788414,3-奶油+黑色x2&gt;均码,中,相關檔 705617695947：顏色對上；型號字面命中,same_shop,,,2026-09-09T02:41:50Z,
P3_mapping_suspect,20465189991,隔日到貨🔥 韓版 ins 刺繡卡通襪 S15 女短襪 可愛動物襪 襪子 薄款棉 中筒襪 韓風 女襪 運動襪,156338784740,淺灰,80,mapping_suspect,https://cf.shopee.tw/file/sg-11134201-22110-nlxed86d2ckv2d_tn,https://detail.1688.com/offer/616320098064.html,616320098064,,,with_candidate,https://detail.1688.com/offer/616320098064.html,616320098064,浅灰色,4516101491339,浅灰色&gt;34-39码，可以挂,低,兄弟／原檔 616320098064：顏色對上；型號字面命中；品類不太像,history,,,2026-09-09T02:38:03Z,
P3_mapping_suspect,28169260786,隔日到貨🔥 點點捲邊襪 S7 襪子 純色棉襪 素色襪 女襪 長襪 純色 點點襪 棉襪 中筒襪 襪子 韓風,233530649343,黑色,70,mapping_suspect,https://cf.shopee.tw/file/tw-11134207-7ras8-m37aihpxro7r8d_tn,https://detail.1688.com/offer/761705923692.html,761705923692,,,with_candidate,https://detail.1688.com/offer/761705923692.html,761705923692,黑色,5421463503463,黑色&gt;均码,中,兄弟／原檔 761705923692：顏色對上；型號字面命中,history,,,2026-09-09T02:42:08Z,
P3_mapping_suspect,4011081861,隔日到貨🔥 小熊棉襪 S1 女襪 小熊襪 長襪 中筒襪 襪子 純色棉襪 襪子女 女生襪子 女長襪 刺繡 熊熊襪,11588286011,10.黑色小熊,70,mapping_suspect,https://cf.shopee.tw/file/sg-11134201-22120-7wea025dfhlv40_tn,https://detail.1688.com/offer/653690518845.html,653690518845,,,with_candidate,https://detail.1688.com/offer/653690518845.html,653690518845,黑色.,4935441191296,黑色.&gt;均码（35-39码,低,兄弟／原檔 653690518845：顏色對上,history,,,2026-09-09T02:42:27Z,
P3_mapping_suspect,23551074058,隔日到貨🔥 韓版簡約原宿後背包 學生背包 大容量 B52 背包 百搭 防潑水 尼龍 手提 雙肩包 背包 書包 潮流 後背,204499705551,淺藍,70,mapping_suspect,https://cf.shopee.tw/file/tw-11134207-7qukx-lkc7izpwa2s669_tn,https://detail.1688.com/offer/695219979754.html,695219979754,,,with_candidate,https://detail.1688.com/offer/695219979754.html,695219979754,浅蓝色,5102026642403,浅蓝色&gt;不含挂件,中,兄弟／原檔 695219979754：顏色對上；型號字面命中,history,,,2026-09-09T02:37:43Z,
P3_mapping_suspect,41207454368,隔日到貨🔥 iPhone 手機殼 16 15 14 13 12 11 pro Max X XR SE 保護殼 軟殼,280633324560,"粉絲帶蝴蝶結,11",60,mapping_suspect,https://cf.shopee.tw/file/tw-11134207-7ra0i-mbtmn86fu7g90d_tn,https://detail.1688.com/offer/839694750110.html,839694750110,,,with_candidate,https://detail.1688.com/offer/839694750110.html,839694750110,镜面奶油壳-三个丝带蝴蝶结,5773583147699,镜面奶油壳-三个丝带蝴蝶结&gt;苹果11,高,兄弟／原檔 839694750110：機型對上；顏色不合；款名「丝带蝴蝶结/蝴蝶/丝带」,history,,,2026-09-09T02:43:33Z,
P3_mapping_suspect,21673708906,隔日到貨🔥 ins 韓系大圓點中筒襪 S35 長襪 泡泡襪 長襪 中筒襪 襪子 韓風 女襪 情侶襪 可愛襪 短襪,156633348315,霧霾藍,60,mapping_suspect,https://cf.shopee.tw/file/tw-11134207-23020-13d1kss1eonv85_tn,https://detail.1688.com/offer/628903489560.html,628903489560,,,blocked_captcha,,,,,,,blocked_captcha 卡在 https://s.1688.com//selloffer/offer_search.htm/_____tmd_____/punish?x5secdata=xfC7TB66An8jlPhVB5lrVHzO5xNYUIFv7k__P49OuOV3FkEsSBaa0O8n39oH6aULS_hIambjqi1mAYx9nOjPNTdZ1PFKRaDmXZXlZ33ec41FWJIduzDKdiV4k9pkDtFbcwsFSTZ5XmG1z5IiWork0ehHZvfME9iY0FD26jg2Q3AGtmjye0zeP1umUuHfbXa_eiQ_zPnRkRyfNi6RRV0K0bMxwsphiTEXgKGjZqVvptD4iKJvXuqXvJyOIhs0Ia9zU7zBezCeXui5FqL2LXVGa8se3JEAmGZ5bNWFaTfW9oeU_61d3Pn3YPjeXKvJePKsPvd5kxpyFLafne3b7-2nLPHrmxkQ1iRmAfXA2D8NOmWEnEjHbjbWZWEPYlajqetk5LarvD7qCpYeryCD5ZScMkFaXfW5LyMtvbBZjE81KcVaS5in8bcwunIt_nwbcDWN6fv-IC9QbBx6aDm2NzO3jeC9BPpGZ57_QEyOgzbviV-9Uf_2J3dq0VoNfhjq5YMJNj1Nt2pivRs-mNOw7Hwx-5ELcDFshNMcEa7LJuSWNP5ZK_BXvmQsT2EypYxVuY8uaqCne-6XEhcdNTyhxgL0ARFGx7zp_gHeks2Wa9CfKRcMf1xpBmMQCLUcZxW9RxggbZBjPVhpWN_-T9JBw-_XtgFZFsluf0ggrmD84nIctcJAJgo49qRSeugrq9YRn10jIT1loMP9Q5jmnHj2Beul13Oev16yzeB36oig0cfqAM29zhuGT82LnHrdB5xdGuraU3wgF-3Go4qkQKkh43Wu3urAOcEZxTG7gl0P0M7WAMDhdEZD0qakLJ_m3yk-rK70Qvl4ZRtNotslfUlQdV41v4yOUnXJpvI4dfqKLAk5MnIeUhqxzp_N65KTZQw02NODemOaxqMtXEE3jk3NicGTfEBg__bx__s.1688.com%2fselloffer%2foffer_search.htm&x5step=1 關鍵字「」,site_search,,,2026-09-09T04:04:45Z,
P3_mapping_suspect,4011081861,隔日到貨🔥 小熊棉襪 S1 女襪 小熊襪 長襪 中筒襪 襪子 純色棉襪 襪子女 女生襪子 女長襪 刺繡 熊熊襪,11588286002,1.深灰小熊(已停售),60,mapping_suspect,https://cf.shopee.tw/file/sg-11134201-22120-13bg7c4cfhlvd5_tn,https://detail.1688.com/offer/653690518845.html,653690518845,,,with_candidate,https://detail.1688.com/offer/899872156647.html,899872156647,【5双装】白色+粉色+浅蓝+浅黄+麻灰,6074510581746,【5双装】白色+粉色+浅蓝+浅黄+麻灰&gt;均码,低,相關檔 899872156647：顏色對上,same_shop,,,2026-09-09T02:43:06Z,
P3_mapping_suspect,20565196685,隔日到貨🔥 點子紗襪 S21 純色棉襪 素色襪 女襪 長襪 純色 棉襪 中筒襪 襪子 韓風 女生襪子 襪子,220361590449,奶油霜白,50,mapping_suspect,https://cf.shopee.tw/file/sg-11134201-22110-pfydf8su1ckvc8_tn,https://detail.1688.com/offer/668568782168.html,668568782168,,,blocked_captcha,,,,,,,blocked_captcha 卡在 https://s.1688.com//selloffer/offer_search.htm/_____tmd_____/punish?x5secdata=xfC7TB66An8jlPhVB5lrVHzO5xNYUIFv7k__P49OuOV3FkEsSBaa0O8n39oH6aULS_hIambjqi1mAYx9nOjPNTdZ1PFKRaDmXZXlZ33ec41FWJIduzDKdiV4k9pkDtFbcwsFSTZ5XmG1z5IiWork0ehHZvfME9iY0FD26jg2Q3AGtmjye0zeP1umUuHfbXa_eiQ_zPnRkRyfNi6RRV0K0bMxwsphiTEXgKGjZqVvptD4iKJvXuqXvJyOIhs0Ia9zU7zBezCeXui5FqL2LXVGa8se3JEAmGZ5bNWFaTfW9oeU_61d3Pn3YPjeXKvJePKsPvd5kxpyFLafne3b7-2nLPHrmxkQ1iRmAfXA2D8NOmWEnEjHbjbWZWEPYlajqetk5LarvD7qCpYeryCD5ZScMkFaXfW5LyMtvbBZjE81KcVaS5in8bcwunIt_nwbcDWN6fv-IC9QbBx6aDm2NzO3jeC9BPpGZ57_QEyOgzbviV-9Uf_2J3dq0VoNfhjq5YMJNj1Nt2pivRs-mNOw7Hwx-5ELcDFshNMcEa7LJuSWNP5ZK_BXvmQsT2EypYxVuY8uaqCne-6XEhcdNTyhxgL0ARFGx7zp_gHeks2Wa9CfKRcMf1xpBmMQCLUcZxW9RxggbZBjPVhpWN_-T9JBw-_XtgFZFsluf0ggrmD84nIctcJAJgo49qRSeugrq9YRn10jIT1loMP9Q5jmnHj2Beul13Oev16yzeB36oig0cfqAM29zhuGT82LnHrdB5xdGuraU3wgF-3Go4qkQKkh43Wu3urAOcEZxTG7gl0P0M7WAMDhdEZD0qakLJ_m3yk-rK70Qvl4ZRtNotslfUlQdV41v4yOUnXJpvI4dfqKLAk5MnIeUhqxzp_N65KTZQw02NODemOaxqMtXEE3jk3NicGTfEBg__bx__s.1688.com%2fselloffer%2foffer_search.htm&x5step=1 關鍵字「」,site_search,,,2026-09-09T04:04:45Z,
P3_mapping_suspect,27750389092,隔日到貨🔥 牽手襪 中筒襪 棉長襪 長襪 中筒襪 襪子 白色襪子 女襪 長襪 情侶襪 襪子女 白長襪,255856434594,大眼白色,50,mapping_suspect,https://cf.shopee.tw/file/tw-11134207-7r98r-lvoj9z92ethz46_tn,https://detail.1688.com/offer/736189419151.html,736189419151,,,with_candidate,https://detail.1688.com/offer/736189419151.html,736189419151,刺绣眼睛白色,5551393201454,刺绣眼睛白色&gt;牵手袜【跨境专用OPP包装】,低,兄弟／原檔 736189419151：顏色對上,history,,,2026-09-09T02:45:16Z,
P3_mapping_suspect,4011081861,隔日到貨🔥 小熊棉襪 S1 女襪 小熊襪 長襪 中筒襪 襪子 純色棉襪 襪子女 女生襪子 女長襪 刺繡 熊熊襪,11588286004,3.淺灰小熊,50,mapping_suspect,https://cf.shopee.tw/file/sg-11134201-22120-rqxhajbdfhlveb_tn,https://detail.1688.com/offer/653690518845.html,653690518845,,,with_candidate,https://detail.1688.com/offer/653690518845.html,653690518845,浅灰.,4935441191297,浅灰.&gt;均码（35-39码,低,兄弟／原檔 653690518845：顏色對上,history,,,2026-09-09T02:42:27Z,
P3_mapping_suspect,27750389092,隔日到貨🔥 牽手襪 中筒襪 棉長襪 長襪 中筒襪 襪子 白色襪子 女襪 長襪 情侶襪 襪子女 白長襪,255856434595,大眼黑色,40,mapping_suspect,https://cf.shopee.tw/file/tw-11134207-7r98w-lvoj9z92g82f60_tn,https://detail.1688.com/offer/736189419151.html,736189419151,,,with_candidate,https://detail.1688.com/offer/736189419151.html,736189419151,刺绣眼睛黑色,5551251465628,刺绣眼睛黑色&gt;【牵手袜裸袜】均码（36-43码）,低,兄弟／原檔 736189419151：顏色對上,history,,,2026-09-09T02:45:16Z,
P3_mapping_suspect,22825472251,隔日到貨🔥 水果襪 女襪 S33 長襪 棉襪 白長襪 中筒襪 襪子 白色襪子 女生襪子 女長襪 襪子女,213884095380,藏藍荷包蛋🥚,40,mapping_suspect,https://cf.shopee.tw/file/tw-11134207-23020-mq559e1sionv06_tn,https://detail.1688.com/offer/605661622159.html,605661622159,,,blocked_captcha,,,,,,,blocked_captcha 卡在 https://s.1688.com//selloffer/offer_search.htm/_____tmd_____/punish?x5secdata=xfC7TB66An8jlPhVB5lrVHzO5xNYUIFv7k__P49OuOV3FkEsSBaa0O8n39oH6aULS_hIambjqi1mAYx9nOjPNTdZ1PFKRaDmXZXlZ33ec41FWJIduzDKdiV4k9pkDtFbcwsFSTZ5XmG1z5IiWork0ehHZvfME9iY0FD26jg2Q3AGtmjye0zeP1umUuHfbXa_eiQ_zPnRkRyfNi6RRV0K0bMxwsphiTEXgKGjZqVvptD4iKJvXuqXvJyOIhs0Ia9zU7zBezCeXui5FqL2LXVGa8se3JEAmGZ5bNWFaTfW9oeU_61d3Pn3YPjeXKvJePKsPvd5kxpyFLafne3b7-2nLPHrmxkQ1iRmAfXA2D8NOmWEnEjHbjbWZWEPYlajqetk5LarvD7qCpYeryCD5ZScMkFaXfW5LyMtvbBZjE81KcVaS5in8bcwunIt_nwbcDWN6fv-IC9QbBx6aDm2NzO3jeC9BPpGZ57_QEyOgzbviV-9Uf_2J3dq0VoNfhjq5YMJNj1Nt2pivRs-mNOw7Hwx-5ELcDFshNMcEa7LJuSWNP5ZK_BXvmQsT2EypYxVuY8uaqCne-6XEhcdNTyhxgL0ARFGx7zp_gHeks2Wa9CfKRcMf1xpBmMQCLUcZxW9RxggbZBjPVhpWN_-T9JBw-_XtgFZFsluf0ggrmD84nIctcJAJgo49qRSeugrq9YRn10jIT1loMP9Q5jmnHj2Beul13Oev16yzeB36oig0cfqAM29zhuGT82LnHrdB5xdGuraU3wgF-3Go4qkQKkh43Wu3urAOcEZxTG7gl0P0M7WAMDhdEZD0qakLJ_m3yk-rK70Qvl4ZRtNotslfUlQdV41v4yOUnXJpvI4dfqKLAk5MnIeUhqxzp_N65KTZQw02NODemOaxqMtXEE3jk3NicGTfEBg__bx__s.1688.com%2fselloffer%2foffer_search.htm&x5step=1 關鍵字「」,site_search,,,2026-09-09T04:04:45Z,
P3_mapping_suspect,26757534364,隔日到貨🔥 純色棉襪 花邊襪 S3 女襪 長襪 棉襪 白長襪 中筒襪 襪子 女生襪子 女長襪 襪子女 捲邊襪,233087223854,奶黃,40,mapping_suspect,https://cf.shopee.tw/file/tw-11134207-7r98x-lyrkl1w5qr6mb7_tn,https://detail.1688.com/offer/724231896832.html,724231896832,,,with_candidate,https://detail.1688.com/offer/724231896832.html,724231896832,黄色一双,5205952231205,黄色一双&gt;均码,低,兄弟／原檔 724231896832：顏色對上,history,,,2026-09-09T02:47:03Z,
P3_mapping_suspect,25259235570,隔日到貨🔥 iPhone 手機殼 17 16 15 14 pro 13 12 11 XS XR 保護殼 軟殼 蘋果 小狗,225996975633,"堆堆小狗(單殼),12/12pro",40,mapping_suspect,https://cf.shopee.tw/file/tw-11134207-7r98z-lqnkl14o5og24d_tn,https://detail.1688.com/offer/744336340660.html,744336340660,,,with_candidate,https://detail.1688.com/offer/744336340660.html,744336340660,磁吸 白边 堆堆小狗【光油】+陶瓷狗挂绳,5440634706069,磁吸 白边 堆堆小狗【光油】+陶瓷狗挂绳&gt;12/12pro,中,兄弟／原檔 744336340660：機型對上；款名「堆堆小狗/小狗/堆堆」；品類不太像,history,,,2026-09-09T02:47:28Z,
P3_mapping_suspect,20465189991,隔日到貨🔥 韓版 ins 刺繡卡通襪 S15 女短襪 可愛動物襪 襪子 薄款棉 中筒襪 韓風 女襪 運動襪,156338784749,皮粉,30,mapping_suspect,https://cf.shopee.tw/file/sg-11134201-22110-rgs79a3d2ckvb5_tn,https://detail.1688.com/offer/616320098064.html,616320098064,,,with_candidate,https://detail.1688.com/offer/616320098064.html,616320098064,皮粉-小羊,4516101491344,皮粉-小羊&gt;34-39码，可以挂,低,兄弟／原檔 616320098064：顏色對上；型號字面命中；品類不太像,history,,,2026-09-09T02:38:03Z,
P3_mapping_suspect,20465189991,隔日到貨🔥 韓版 ins 刺繡卡通襪 S15 女短襪 可愛動物襪 襪子 薄款棉 中筒襪 韓風 女襪 運動襪,156338784748,淺綠,30,mapping_suspect,https://cf.shopee.tw/file/sg-11134201-22110-an0qx5yd2ckvea_tn,https://detail.1688.com/offer/616320098064.html,616320098064,,,with_candidate,https://detail.1688.com/offer/616320098064.html,616320098064,浅绿色,4516101491341,浅绿色&gt;34-39码，可以挂,低,兄弟／原檔 616320098064：顏色對上；型號字面命中；品類不太像,history,,,2026-09-09T02:38:03Z,
P3_mapping_suspect,20465189991,隔日到貨🔥 韓版 ins 刺繡卡通襪 S15 女短襪 可愛動物襪 襪子 薄款棉 中筒襪 韓風 女襪 運動襪,156338784743,薑黃,30,mapping_suspect,https://cf.shopee.tw/file/sg-11134201-22110-crcgmgve2ckvee_tn,https://detail.1688.com/offer/616320098064.html,616320098064,,,with_candidate,https://detail.1688.com/offer/616320098064.html,616320098064,姜黄-兔子,4516101491338,姜黄-兔子&gt;34-39码，可以挂,低,兄弟／原檔 616320098064：顏色對上；型號字面命中；品類不太像,history,,,2026-09-09T02:38:03Z,
P3_mapping_suspect,22825472251,隔日到貨🔥 水果襪 女襪 S33 長襪 棉襪 白長襪 中筒襪 襪子 白色襪子 女生襪子 女長襪 襪子女,213884095381,黑色爪印🐾,30,mapping_suspect,https://cf.shopee.tw/file/tw-11134207-23020-m36l196sionvfb_tn,https://detail.1688.com/offer/605661622159.html,605661622159,,,with_candidate,https://detail.1688.com/offer/1051872539926.html,1051872539926,牛油果黑色【中筒】,6256848594407,牛油果黑色【中筒】&gt;包装,低,相關檔 1051872539926：顏色對上,same_shop,,,2026-09-09T02:45:52Z,
P3_mapping_suspect,21869109391,隔日到貨🔥 刺繡棉襪 女襪 S16 長襪 棉襪 白長襪 中筒襪 襪子 白色襪子 女生襪子 女長襪 襪子女 小熊襪,405613043534,鬱金香,30,mapping_suspect,https://cf.shopee.tw/file/tw-11134207-820l4-mlhhg5n2gfep07_tn,https://detail.1688.com/offer/643208627289.html,643208627289,,,with_candidate,https://detail.1688.com/offer/643208627289.html,643208627289,拍这个是郁金香,5056192855137,拍这个是郁金香&gt;均码,中,兄弟／原檔 643208627289：款名「郁金香」；型號字面命中,history,,,2026-09-09T02:47:52Z,
P3_mapping_suspect,19960782914,隔日到貨🔥 iPhone 軍規 防摔殼 手機殼 17 16 15 14 13 12 11 XS XR SE 保護殼 蘋果,156212462950,"抹茶綠軍規,12/12 pro",30,mapping_suspect,https://cf.shopee.tw/file/sg-11134201-22110-o1vai35xjnjvf1_tn,https://detail.1688.com/offer/661385649783.html,661385649783,,,with_candidate,https://detail.1688.com/offer/661385649783.html,661385649783,湖绿色,5520375305863,湖绿色&gt;iPhone12ProMax,高,兄弟／原檔 661385649783：機型對上；顏色對上,history,,,2026-09-09T02:48:18Z,
P3_mapping_suspect,21673708906,隔日到貨🔥 ins 韓系大圓點中筒襪 S35 長襪 泡泡襪 長襪 中筒襪 襪子 韓風 女襪 情侶襪 可愛襪 短襪,156633348316,焦糖色,30,mapping_suspect,https://cf.shopee.tw/file/tw-11134207-23020-5p7w5lv1eonv9b_tn,https://detail.1688.com/offer/628903489560.html,628903489560,,,blocked_captcha,,,,,,,blocked_captcha 卡在 https://s.1688.com//selloffer/offer_search.htm/_____tmd_____/punish?x5secdata=xfC7TB66An8jlPhVB5lrVHzO5xNYUIFv7k__P49OuOV3FkEsSBaa0O8n39oH6aULS_hIambjqi1mAYx9nOjPNTdZ1PFKRaDmXZXlZ33ec41FWJIduzDKdiV4k9pkDtFbcwsFSTZ5XmG1z5IiWork0ehHZvfME9iY0FD26jg2Q3AGtmjye0zeP1umUuHfbXa_eiQ_zPnRkRyfNi6RRV0K0bMxwsphiTEXgKGjZqVvptD4iKJvXuqXvJyOIhs0Ia9zU7zBezCeXui5FqL2LXVGa8se3JEAmGZ5bNWFaTfW9oeU_61d3Pn3YPjeXKvJePKsPvd5kxpyFLafne3b7-2nLPHrmxkQ1iRmAfXA2D8NOmWEnEjHbjbWZWEPYlajqetk5LarvD7qCpYeryCD5ZScMkFaXfW5LyMtvbBZjE81KcVaS5in8bcwunIt_nwbcDWN6fv-IC9QbBx6aDm2NzO3jeC9BPpGZ57_QEyOgzbviV-9Uf_2J3dq0VoNfhjq5YMJNj1Nt2pivRs-mNOw7Hwx-5ELcDFshNMcEa7LJuSWNP5ZK_BXvmQsT2EypYxVuY8uaqCne-6XEhcdNTyhxgL0ARFGx7zp_gHeks2Wa9CfKRcMf1xpBmMQCLUcZxW9RxggbZBjPVhpWN_-T9JBw-_XtgFZFsluf0ggrmD84nIctcJAJgo49qRSeugrq9YRn10jIT1loMP9Q5jmnHj2Beul13Oev16yzeB36oig0cfqAM29zhuGT82LnHrdB5xdGuraU3wgF-3Go4qkQKkh43Wu3urAOcEZxTG7gl0P0M7WAMDhdEZD0qakLJ_m3yk-rK70Qvl4ZRtNotslfUlQdV41v4yOUnXJpvI4dfqKLAk5MnIeUhqxzp_N65KTZQw02NODemOaxqMtXEE3jk3NicGTfEBg__bx__s.1688.com%2fselloffer%2foffer_search.htm&x5step=1 關鍵字「」,site_search,,,2026-09-09T04:04:45Z,
P3_mapping_suspect,9159438193,隔日到貨🔥 ins風 手機氣囊 多功能指環扣 伸縮折疊 立體氣囊 手機架 適合各手機 氣囊 黏貼式 懶人氣囊,92291528084,E08,30,mapping_suspect,https://cf.shopee.tw/file/0aef0cbb88a9745fda274fbca2ae1a33_tn,https://detail.1688.com/offer/617227382511.html,617227382511,4521892238236,,with_candidate,https://detail.1688.com/offer/674486272035.html,674486272035,无脸男E08,5047138666997,无脸男E08,低,兄弟／原檔 674486272035：型號字面命中,same_shop,,,2026-09-09T02:48:53Z,
P3_mapping_suspect,18525148018,隔日到貨🔥 iPhone 手機殼 16 15 14 16e 13 12 11 XR SE X pro 保護殼 軟殼 蘋果,155214245434,"狗狗頭像,11",30,mapping_suspect,https://cf.shopee.tw/file/ec09037315176fe8d178ba0a750244c0_tn,https://detail.1688.com/offer/676479541661.html,676479541661,,,blocked_captcha,,,,,,,blocked_captcha 卡在 https://s.1688.com//selloffer/offer_search.htm/_____tmd_____/punish?x5secdata=xfC7TB66An8jlPhVB5lrVHzO5xNYUIFv7k__P49OuOV3FkEsSBaa0O8n39oH6aULS_hIambjqi1mAYx9nOjPNTdZ1PFKRaDmXZXlZ33ec41FWJIduzDKdiV4k9pkDtFbcwsFSTZ5XmG1z5IiWork0ehHZvfME9iY0FD26jg2Q3AGtmjye0zeP1umUuHfbXa_eiQ_zPnRkRyfNi6RRV0K0bMxwsphiTEXgKGjZqVvptD4iKJvXuqXvJyOIhs0Ia9zU7zBezCeXui5FqL2LXVGa8se3JEAmGZ5bNWFaTfW9oeU_61d3Pn3YPjeXKvJePKsPvd5kxpyFLafne3b7-2nLPHrmxkQ1iRmAfXA2D8NOmWEnEjHbjbWZWEPYlajqetk5LarvD7qCpYeryCD5ZScMkFaXfW5LyMtvbBZjE81KcVaS5in8bcwunIt_nwbcDWN6fv-IC9QbBx6aDm2NzO3jeC9BPpGZ57_QEyOgzbviV-9Uf_2J3dq0VoNfhjq5YMJNj1Nt2pivRs-mNOw7Hwx-5ELcDFshNMcEa7LJuSWNP5ZK_BXvmQsT2EypYxVuY8uaqCne-6XEhcdNTyhxgL0ARFGx7zp_gHeks2Wa9CfKRcMf1xpBmMQCLUcZxW9RxggbZBjPVhpWN_-T9JBw-_XtgFZFsluf0ggrmD84nIctcJAJgo49qRSeugrq9YRn10jIT1loMP9Q5jmnHj2Beul13Oev16yzeB36oig0cfqAM29zhuGT82LnHrdB5xdGuraU3wgF-3Go4qkQKkh43Wu3urAOcEZxTG7gl0P0M7WAMDhdEZD0qakLJ_m3yk-rK70Qvl4ZRtNotslfUlQdV41v4yOUnXJpvI4dfqKLAk5MnIeUhqxzp_N65KTZQw02NODemOaxqMtXEE3jk3NicGTfEBg__bx__s.1688.com%2fselloffer%2foffer_search.htm&x5step=1 關鍵字「」,site_search,,,2026-09-09T04:04:45Z,
P3_mapping_suspect,24242091907,隔日到貨🔥 iPhone 手機殼 17 16 15 14 pro 13 12 11 XS XR X 保護殼 軟殼 蘋果,188264743039,"鏡面愛心,7 Plus/8 Plus",30,mapping_suspect,https://cf.shopee.tw/file/tw-11134207-7rbkb-m6uos0mc4q6w76_tn,https://detail.1688.com/offer/838528968671.html,838528968671,,alive,with_candidate,https://detail.1688.com/offer/838528968671.html,838528968671,镜面奶油壳-透明-LUCKY彩色爱心,5686794965062,镜面奶油壳-透明-LUCKY彩色爱心&gt;苹果 8 Plus,高,兄弟／原檔 838528968671：機型對上；款名「plus/爱心/镜面」,history,,,2026-09-09T02:49:03Z,
P3_mapping_suspect,25209231609,隔日到貨🔥 iPhone 手機殼 17 16 15 14 pro 13 12 11 XR SE X 保護殼 軟殼 蘋果,187868744259,"怪獸大派對,16 pro",30,mapping_suspect,https://cf.shopee.tw/file/tw-11134207-7r992-lqnla45spwpk61_tn,https://detail.1688.com/offer/749300142184.html,749300142184,,,with_candidate,https://detail.1688.com/offer/749300142184.html,749300142184,米白 怪兽大派对,5757212474806,米白 怪兽大派对&gt;16pro,高,兄弟／原檔 749300142184：機型對上；款名「怪兽大派对/大派/怪兽」；型號字面命中；品類不太像,history,,,2026-09-09T02:49:28Z,
P3_mapping_suspect,4011081861,隔日到貨🔥 小熊棉襪 S1 女襪 小熊襪 長襪 中筒襪 襪子 純色棉襪 襪子女 女生襪子 女長襪 刺繡 熊熊襪,11588286010,9.藍色小熊,30,mapping_suspect,https://cf.shopee.tw/file/sg-11134201-22120-uu3d6v1dfhlv32_tn,https://detail.1688.com/offer/653690518845.html,653690518845,,,with_candidate,https://detail.1688.com/offer/653690518845.html,653690518845,牛仔蓝,4935441191300,牛仔蓝&gt;均码（35-39码,低,兄弟／原檔 653690518845：顏色對上,history,,,2026-09-09T02:42:27Z,
P3_mapping_suspect,22501643420,隔日到貨🔥 iPhone 手機殼 17 16 15 14 13 12 11 pro Max X XR SE 保護殼 軟殼,230075709675,"草莓藍花,11",30,mapping_suspect,https://cf.shopee.tw/file/sg-11134201-22100-19wlj8tptyivfa_tn,https://detail.1688.com/offer/671822163773.html,671822163773,,,with_candidate,https://detail.1688.com/offer/671822163773.html,671822163773,透白 蓝油彩花,4882352136284,透白 蓝油彩花&gt;11pro 5.8,中,兄弟／原檔 671822163773：機型對上；顏色對上；品類不太像,history,,,2026-09-09T02:49:53Z,
P3_mapping_suspect,21673708906,隔日到貨🔥 ins 韓系大圓點中筒襪 S35 長襪 泡泡襪 長襪 中筒襪 襪子 韓風 女襪 情侶襪 可愛襪 短襪,156633348314,高級灰,30,mapping_suspect,https://cf.shopee.tw/file/tw-11134207-23020-o2ctdip1eonv7c_tn,https://detail.1688.com/offer/628903489560.html,628903489560,,,blocked_captcha,,,,,,,blocked_captcha 卡在 https://s.1688.com//selloffer/offer_search.htm/_____tmd_____/punish?x5secdata=xfC7TB66An8jlPhVB5lrVHzO5xNYUIFv7k__P49OuOV3FkEsSBaa0O8n39oH6aULS_hIambjqi1mAYx9nOjPNTdZ1PFKRaDmXZXlZ33ec41FWJIduzDKdiV4k9pkDtFbcwsFSTZ5XmG1z5IiWork0ehHZvfME9iY0FD26jg2Q3AGtmjye0zeP1umUuHfbXa_eiQ_zPnRkRyfNi6RRV0K0bMxwsphiTEXgKGjZqVvptD4iKJvXuqXvJyOIhs0Ia9zU7zBezCeXui5FqL2LXVGa8se3JEAmGZ5bNWFaTfW9oeU_61d3Pn3YPjeXKvJePKsPvd5kxpyFLafne3b7-2nLPHrmxkQ1iRmAfXA2D8NOmWEnEjHbjbWZWEPYlajqetk5LarvD7qCpYeryCD5ZScMkFaXfW5LyMtvbBZjE81KcVaS5in8bcwunIt_nwbcDWN6fv-IC9QbBx6aDm2NzO3jeC9BPpGZ57_QEyOgzbviV-9Uf_2J3dq0VoNfhjq5YMJNj1Nt2pivRs-mNOw7Hwx-5ELcDFshNMcEa7LJuSWNP5ZK_BXvmQsT2EypYxVuY8uaqCne-6XEhcdNTyhxgL0ARFGx7zp_gHeks2Wa9CfKRcMf1xpBmMQCLUcZxW9RxggbZBjPVhpWN_-T9JBw-_XtgFZFsluf0ggrmD84nIctcJAJgo49qRSeugrq9YRn10jIT1loMP9Q5jmnHj2Beul13Oev16yzeB36oig0cfqAM29zhuGT82LnHrdB5xdGuraU3wgF-3Go4qkQKkh43Wu3urAOcEZxTG7gl0P0M7WAMDhdEZD0qakLJ_m3yk-rK70Qvl4ZRtNotslfUlQdV41v4yOUnXJpvI4dfqKLAk5MnIeUhqxzp_N65KTZQw02NODemOaxqMtXEE3jk3NicGTfEBg__bx__s.1688.com%2fselloffer%2foffer_search.htm&x5step=1 關鍵字「」,site_search,,,2026-09-09T04:04:45Z,
P3_mapping_suspect,20565196685,隔日到貨🔥 點子紗襪 S21 純色棉襪 素色襪 女襪 長襪 純色 棉襪 中筒襪 襪子 韓風 女生襪子 襪子,220361590451,砂灰色,20,mapping_suspect,https://cf.shopee.tw/file/sg-11134201-22110-7yef244u1ckv6a_tn,https://detail.1688.com/offer/668568782168.html,668568782168,,,blocked_captcha,,,,,,,blocked_captcha 卡在 https://s.1688.com//selloffer/offer_search.htm/_____tmd_____/punish?x5secdata=xfC7TB66An8jlPhVB5lrVHzO5xNYUIFv7k__P49OuOV3FkEsSBaa0O8n39oH6aULS_hIambjqi1mAYx9nOjPNTdZ1PFKRaDmXZXlZ33ec41FWJIduzDKdiV4k9pkDtFbcwsFSTZ5XmG1z5IiWork0ehHZvfME9iY0FD26jg2Q3AGtmjye0zeP1umUuHfbXa_eiQ_zPnRkRyfNi6RRV0K0bMxwsphiTEXgKGjZqVvptD4iKJvXuqXvJyOIhs0Ia9zU7zBezCeXui5FqL2LXVGa8se3JEAmGZ5bNWFaTfW9oeU_61d3Pn3YPjeXKvJePKsPvd5kxpyFLafne3b7-2nLPHrmxkQ1iRmAfXA2D8NOmWEnEjHbjbWZWEPYlajqetk5LarvD7qCpYeryCD5ZScMkFaXfW5LyMtvbBZjE81KcVaS5in8bcwunIt_nwbcDWN6fv-IC9QbBx6aDm2NzO3jeC9BPpGZ57_QEyOgzbviV-9Uf_2J3dq0VoNfhjq5YMJNj1Nt2pivRs-mNOw7Hwx-5ELcDFshNMcEa7LJuSWNP5ZK_BXvmQsT2EypYxVuY8uaqCne-6XEhcdNTyhxgL0ARFGx7zp_gHeks2Wa9CfKRcMf1xpBmMQCLUcZxW9RxggbZBjPVhpWN_-T9JBw-_XtgFZFsluf0ggrmD84nIctcJAJgo49qRSeugrq9YRn10jIT1loMP9Q5jmnHj2Beul13Oev16yzeB36oig0cfqAM29zhuGT82LnHrdB5xdGuraU3wgF-3Go4qkQKkh43Wu3urAOcEZxTG7gl0P0M7WAMDhdEZD0qakLJ_m3yk-rK70Qvl4ZRtNotslfUlQdV41v4yOUnXJpvI4dfqKLAk5MnIeUhqxzp_N65KTZQw02NODemOaxqMtXEE3jk3NicGTfEBg__bx__s.1688.com%2fselloffer%2foffer_search.htm&x5step=1 關鍵字「」,site_search,,,2026-09-09T04:04:45Z,
P3_mapping_suspect,4011081861,隔日到貨🔥 小熊棉襪 S1 女襪 小熊襪 長襪 中筒襪 襪子 純色棉襪 襪子女 女生襪子 女長襪 刺繡 熊熊襪,11588286009,8.紅色小熊,20,mapping_suspect,https://cf.shopee.tw/file/sg-11134201-22120-b24s0hwdfhlv97_tn,https://detail.1688.com/offer/653690518845.html,653690518845,,,with_candidate,https://detail.1688.com/offer/653690518845.html,653690518845,砖红,4935441191299,砖红&gt;均码（35-39码,低,兄弟／原檔 653690518845：顏色對上,history,,,2026-09-09T02:42:27Z,
P3_mapping_suspect,21070740292,隔日到貨🔥 棋盤格長襪 S14 長襪 棉襪 中筒襪 襪子 白長襪 襪子女 女生襪子 女襪 情侶襪 女長襪,183690984111,藍格,20,mapping_suspect,https://cf.shopee.tw/file/sg-11134201-23010-3vbunz4pj1lve8_tn,https://detail.1688.com/offer/668788660432.html,668788660432,,,with_candidate,https://detail.1688.com/offer/668788660432.html,668788660432,蓝格,5710802874190,蓝格&gt;散装,低,兄弟／原檔 668788660432：顏色對上；型號字面命中；品類不太像,history,,,2026-09-09T02:50:13Z,
P3_mapping_suspect,18396514233,隔日到貨🔥 iPhone 立體珍珠 手機殼 17 16 15 14 13 12 11 pro 保護殼 鏡面殼 蘋果,245742439196,"鏡面珍珠結,13/14",20,mapping_suspect,https://cf.shopee.tw/file/tw-11134207-7r98p-luqc17tpmi8bfc_tn,https://detail.1688.com/offer/755744051484.html,755744051484,,,with_candidate,https://detail.1688.com/offer/755744051484.html,755744051484,电镀镜面 立体珍珠结,5208872040169,电镀镜面 立体珍珠结&gt;13promax,中,兄弟／原檔 755744051484：機型對上；款名「镜面/珍珠」；品類不太像,history,,,2026-09-09T02:50:36Z,
P3_mapping_suspect,19960782914,隔日到貨🔥 iPhone 軍規 防摔殼 手機殼 17 16 15 14 13 12 11 XS XR SE 保護殼 蘋果,157234980249,"粉色軍規,14Plus/15Plus",20,mapping_suspect,https://cf.shopee.tw/file/sg-11134201-22110-8a9x1ia1jnjv22_tn,https://detail.1688.com/offer/661385649783.html,661385649783,,,with_candidate,https://detail.1688.com/offer/661385649783.html,661385649783,粉色,5520375305818,粉色&gt;iPhone15Plus/14Plus通用,高,兄弟／原檔 661385649783：機型對上；顏色對上；款名「plus/pl/us」,history,,,2026-09-09T02:48:18Z,
P3_mapping_suspect,19960782914,隔日到貨🔥 iPhone 軍規 防摔殼 手機殼 17 16 15 14 13 12 11 XS XR SE 保護殼 蘋果,225676862459,"抹茶綠軍規,15",20,mapping_suspect,https://cf.shopee.tw/file/sg-11134201-22110-o1vai35xjnjvf1_tn,https://detail.1688.com/offer/661385649783.html,661385649783,,,with_candidate,https://detail.1688.com/offer/661385649783.html,661385649783,抹茶绿,5053068421083,抹茶绿&gt;iPhone15ProMax,高,兄弟／原檔 661385649783：機型對上；顏色對上；款名「抹茶」,history,,,2026-09-09T02:48:18Z,
P3_mapping_suspect,20373719873,隔日到貨🔥 韓版寬邊奶茶色系髮箍 髮飾 髮箍 頭飾 飾品 配件,59258811614,米白色,20,mapping_suspect,https://cf.shopee.tw/file/tw-11134207-23020-mm24ymvpkonvf6_tn,https://detail.1688.com/offer/678718587226.html,678718587226,,,with_candidate,https://detail.1688.com/offer/678718587226.html,678718587226,米白色,5042629355335,米白色,中,兄弟／原檔 678718587226：顏色對上；型號字面命中,history,,,2026-09-09T02:51:00Z,
P3_mapping_suspect,26757534364,隔日到貨🔥 純色棉襪 花邊襪 S3 女襪 長襪 棉襪 白長襪 中筒襪 襪子 女生襪子 女長襪 襪子女 捲邊襪,233087223853,淺綠,20,mapping_suspect,https://cf.shopee.tw/file/tw-11134207-7r98t-lyrkl1w4gefy52_tn,https://detail.1688.com/offer/724231896832.html,724231896832,,,with_candidate,https://detail.1688.com/offer/724231896832.html,724231896832,绿色一双,5205952231204,绿色一双&gt;均码,低,兄弟／原檔 724231896832：顏色對上,history,,,2026-09-09T02:47:03Z,
P3_mapping_suspect,19960782914,隔日到貨🔥 iPhone 軍規 防摔殼 手機殼 17 16 15 14 13 12 11 XS XR SE 保護殼 蘋果,225676862457,"黑色軍規,15",20,mapping_suspect,https://cf.shopee.tw/file/sg-11134201-22110-u0qudeq35ljv56_tn,https://detail.1688.com/offer/661385649783.html,661385649783,,,with_candidate,https://detail.1688.com/offer/661385649783.html,661385649783,透明色,5520375305833,透明色&gt;iPhone15Plus/14Plus通用,中,兄弟／原檔 661385649783：機型對上,history,,,2026-09-09T02:48:18Z,
P3_mapping_suspect,20525145965,隔日到貨🔥 iPhone 手機殼 17 16 15 14 13 12 11 pro Max X XR SE 保護殼 軟殼,173733287305,"綠頭套鴨,11",20,mapping_suspect,https://cf.shopee.tw/file/9424a6920b64628993d5b16caf8f9732_tn,https://detail.1688.com/offer/673516107834.html,673516107834,,,with_candidate,https://detail.1688.com/offer/673516107834.html,673516107834,奶白 绿头套鸭,5020071107759,奶白 绿头套鸭&gt;11pro max 6.5,高,兄弟／原檔 673516107834：機型對上；顏色對上；款名「头套鸭」；型號字面命中；品類不太像,history,,,2026-09-09T02:51:12Z,
P3_mapping_suspect,24092279273,隔日到貨🔥 iPhone 手機殼 17 16 15 14 pro 13 12 11 保護殼 軟殼 蘋果,233891894799,"銀色-小粉結滿屏,12/12 Pro",20,mapping_suspect,https://cf.shopee.tw/file/tw-11134207-7rbk8-m6zhpg2kb51b16_tn,https://detail.1688.com/offer/786835666191.html,786835666191,,,with_candidate,https://detail.1688.com/offer/786835666191.html,786835666191,银色 小粉结满屏【光油】,5373758361850,银色 小粉结满屏【光油】&gt;12pro max(6.7),高,兄弟／原檔 786835666191：機型對上；顏色對上；款名「结满屏/银色」；品類不太像,history,,,2026-09-09T02:51:31Z,
P3_mapping_suspect,24092279273,隔日到貨🔥 iPhone 手機殼 17 16 15 14 pro 13 12 11 保護殼 軟殼 蘋果,233891894802,"銀色-小粉結滿屏,13 / 14",20,mapping_suspect,https://cf.shopee.tw/file/tw-11134207-7rbk8-m6zhpg2kb51b16_tn,https://detail.1688.com/offer/786835666191.html,786835666191,,,with_candidate,https://detail.1688.com/offer/786835666191.html,786835666191,银色 小粉结满屏【光油】,5373758361844,银色 小粉结满屏【光油】&gt;14promax,高,兄弟／原檔 786835666191：機型對上；顏色對上；款名「结满屏/银色」；品類不太像,history,,,2026-09-09T02:51:31Z,
P3_mapping_suspect,24242091907,隔日到貨🔥 iPhone 手機殼 17 16 15 14 pro 13 12 11 XS XR X 保護殼 軟殼 蘋果,188264743032,"鏡面愛心,15 Pro",20,mapping_suspect,https://cf.shopee.tw/file/tw-11134207-7rbkb-m6uos0mc4q6w76_tn,https://detail.1688.com/offer/838528968671.html,838528968671,,alive,with_candidate,https://detail.1688.com/offer/838528968671.html,838528968671,镜面奶油壳-透明-涂鸦爱心,5773533371050,镜面奶油壳-透明-涂鸦爱心&gt;苹果 15 Plus,高,兄弟／原檔 838528968671：機型對上；款名「镜面/爱心」,history,,,2026-09-09T02:49:03Z,
P3_mapping_suspect,25217649200,隔日到貨🔥 iPhone 手機殼 16 15 14 13 12 11 pro 保護殼 軟殼 蘋果,240440656205,"奶白禮帽小狗(單殼),12",20,mapping_suspect,https://cf.shopee.tw/file/tw-11134207-7r98t-lsmohps4uj82da_tn,https://detail.1688.com/offer/761502287019.html,761502287019,,,no_candidate,,,,,,,原自動配到「可口可乐」僅機型數字撞上、款名完全不對，改標找不到。同店 676437553164：機型對上,same_shop,,,2026-09-09T02:54:54Z,
P3_mapping_suspect,25259235570,隔日到貨🔥 iPhone 手機殼 17 16 15 14 pro 13 12 11 XS XR 保護殼 軟殼 蘋果 小狗,225996975642,"堆堆小狗(單殼),15",20,mapping_suspect,https://cf.shopee.tw/file/tw-11134207-7r98z-lqnkl14o5og24d_tn,https://detail.1688.com/offer/744336340660.html,744336340660,,,with_candidate,https://detail.1688.com/offer/744336340660.html,744336340660,磁吸 白边 堆堆小狗【光油】+陶瓷狗挂绳,5440634706062,磁吸 白边 堆堆小狗【光油】+陶瓷狗挂绳&gt;15,中,兄弟／原檔 744336340660：機型對上；款名「堆堆小狗/小狗/堆堆」；品類不太像,history,,,2026-09-09T02:47:28Z,
P3_mapping_suspect,25717655009,隔日到貨🔥 iPhone 手機殼 17 16 15 14 pro 13 12 11 XS XR X 保護殼 硬殼 素色殼,207357888387,"黑邊,11",20,mapping_suspect,https://cf.shopee.tw/file/tw-11134207-7r98y-lsmoznuleleace_tn,https://detail.1688.com/offer/738755883311.html,738755883311,,,with_candidate,https://detail.1688.com/offer/738755883311.html,738755883311,黑边,5266462646733,黑边&gt;11pro max 6.5,高,兄弟／原檔 738755883311：機型對上；顏色對上；型號字面命中；品類不太像,history,,,2026-09-09T02:51:57Z,
P3_mapping_suspect,27750389092,隔日到貨🔥 牽手襪 中筒襪 棉長襪 長襪 中筒襪 襪子 白色襪子 女襪 長襪 情侶襪 襪子女 白長襪,255856434596,白色,20,mapping_suspect,https://cf.shopee.tw/file/tw-11134207-7r98p-lvojadbftsk2c2_tn,https://detail.1688.com/offer/736189419151.html,736189419151,,,with_candidate,https://detail.1688.com/offer/736189419151.html,736189419151,刺绣眼睛白色,5551393201454,刺绣眼睛白色&gt;牵手袜【跨境专用OPP包装】,中,兄弟／原檔 736189419151：顏色對上；型號字面命中,history,,,2026-09-09T02:45:16Z,
P3_mapping_suspect,41207454368,隔日到貨🔥 iPhone 手機殼 16 15 14 13 12 11 pro Max X XR SE 保護殼 軟殼,275633329326,"粉絲帶蝴蝶結,13 pro",20,mapping_suspect,https://cf.shopee.tw/file/tw-11134207-7ra0i-mbtmn86fu7g90d_tn,https://detail.1688.com/offer/839694750110.html,839694750110,,,with_candidate,https://detail.1688.com/offer/839694750110.html,839694750110,镜面奶油壳-三个丝带蝴蝶结,5773583147682,镜面奶油壳-三个丝带蝴蝶结&gt;苹果13MINI,高,兄弟／原檔 839694750110：機型對上；顏色不合；款名「丝带蝴蝶结/蝴蝶/丝带」,history,,,2026-09-09T02:43:33Z,
P3_mapping_suspect,22501643420,隔日到貨🔥 iPhone 手機殼 17 16 15 14 13 12 11 pro Max X XR SE 保護殼 軟殼,230075709671,"草莓藍花,XR",20,mapping_suspect,https://cf.shopee.tw/file/sg-11134201-22100-19wlj8tptyivfa_tn,https://detail.1688.com/offer/671822163773.html,671822163773,,,with_candidate,https://detail.1688.com/offer/676437553164.html,676437553164,蓝帽鸭【单帽】,5035782575368,蓝帽鸭【单帽】&gt;AirpodsPro,低,同店 676437553164：顏色對上,same_shop,,,2026-09-09T02:49:53Z,
P3_mapping_suspect,25259235570,隔日到貨🔥 iPhone 手機殼 17 16 15 14 pro 13 12 11 XS XR 保護殼 軟殼 蘋果 小狗,225996975638,"堆堆小狗(單殼),14",20,mapping_suspect,https://cf.shopee.tw/file/tw-11134207-7r98z-lqnkl14o5og24d_tn,https://detail.1688.com/offer/744336340660.html,744336340660,,,with_candidate,https://detail.1688.com/offer/744336340660.html,744336340660,磁吸 白边 堆堆小狗【光油】+陶瓷狗挂绳,5440634706064,磁吸 白边 堆堆小狗【光油】+陶瓷狗挂绳&gt;14,中,兄弟／原檔 744336340660：機型對上；款名「堆堆小狗/小狗/堆堆」；品類不太像,history,,,2026-09-09T02:47:28Z,
P3_mapping_suspect,41207454368,隔日到貨🔥 iPhone 手機殼 16 15 14 13 12 11 pro Max X XR SE 保護殼 軟殼,280633324555,"粉絲帶蝴蝶結,7/8/SE2/SE3",20,mapping_suspect,https://cf.shopee.tw/file/tw-11134207-7ra0i-mbtmn86fu7g90d_tn,https://detail.1688.com/offer/839694750110.html,839694750110,,,with_candidate,https://detail.1688.com/offer/839694750110.html,839694750110,镜面奶油壳-三个丝带蝴蝶结,5773583147712,镜面奶油壳-三个丝带蝴蝶结&gt;苹果7,高,兄弟／原檔 839694750110：機型對上；顏色不合；款名「丝带蝴蝶结/蝴蝶/丝带」,history,,,2026-09-09T02:43:33Z,
P3_mapping_suspect,18396514233,隔日到貨🔥 iPhone 立體珍珠 手機殼 17 16 15 14 13 12 11 pro 保護殼 鏡面殼 蘋果,245742439192,"鏡面珍珠結,11",20,mapping_suspect,https://cf.shopee.tw/file/tw-11134207-7r98p-luqc17tpmi8bfc_tn,https://detail.1688.com/offer/755744051484.html,755744051484,,,with_candidate,https://detail.1688.com/offer/755744051484.html,755744051484,电镀镜面 立体珍珠结,5208872040174,电镀镜面 立体珍珠结&gt;11pro max 6.5,中,兄弟／原檔 755744051484：機型對上；款名「镜面/珍珠」；品類不太像,history,,,2026-09-09T02:50:36Z,
P3_mapping_suspect,18525148018,隔日到貨🔥 iPhone 手機殼 16 15 14 16e 13 12 11 XR SE X pro 保護殼 軟殼 蘋果,155214245430,"狗狗頭像,13",20,mapping_suspect,https://cf.shopee.tw/file/ec09037315176fe8d178ba0a750244c0_tn,https://detail.1688.com/offer/676479541661.html,676479541661,,,blocked_captcha,,,,,,,blocked_captcha 卡在 https://s.1688.com//selloffer/offer_search.htm/_____tmd_____/punish?x5secdata=xfC7TB66An8jlPhVB5lrVHzO5xNYUIFv7k__P49OuOV3FkEsSBaa0O8n39oH6aULS_hIambjqi1mAYx9nOjPNTdZ1PFKRaDmXZXlZ33ec41FWJIduzDKdiV4k9pkDtFbcwsFSTZ5XmG1z5IiWork0ehHZvfME9iY0FD26jg2Q3AGtmjye0zeP1umUuHfbXa_eiQ_zPnRkRyfNi6RRV0K0bMxwsphiTEXgKGjZqVvptD4iKJvXuqXvJyOIhs0Ia9zU7zBezCeXui5FqL2LXVGa8se3JEAmGZ5bNWFaTfW9oeU_61d3Pn3YPjeXKvJePKsPvd5kxpyFLafne3b7-2nLPHrmxkQ1iRmAfXA2D8NOmWEnEjHbjbWZWEPYlajqetk5LarvD7qCpYeryCD5ZScMkFaXfW5LyMtvbBZjE81KcVaS5in8bcwunIt_nwbcDWN6fv-IC9QbBx6aDm2NzO3jeC9BPpGZ57_QEyOgzbviV-9Uf_2J3dq0VoNfhjq5YMJNj1Nt2pivRs-mNOw7Hwx-5ELcDFshNMcEa7LJuSWNP5ZK_BXvmQsT2EypYxVuY8uaqCne-6XEhcdNTyhxgL0ARFGx7zp_gHeks2Wa9CfKRcMf1xpBmMQCLUcZxW9RxggbZBjPVhpWN_-T9JBw-_XtgFZFsluf0ggrmD84nIctcJAJgo49qRSeugrq9YRn10jIT1loMP9Q5jmnHj2Beul13Oev16yzeB36oig0cfqAM29zhuGT82LnHrdB5xdGuraU3wgF-3Go4qkQKkh43Wu3urAOcEZxTG7gl0P0M7WAMDhdEZD0qakLJ_m3yk-rK70Qvl4ZRtNotslfUlQdV41v4yOUnXJpvI4dfqKLAk5MnIeUhqxzp_N65KTZQw02NODemOaxqMtXEE3jk3NicGTfEBg__bx__s.1688.com%2fselloffer%2foffer_search.htm&x5step=1 關鍵字「」,site_search,,,2026-09-09T04:04:45Z,
P3_mapping_suspect,25209231609,隔日到貨🔥 iPhone 手機殼 17 16 15 14 pro 13 12 11 XR SE X 保護殼 軟殼 蘋果,370088793892,"怪獸大派對,17",20,mapping_suspect,https://cf.shopee.tw/file/tw-11134207-7r992-lqnla45spwpk61_tn,https://detail.1688.com/offer/749300142184.html,749300142184,,,with_candidate,https://detail.1688.com/offer/749300142184.html,749300142184,米白 怪兽大派对,6106310451268,米白 怪兽大派对&gt;17Air,高,兄弟／原檔 749300142184：機型對上；款名「怪兽大派对/大派/怪兽」；型號字面命中；品類不太像,history,,,2026-09-09T02:49:28Z,
